# B7b-1 route manifest (spec 2026-10-07 section 2). Frozen before any grammar change; encoding in tools/b7_audit/manifest.py.
# admitted = the route the fix must flip; excluded/deferred = must not change unless re-recorded here on purpose.
# Check: python -m tools.b7_audit manifest --check   (exit 1 on any problem; today every admitted cell is a problem).
cell_id	family	route_host	placement	disposition	reason	owner	cardinality	frozen_vector	expected_verdict
occ:array_type:3.0.0@type_specification#adjacent-compl	array-dimensions	type_specification	adjacent-compl	admitted		B7b-1	empty-semantic-rejected	X=0:A;X=1:A	CONSISTENT
occ:array_type:3.0.0@type_specification#adjacent-compl+comments	array-dimensions	type_specification	adjacent-compl+comments	admitted		B7b-1	empty-semantic-rejected	X=0:A;X=1:A	CONSISTENT
occ:array_type:3.0.0@type_specification#adjacent-compl+not	array-dimensions	type_specification	adjacent-compl+not	admitted		B7b-1	empty-semantic-rejected	X=0:A;X=1:A	CONSISTENT
occ:array_type:3.0.0@type_specification#adjacent-indep	array-dimensions	type_specification	adjacent-indep	admitted		B7b-1	empty-semantic-rejected	X=0,Y=0:A;X=0,Y=1:A;X=1,Y=0:A;X=1,Y=1:A	CONSISTENT
occ:array_type:3.0.0@type_specification#adjacent-indep+comments	array-dimensions	type_specification	adjacent-indep+comments	admitted		B7b-1	empty-semantic-rejected	X=0,Y=0:A;X=0,Y=1:A;X=1,Y=0:A;X=1,Y=1:A	CONSISTENT
occ:array_type:3.0.0@type_specification#adjacent-indep+not	array-dimensions	type_specification	adjacent-indep+not	admitted		B7b-1	empty-semantic-rejected	X=0,Y=0:A;X=0,Y=1:A;X=1,Y=0:A;X=1,Y=1:A	CONSISTENT
occ:array_type:3.0.0@type_specification#both-in-arm	array-dimensions	type_specification	both-in-arm	admitted		B7b-1	empty-semantic-rejected	X=0:A;X=1:A	CONSISTENT
occ:array_type:3.0.0@type_specification#both-in-arm+comments	array-dimensions	type_specification	both-in-arm+comments	admitted		B7b-1	empty-semantic-rejected	X=0:A;X=1:A	CONSISTENT
occ:array_type:3.0.0@type_specification#both-in-arm+not	array-dimensions	type_specification	both-in-arm+not	admitted		B7b-1	empty-semantic-rejected	X=0:A;X=1:A	CONSISTENT
occ:array_type:3.0.0@type_specification#count-differs	array-dimensions	type_specification	count-differs	admitted		B7b-1	empty-semantic-rejected	X=0:A;X=1:A	CONSISTENT
occ:array_type:3.0.0@type_specification#count-differs+comments	array-dimensions	type_specification	count-differs+comments	admitted		B7b-1	empty-semantic-rejected	X=0:A;X=1:A	CONSISTENT
occ:array_type:3.0.0@type_specification#count-differs+not	array-dimensions	type_specification	count-differs+not	admitted		B7b-1	empty-semantic-rejected	X=0:A;X=1:A	CONSISTENT
occ:array_type:3.0.0@type_specification#elif	array-dimensions	type_specification	elif	admitted		B7b-1	empty-semantic-rejected	X=0,Y=0:A;X=0,Y=1:A;X=1,Y=0:A;X=1,Y=1:A	CONSISTENT
occ:array_type:3.0.0@type_specification#elif+comments	array-dimensions	type_specification	elif+comments	admitted		B7b-1	empty-semantic-rejected	X=0,Y=0:A;X=0,Y=1:A;X=1,Y=0:A;X=1,Y=1:A	CONSISTENT
occ:array_type:3.0.0@type_specification#elif+not	array-dimensions	type_specification	elif+not	admitted		B7b-1	empty-semantic-rejected	X=0,Y=0:A;X=0,Y=1:A;X=1,Y=0:A;X=1,Y=1:A	CONSISTENT
occ:array_type:3.0.0@type_specification#empty	array-dimensions	type_specification	empty	admitted		B7b-1	empty-semantic-rejected	X=0:A;X=1:A	CONSISTENT
occ:array_type:3.0.0@type_specification#empty+comments	array-dimensions	type_specification	empty+comments	admitted		B7b-1	empty-semantic-rejected	X=0:A;X=1:A	CONSISTENT
occ:array_type:3.0.0@type_specification#empty+not	array-dimensions	type_specification	empty+not	admitted		B7b-1	empty-semantic-rejected	X=0:A;X=1:A	CONSISTENT
occ:array_type:3.0.0@type_specification#empty-list	array-dimensions	type_specification	empty-list	admitted		B7b-1	empty-semantic-rejected	X=0:R;X=1:A	MIXED:X=0:REJECTED/semantic/over-accepts;X=1:CONSISTENT
occ:array_type:3.0.0@type_specification#empty-list+comments	array-dimensions	type_specification	empty-list+comments	admitted		B7b-1	empty-semantic-rejected	X=0:R;X=1:A	MIXED:X=0:REJECTED/semantic/over-accepts;X=1:CONSISTENT
occ:array_type:3.0.0@type_specification#empty-list+not	array-dimensions	type_specification	empty-list+not	admitted		B7b-1	empty-semantic-rejected	X=0:A;X=1:R	MIXED:X=0:CONSISTENT;X=1:REJECTED/semantic/over-accepts
occ:array_type:3.0.0@type_specification#first-replace	array-dimensions	type_specification	first-replace	admitted		B7b-1	empty-semantic-rejected	X=0:A;X=1:A	CONSISTENT
occ:array_type:3.0.0@type_specification#first-replace+comments	array-dimensions	type_specification	first-replace+comments	admitted		B7b-1	empty-semantic-rejected	X=0:A;X=1:A	CONSISTENT
occ:array_type:3.0.0@type_specification#first-replace+not	array-dimensions	type_specification	first-replace+not	admitted		B7b-1	empty-semantic-rejected	X=0:A;X=1:A	CONSISTENT
occ:array_type:3.0.0@type_specification#holes-lead	array-dimensions	type_specification	holes-lead	admitted		B7b-1	empty-semantic-rejected	X=0:A;X=1:R	MIXED:X=0:CONSISTENT;X=1:REJECTED/semantic/over-accepts
occ:array_type:3.0.0@type_specification#holes-lead+comments	array-dimensions	type_specification	holes-lead+comments	admitted		B7b-1	empty-semantic-rejected	X=0:A;X=1:R	MIXED:X=0:CONSISTENT;X=1:REJECTED/semantic/over-accepts
occ:array_type:3.0.0@type_specification#holes-lead+not	array-dimensions	type_specification	holes-lead+not	admitted		B7b-1	empty-semantic-rejected	X=0:R;X=1:A	MIXED:X=0:REJECTED/semantic/over-accepts;X=1:CONSISTENT
occ:array_type:3.0.0@type_specification#holes-mid	array-dimensions	type_specification	holes-mid	admitted		B7b-1	empty-semantic-rejected	X=0:A;X=1:R	MIXED:X=0:CONSISTENT;X=1:REJECTED/semantic/over-accepts
occ:array_type:3.0.0@type_specification#holes-mid+comments	array-dimensions	type_specification	holes-mid+comments	admitted		B7b-1	empty-semantic-rejected	X=0:A;X=1:R	MIXED:X=0:CONSISTENT;X=1:REJECTED/semantic/over-accepts
occ:array_type:3.0.0@type_specification#holes-mid+not	array-dimensions	type_specification	holes-mid+not	admitted		B7b-1	empty-semantic-rejected	X=0:R;X=1:A	MIXED:X=0:REJECTED/semantic/over-accepts;X=1:CONSISTENT
occ:array_type:3.0.0@type_specification#holes-trail	array-dimensions	type_specification	holes-trail	admitted		B7b-1	empty-semantic-rejected	X=0:A;X=1:R	MIXED:X=0:CONSISTENT;X=1:REJECTED/semantic/over-accepts
occ:array_type:3.0.0@type_specification#holes-trail+comments	array-dimensions	type_specification	holes-trail+comments	admitted		B7b-1	empty-semantic-rejected	X=0:A;X=1:R	MIXED:X=0:CONSISTENT;X=1:REJECTED/semantic/over-accepts
occ:array_type:3.0.0@type_specification#holes-trail+not	array-dimensions	type_specification	holes-trail+not	admitted		B7b-1	empty-semantic-rejected	X=0:R;X=1:A	MIXED:X=0:REJECTED/semantic/over-accepts;X=1:CONSISTENT
occ:array_type:3.0.0@type_specification#lead-optional	array-dimensions	type_specification	lead-optional	admitted		B7b-1	empty-semantic-rejected	X=0:A;X=1:A	CONSISTENT
occ:array_type:3.0.0@type_specification#lead-optional+comments	array-dimensions	type_specification	lead-optional+comments	admitted		B7b-1	empty-semantic-rejected	X=0:A;X=1:A	CONSISTENT
occ:array_type:3.0.0@type_specification#lead-optional+not	array-dimensions	type_specification	lead-optional+not	admitted		B7b-1	empty-semantic-rejected	X=0:A;X=1:A	CONSISTENT
occ:array_type:3.0.0@type_specification#nested	array-dimensions	type_specification	nested	admitted		B7b-1	empty-semantic-rejected	X=0,Y=0:A;X=0,Y=1:A;X=1,Y=0:A;X=1,Y=1:A	CONSISTENT
occ:array_type:3.0.0@type_specification#nested+comments	array-dimensions	type_specification	nested+comments	admitted		B7b-1	empty-semantic-rejected	X=0,Y=0:A;X=0,Y=1:A;X=1,Y=0:A;X=1,Y=1:A	CONSISTENT
occ:array_type:3.0.0@type_specification#nested+not	array-dimensions	type_specification	nested+not	admitted		B7b-1	empty-semantic-rejected	X=0,Y=0:A;X=0,Y=1:A;X=1,Y=0:A;X=1,Y=1:A	CONSISTENT
occ:array_type:3.0.0@type_specification#one-elem	array-dimensions	type_specification	one-elem	admitted		B7b-1	empty-semantic-rejected	X=0:A;X=1:A	CONSISTENT
occ:array_type:3.0.0@type_specification#one-elem+comments	array-dimensions	type_specification	one-elem+comments	admitted		B7b-1	empty-semantic-rejected	X=0:A;X=1:A	CONSISTENT
occ:array_type:3.0.0@type_specification#one-elem+not	array-dimensions	type_specification	one-elem+not	admitted		B7b-1	empty-semantic-rejected	X=0:A;X=1:A	CONSISTENT
occ:array_type:3.0.0@type_specification#sep-after	array-dimensions	type_specification	sep-after	admitted		B7b-1	empty-semantic-rejected	X=0:A;X=1:A	CONSISTENT
occ:array_type:3.0.0@type_specification#sep-after+comments	array-dimensions	type_specification	sep-after+comments	admitted		B7b-1	empty-semantic-rejected	X=0:A;X=1:A	CONSISTENT
occ:array_type:3.0.0@type_specification#sep-after+not	array-dimensions	type_specification	sep-after+not	admitted		B7b-1	empty-semantic-rejected	X=0:A;X=1:A	CONSISTENT
occ:array_type:3.0.0@type_specification#sep-before	array-dimensions	type_specification	sep-before	admitted		B7b-1	empty-semantic-rejected	X=0:A;X=1:A	CONSISTENT
occ:array_type:3.0.0@type_specification#sep-before+comments	array-dimensions	type_specification	sep-before+comments	admitted		B7b-1	empty-semantic-rejected	X=0:A;X=1:A	CONSISTENT
occ:array_type:3.0.0@type_specification#sep-before+not	array-dimensions	type_specification	sep-before+not	admitted		B7b-1	empty-semantic-rejected	X=0:A;X=1:A	CONSISTENT
occ:array_type:3.0.0@type_specification#sep-before-end	array-dimensions	type_specification	sep-before-end	admitted		B7b-1	empty-semantic-rejected	X=0:A;X=1:A	CONSISTENT
occ:array_type:3.0.0@type_specification#sep-before-end+comments	array-dimensions	type_specification	sep-before-end+comments	admitted		B7b-1	empty-semantic-rejected	X=0:A;X=1:A	CONSISTENT
occ:array_type:3.0.0@type_specification#sep-before-end+not	array-dimensions	type_specification	sep-before-end+not	admitted		B7b-1	empty-semantic-rejected	X=0:A;X=1:A	CONSISTENT
occ:array_type:3.0.0@type_specification#sep-only	array-dimensions	type_specification	sep-only	admitted		B7b-1	empty-semantic-rejected	X=0:A;X=1:A	CONSISTENT
occ:array_type:3.0.0@type_specification#sep-only+comments	array-dimensions	type_specification	sep-only+comments	admitted		B7b-1	empty-semantic-rejected	X=0:A;X=1:A	CONSISTENT
occ:array_type:3.0.0@type_specification#sep-only+not	array-dimensions	type_specification	sep-only+not	admitted		B7b-1	empty-semantic-rejected	X=0:A;X=1:A	CONSISTENT
occ:array_type:3.0.0@type_specification#trail	array-dimensions	type_specification	trail	admitted		B7b-1	empty-semantic-rejected	X=0:R;X=1:A	MIXED:X=0:REJECTED/semantic/over-accepts;X=1:CONSISTENT
occ:array_type:3.0.0@type_specification#trail+comments	array-dimensions	type_specification	trail+comments	admitted		B7b-1	empty-semantic-rejected	X=0:R;X=1:A	MIXED:X=0:REJECTED/semantic/over-accepts;X=1:CONSISTENT
occ:array_type:3.0.0@type_specification#trail+not	array-dimensions	type_specification	trail+not	admitted		B7b-1	empty-semantic-rejected	X=0:A;X=1:R	MIXED:X=0:CONSISTENT;X=1:REJECTED/semantic/over-accepts
occ:attribute_argument_list:1.0.0@attribute_arguments#empty	attribute-arguments	attribute_arguments	empty	admitted		B7b-1	optional-wrapper	X=0:A;X=1:A	CONSISTENT
occ:attribute_argument_list:1.0.0@attribute_arguments#empty+comments	attribute-arguments	attribute_arguments	empty+comments	admitted		B7b-1	optional-wrapper	X=0:A;X=1:A	CONSISTENT
occ:attribute_argument_list:1.0.0@attribute_arguments#empty+not	attribute-arguments	attribute_arguments	empty+not	admitted		B7b-1	optional-wrapper	X=0:A;X=1:A	CONSISTENT
occ:attribute_argument_list:1.0.0@attribute_arguments#empty-list	attribute-arguments	attribute_arguments	empty-list	admitted		B7b-1	optional-wrapper	X=0:R;X=1:A	MIXED:X=0:REJECTED/semantic/over-accepts;X=1:CONSISTENT
occ:attribute_argument_list:1.0.0@attribute_arguments#empty-list+comments	attribute-arguments	attribute_arguments	empty-list+comments	admitted		B7b-1	optional-wrapper	X=0:R;X=1:A	MIXED:X=0:REJECTED/semantic/over-accepts;X=1:CONSISTENT
occ:attribute_argument_list:1.0.0@attribute_arguments#empty-list+not	attribute-arguments	attribute_arguments	empty-list+not	admitted		B7b-1	optional-wrapper	X=0:A;X=1:R	MIXED:X=0:CONSISTENT;X=1:REJECTED/semantic/over-accepts
occ:attribute_argument_list:1.0.0@attribute_arguments#holes-lead	attribute-arguments	attribute_arguments	holes-lead	admitted		B7b-1	optional-wrapper	X=0:A;X=1:R	MIXED:X=0:CONSISTENT;X=1:REJECTED/semantic/over-accepts
occ:attribute_argument_list:1.0.0@attribute_arguments#holes-lead+comments	attribute-arguments	attribute_arguments	holes-lead+comments	admitted		B7b-1	optional-wrapper	X=0:A;X=1:R	MIXED:X=0:CONSISTENT;X=1:REJECTED/semantic/over-accepts
occ:attribute_argument_list:1.0.0@attribute_arguments#holes-lead+not	attribute-arguments	attribute_arguments	holes-lead+not	admitted		B7b-1	optional-wrapper	X=0:R;X=1:A	MIXED:X=0:REJECTED/semantic/over-accepts;X=1:CONSISTENT
occ:attribute_argument_list:1.0.0@attribute_arguments#holes-mid	attribute-arguments	attribute_arguments	holes-mid	admitted		B7b-1	optional-wrapper	X=0:A;X=1:R	MIXED:X=0:CONSISTENT;X=1:REJECTED/semantic/over-accepts
occ:attribute_argument_list:1.0.0@attribute_arguments#holes-mid+comments	attribute-arguments	attribute_arguments	holes-mid+comments	admitted		B7b-1	optional-wrapper	X=0:A;X=1:R	MIXED:X=0:CONSISTENT;X=1:REJECTED/semantic/over-accepts
occ:attribute_argument_list:1.0.0@attribute_arguments#holes-mid+not	attribute-arguments	attribute_arguments	holes-mid+not	admitted		B7b-1	optional-wrapper	X=0:R;X=1:A	MIXED:X=0:REJECTED/semantic/over-accepts;X=1:CONSISTENT
occ:attribute_argument_list:1.0.0@attribute_arguments#holes-trail	attribute-arguments	attribute_arguments	holes-trail	admitted		B7b-1	optional-wrapper	X=0:A;X=1:R	MIXED:X=0:CONSISTENT;X=1:REJECTED/semantic/over-accepts
occ:attribute_argument_list:1.0.0@attribute_arguments#holes-trail+comments	attribute-arguments	attribute_arguments	holes-trail+comments	admitted		B7b-1	optional-wrapper	X=0:A;X=1:R	MIXED:X=0:CONSISTENT;X=1:REJECTED/semantic/over-accepts
occ:attribute_argument_list:1.0.0@attribute_arguments#holes-trail+not	attribute-arguments	attribute_arguments	holes-trail+not	admitted		B7b-1	optional-wrapper	X=0:R;X=1:A	MIXED:X=0:REJECTED/semantic/over-accepts;X=1:CONSISTENT
occ:attribute_argument_list:1.0.0@attribute_arguments#lead-optional	attribute-arguments	attribute_arguments	lead-optional	admitted		B7b-1	optional-wrapper	X=0:R;X=1:A	MIXED:X=0:REJECTED/semantic/over-accepts;X=1:CONSISTENT
occ:attribute_argument_list:1.0.0@attribute_arguments#lead-optional+comments	attribute-arguments	attribute_arguments	lead-optional+comments	admitted		B7b-1	optional-wrapper	X=0:R;X=1:A	MIXED:X=0:REJECTED/semantic/over-accepts;X=1:CONSISTENT
occ:attribute_argument_list:1.0.0@attribute_arguments#lead-optional+not	attribute-arguments	attribute_arguments	lead-optional+not	admitted		B7b-1	optional-wrapper	X=0:A;X=1:R	MIXED:X=0:CONSISTENT;X=1:REJECTED/semantic/over-accepts
occ:attribute_argument_list:1.0.0@attribute_arguments#one-elem	attribute-arguments	attribute_arguments	one-elem	admitted		B7b-1	optional-wrapper	X=0:R;X=1:A	MIXED:X=0:REJECTED/semantic/over-accepts;X=1:CONSISTENT
occ:attribute_argument_list:1.0.0@attribute_arguments#one-elem+comments	attribute-arguments	attribute_arguments	one-elem+comments	admitted		B7b-1	optional-wrapper	X=0:R;X=1:A	MIXED:X=0:REJECTED/semantic/over-accepts;X=1:CONSISTENT
occ:attribute_argument_list:1.0.0@attribute_arguments#one-elem+not	attribute-arguments	attribute_arguments	one-elem+not	admitted		B7b-1	optional-wrapper	X=0:A;X=1:R	MIXED:X=0:CONSISTENT;X=1:REJECTED/semantic/over-accepts
occ:attribute_argument_list:1.0.0@attribute_arguments#sep-before-end	attribute-arguments	attribute_arguments	sep-before-end	admitted		B7b-1	optional-wrapper	X=0:R;X=1:A	MIXED:X=0:REJECTED/semantic/over-accepts;X=1:CONSISTENT
occ:attribute_argument_list:1.0.0@attribute_arguments#sep-before-end+comments	attribute-arguments	attribute_arguments	sep-before-end+comments	admitted		B7b-1	optional-wrapper	X=0:R;X=1:A	MIXED:X=0:REJECTED/semantic/over-accepts;X=1:CONSISTENT
occ:attribute_argument_list:1.0.0@attribute_arguments#sep-before-end+not	attribute-arguments	attribute_arguments	sep-before-end+not	admitted		B7b-1	optional-wrapper	X=0:A;X=1:R	MIXED:X=0:CONSISTENT;X=1:REJECTED/semantic/over-accepts
occ:attribute_argument_list:1.0.0@attribute_arguments#sep-only	attribute-arguments	attribute_arguments	sep-only	admitted		B7b-1	optional-wrapper	X=0:A;X=1:A	CONSISTENT
occ:attribute_argument_list:1.0.0@attribute_arguments#sep-only+comments	attribute-arguments	attribute_arguments	sep-only+comments	admitted		B7b-1	optional-wrapper	X=0:A;X=1:A	CONSISTENT
occ:attribute_argument_list:1.0.0@attribute_arguments#sep-only+not	attribute-arguments	attribute_arguments	sep-only+not	admitted		B7b-1	optional-wrapper	X=0:A;X=1:A	CONSISTENT
occ:attribute_argument_list:1.0.0@attribute_arguments#trail	attribute-arguments	attribute_arguments	trail	admitted		B7b-1	optional-wrapper	X=0:R;X=1:A	MIXED:X=0:REJECTED/semantic/over-accepts;X=1:CONSISTENT
occ:attribute_argument_list:1.0.0@attribute_arguments#trail+comments	attribute-arguments	attribute_arguments	trail+comments	admitted		B7b-1	optional-wrapper	X=0:R;X=1:A	MIXED:X=0:REJECTED/semantic/over-accepts;X=1:CONSISTENT
occ:attribute_argument_list:1.0.0@attribute_arguments#trail+not	attribute-arguments	attribute_arguments	trail+not	admitted		B7b-1	optional-wrapper	X=0:A;X=1:R	MIXED:X=0:CONSISTENT;X=1:REJECTED/semantic/over-accepts
occ:dictionary_type:4@type_specification#adjacent-compl	type-arguments	type_specification	adjacent-compl	deferred	fixed-arity positional slots (key_type, value_type), not a list; owner B7b-1g (fixed-arity slot adapter)	B7b-1g	unknown	X=0:A;X=1:A	GAP
occ:dictionary_type:4@type_specification#adjacent-compl+comments	type-arguments	type_specification	adjacent-compl+comments	deferred	fixed-arity positional slots (key_type, value_type), not a list; owner B7b-1g (fixed-arity slot adapter)	B7b-1g	unknown	X=0:A;X=1:A	GAP
occ:dictionary_type:4@type_specification#adjacent-compl+not	type-arguments	type_specification	adjacent-compl+not	deferred	fixed-arity positional slots (key_type, value_type), not a list; owner B7b-1g (fixed-arity slot adapter)	B7b-1g	unknown	X=0:A;X=1:A	GAP
occ:dictionary_type:4@type_specification#elif	type-arguments	type_specification	elif	deferred	fixed-arity positional slots (key_type, value_type), not a list; owner B7b-1g (fixed-arity slot adapter)	B7b-1g	unknown	X=0,Y=0:A;X=0,Y=1:A;X=1,Y=0:A;X=1,Y=1:A	GAP
occ:dictionary_type:4@type_specification#elif+comments	type-arguments	type_specification	elif+comments	deferred	fixed-arity positional slots (key_type, value_type), not a list; owner B7b-1g (fixed-arity slot adapter)	B7b-1g	unknown	X=0,Y=0:A;X=0,Y=1:A;X=1,Y=0:A;X=1,Y=1:A	GAP
occ:dictionary_type:4@type_specification#elif+not	type-arguments	type_specification	elif+not	deferred	fixed-arity positional slots (key_type, value_type), not a list; owner B7b-1g (fixed-arity slot adapter)	B7b-1g	unknown	X=0,Y=0:A;X=0,Y=1:A;X=1,Y=0:A;X=1,Y=1:A	GAP
occ:dictionary_type:4@type_specification#empty	type-arguments	type_specification	empty	deferred	fixed-arity positional slots (key_type, value_type), not a list; owner B7b-1g (fixed-arity slot adapter)	B7b-1g	unknown	X=0:A;X=1:A	GAP
occ:dictionary_type:4@type_specification#empty+comments	type-arguments	type_specification	empty+comments	deferred	fixed-arity positional slots (key_type, value_type), not a list; owner B7b-1g (fixed-arity slot adapter)	B7b-1g	unknown	X=0:A;X=1:A	GAP
occ:dictionary_type:4@type_specification#empty+not	type-arguments	type_specification	empty+not	deferred	fixed-arity positional slots (key_type, value_type), not a list; owner B7b-1g (fixed-arity slot adapter)	B7b-1g	unknown	X=0:A;X=1:A	GAP
occ:dictionary_type:4@type_specification#first-replace	type-arguments	type_specification	first-replace	deferred	fixed-arity positional slots (key_type, value_type), not a list; owner B7b-1g (fixed-arity slot adapter)	B7b-1g	unknown	X=0:A;X=1:A	GAP
occ:dictionary_type:4@type_specification#first-replace+comments	type-arguments	type_specification	first-replace+comments	deferred	fixed-arity positional slots (key_type, value_type), not a list; owner B7b-1g (fixed-arity slot adapter)	B7b-1g	unknown	X=0:A;X=1:A	GAP
occ:dictionary_type:4@type_specification#first-replace+not	type-arguments	type_specification	first-replace+not	deferred	fixed-arity positional slots (key_type, value_type), not a list; owner B7b-1g (fixed-arity slot adapter)	B7b-1g	unknown	X=0:A;X=1:A	GAP
occ:dictionary_type:4@type_specification#nested	type-arguments	type_specification	nested	deferred	fixed-arity positional slots (key_type, value_type), not a list; owner B7b-1g (fixed-arity slot adapter)	B7b-1g	unknown	X=0,Y=0:A;X=0,Y=1:A;X=1,Y=0:A;X=1,Y=1:A	GAP
occ:dictionary_type:4@type_specification#nested+comments	type-arguments	type_specification	nested+comments	deferred	fixed-arity positional slots (key_type, value_type), not a list; owner B7b-1g (fixed-arity slot adapter)	B7b-1g	unknown	X=0,Y=0:A;X=0,Y=1:A;X=1,Y=0:A;X=1,Y=1:A	GAP
occ:dictionary_type:4@type_specification#nested+not	type-arguments	type_specification	nested+not	deferred	fixed-arity positional slots (key_type, value_type), not a list; owner B7b-1g (fixed-arity slot adapter)	B7b-1g	unknown	X=0,Y=0:A;X=0,Y=1:A;X=1,Y=0:A;X=1,Y=1:A	GAP
occ:dictionary_type:4@type_specification#sep-before-end	type-arguments	type_specification	sep-before-end	deferred	fixed-arity positional slots (key_type, value_type), not a list; owner B7b-1g (fixed-arity slot adapter)	B7b-1g	unknown	X=0:R;X=1:A	MIXED:X=0:REJECTED/semantic/agrees;X=1:GAP
occ:dictionary_type:4@type_specification#sep-before-end+comments	type-arguments	type_specification	sep-before-end+comments	deferred	fixed-arity positional slots (key_type, value_type), not a list; owner B7b-1g (fixed-arity slot adapter)	B7b-1g	unknown	X=0:R;X=1:A	MIXED:X=0:REJECTED/semantic/agrees;X=1:GAP
occ:dictionary_type:4@type_specification#sep-before-end+not	type-arguments	type_specification	sep-before-end+not	deferred	fixed-arity positional slots (key_type, value_type), not a list; owner B7b-1g (fixed-arity slot adapter)	B7b-1g	unknown	X=0:A;X=1:R	MIXED:X=0:GAP;X=1:REJECTED/semantic/agrees
occ:dictionary_type:4@type_specification#sep-only	type-arguments	type_specification	sep-only	deferred	fixed-arity positional slots (key_type, value_type), not a list; owner B7b-1g (fixed-arity slot adapter)	B7b-1g	unknown	X=0:A;X=1:A	GAP
occ:dictionary_type:4@type_specification#sep-only+comments	type-arguments	type_specification	sep-only+comments	deferred	fixed-arity positional slots (key_type, value_type), not a list; owner B7b-1g (fixed-arity slot adapter)	B7b-1g	unknown	X=0:A;X=1:A	GAP
occ:dictionary_type:4@type_specification#sep-only+not	type-arguments	type_specification	sep-only+not	deferred	fixed-arity positional slots (key_type, value_type), not a list; owner B7b-1g (fixed-arity slot adapter)	B7b-1g	unknown	X=0:A;X=1:A	GAP
occ:dictionary_type:4@type_specification#trail	type-arguments	type_specification	trail	deferred	fixed-arity positional slots (key_type, value_type), not a list; owner B7b-1g (fixed-arity slot adapter)	B7b-1g	unknown	X=0:R;X=1:A	MIXED:X=0:REJECTED/semantic/agrees;X=1:GAP
occ:dictionary_type:4@type_specification#trail+comments	type-arguments	type_specification	trail+comments	deferred	fixed-arity positional slots (key_type, value_type), not a list; owner B7b-1g (fixed-arity slot adapter)	B7b-1g	unknown	X=0:R;X=1:A	MIXED:X=0:REJECTED/semantic/agrees;X=1:GAP
occ:dictionary_type:4@type_specification#trail+not	type-arguments	type_specification	trail+not	deferred	fixed-arity positional slots (key_type, value_type), not a list; owner B7b-1g (fixed-arity slot adapter)	B7b-1g	unknown	X=0:A;X=1:R	MIXED:X=0:GAP;X=1:REJECTED/semantic/agrees
occ:field_list:1.0.0@addlast_fieldgroup_modification#adjacent-compl	key-fields	addlast_fieldgroup_modification	adjacent-compl	admitted		B7b-1	empty-interior	X=0:A;X=1:A	CONSISTENT
occ:field_list:1.0.0@addlast_fieldgroup_modification#adjacent-compl+comments	key-fields	addlast_fieldgroup_modification	adjacent-compl+comments	admitted		B7b-1	empty-interior	X=0:A;X=1:A	CONSISTENT
occ:field_list:1.0.0@addlast_fieldgroup_modification#adjacent-compl+not	key-fields	addlast_fieldgroup_modification	adjacent-compl+not	admitted		B7b-1	empty-interior	X=0:A;X=1:A	CONSISTENT
occ:field_list:1.0.0@addlast_fieldgroup_modification#adjacent-indep	key-fields	addlast_fieldgroup_modification	adjacent-indep	admitted		B7b-1	empty-interior	X=0,Y=0:A;X=0,Y=1:A;X=1,Y=0:A;X=1,Y=1:A	CONSISTENT
occ:field_list:1.0.0@addlast_fieldgroup_modification#adjacent-indep+comments	key-fields	addlast_fieldgroup_modification	adjacent-indep+comments	admitted		B7b-1	empty-interior	X=0,Y=0:A;X=0,Y=1:A;X=1,Y=0:A;X=1,Y=1:A	CONSISTENT
occ:field_list:1.0.0@addlast_fieldgroup_modification#adjacent-indep+not	key-fields	addlast_fieldgroup_modification	adjacent-indep+not	admitted		B7b-1	empty-interior	X=0,Y=0:A;X=0,Y=1:A;X=1,Y=0:A;X=1,Y=1:A	CONSISTENT
occ:field_list:1.0.0@addlast_fieldgroup_modification#both-in-arm	key-fields	addlast_fieldgroup_modification	both-in-arm	admitted		B7b-1	empty-interior	X=0:A;X=1:A	CONSISTENT
occ:field_list:1.0.0@addlast_fieldgroup_modification#both-in-arm+comments	key-fields	addlast_fieldgroup_modification	both-in-arm+comments	admitted		B7b-1	empty-interior	X=0:A;X=1:A	CONSISTENT
occ:field_list:1.0.0@addlast_fieldgroup_modification#both-in-arm+not	key-fields	addlast_fieldgroup_modification	both-in-arm+not	admitted		B7b-1	empty-interior	X=0:A;X=1:A	CONSISTENT
occ:field_list:1.0.0@addlast_fieldgroup_modification#count-differs	key-fields	addlast_fieldgroup_modification	count-differs	admitted		B7b-1	empty-interior	X=0:A;X=1:A	CONSISTENT
occ:field_list:1.0.0@addlast_fieldgroup_modification#count-differs+comments	key-fields	addlast_fieldgroup_modification	count-differs+comments	admitted		B7b-1	empty-interior	X=0:A;X=1:A	CONSISTENT
occ:field_list:1.0.0@addlast_fieldgroup_modification#count-differs+not	key-fields	addlast_fieldgroup_modification	count-differs+not	admitted		B7b-1	empty-interior	X=0:A;X=1:A	CONSISTENT
occ:field_list:1.0.0@addlast_fieldgroup_modification#elif	key-fields	addlast_fieldgroup_modification	elif	admitted		B7b-1	empty-interior	X=0,Y=0:A;X=0,Y=1:A;X=1,Y=0:A;X=1,Y=1:A	CONSISTENT
occ:field_list:1.0.0@addlast_fieldgroup_modification#elif+comments	key-fields	addlast_fieldgroup_modification	elif+comments	admitted		B7b-1	empty-interior	X=0,Y=0:A;X=0,Y=1:A;X=1,Y=0:A;X=1,Y=1:A	CONSISTENT
occ:field_list:1.0.0@addlast_fieldgroup_modification#elif+not	key-fields	addlast_fieldgroup_modification	elif+not	admitted		B7b-1	empty-interior	X=0,Y=0:A;X=0,Y=1:A;X=1,Y=0:A;X=1,Y=1:A	CONSISTENT
occ:field_list:1.0.0@addlast_fieldgroup_modification#empty	key-fields	addlast_fieldgroup_modification	empty	admitted		B7b-1	empty-interior	X=0:A;X=1:A	CONSISTENT
occ:field_list:1.0.0@addlast_fieldgroup_modification#empty+comments	key-fields	addlast_fieldgroup_modification	empty+comments	admitted		B7b-1	empty-interior	X=0:A;X=1:A	CONSISTENT
occ:field_list:1.0.0@addlast_fieldgroup_modification#empty+not	key-fields	addlast_fieldgroup_modification	empty+not	admitted		B7b-1	empty-interior	X=0:A;X=1:A	CONSISTENT
occ:field_list:1.0.0@addlast_fieldgroup_modification#empty-list	key-fields	addlast_fieldgroup_modification	empty-list	admitted		B7b-1	empty-interior	X=0:A;X=1:A	CONSISTENT
occ:field_list:1.0.0@addlast_fieldgroup_modification#empty-list+comments	key-fields	addlast_fieldgroup_modification	empty-list+comments	admitted		B7b-1	empty-interior	X=0:A;X=1:A	CONSISTENT
occ:field_list:1.0.0@addlast_fieldgroup_modification#empty-list+not	key-fields	addlast_fieldgroup_modification	empty-list+not	admitted		B7b-1	empty-interior	X=0:A;X=1:A	CONSISTENT
occ:field_list:1.0.0@addlast_fieldgroup_modification#first-replace	key-fields	addlast_fieldgroup_modification	first-replace	admitted		B7b-1	empty-interior	X=0:A;X=1:A	CONSISTENT
occ:field_list:1.0.0@addlast_fieldgroup_modification#first-replace+comments	key-fields	addlast_fieldgroup_modification	first-replace+comments	admitted		B7b-1	empty-interior	X=0:A;X=1:A	CONSISTENT
occ:field_list:1.0.0@addlast_fieldgroup_modification#first-replace+not	key-fields	addlast_fieldgroup_modification	first-replace+not	admitted		B7b-1	empty-interior	X=0:A;X=1:A	CONSISTENT
occ:field_list:1.0.0@addlast_fieldgroup_modification#holes-lead	key-fields	addlast_fieldgroup_modification	holes-lead	admitted		B7b-1	empty-interior	X=0:A;X=1:R	MIXED:X=0:CONSISTENT;X=1:REJECTED/syntax/over-accepts
occ:field_list:1.0.0@addlast_fieldgroup_modification#holes-lead+comments	key-fields	addlast_fieldgroup_modification	holes-lead+comments	admitted		B7b-1	empty-interior	X=0:A;X=1:R	MIXED:X=0:CONSISTENT;X=1:REJECTED/syntax/over-accepts
occ:field_list:1.0.0@addlast_fieldgroup_modification#holes-lead+not	key-fields	addlast_fieldgroup_modification	holes-lead+not	admitted		B7b-1	empty-interior	X=0:R;X=1:A	MIXED:X=0:REJECTED/syntax/over-accepts;X=1:CONSISTENT
occ:field_list:1.0.0@addlast_fieldgroup_modification#holes-mid	key-fields	addlast_fieldgroup_modification	holes-mid	admitted		B7b-1	empty-interior	X=0:A;X=1:R	MIXED:X=0:CONSISTENT;X=1:REJECTED/syntax/over-accepts
occ:field_list:1.0.0@addlast_fieldgroup_modification#holes-mid+comments	key-fields	addlast_fieldgroup_modification	holes-mid+comments	admitted		B7b-1	empty-interior	X=0:A;X=1:R	MIXED:X=0:CONSISTENT;X=1:REJECTED/syntax/over-accepts
occ:field_list:1.0.0@addlast_fieldgroup_modification#holes-mid+not	key-fields	addlast_fieldgroup_modification	holes-mid+not	admitted		B7b-1	empty-interior	X=0:R;X=1:A	MIXED:X=0:REJECTED/syntax/over-accepts;X=1:CONSISTENT
occ:field_list:1.0.0@addlast_fieldgroup_modification#holes-trail	key-fields	addlast_fieldgroup_modification	holes-trail	admitted		B7b-1	empty-interior	X=0:A;X=1:R	MIXED:X=0:CONSISTENT;X=1:REJECTED/semantic/over-accepts
occ:field_list:1.0.0@addlast_fieldgroup_modification#holes-trail+comments	key-fields	addlast_fieldgroup_modification	holes-trail+comments	admitted		B7b-1	empty-interior	X=0:A;X=1:R	MIXED:X=0:CONSISTENT;X=1:REJECTED/semantic/over-accepts
occ:field_list:1.0.0@addlast_fieldgroup_modification#holes-trail+not	key-fields	addlast_fieldgroup_modification	holes-trail+not	admitted		B7b-1	empty-interior	X=0:R;X=1:A	MIXED:X=0:REJECTED/semantic/over-accepts;X=1:CONSISTENT
occ:field_list:1.0.0@addlast_fieldgroup_modification#lead-optional	key-fields	addlast_fieldgroup_modification	lead-optional	admitted		B7b-1	empty-interior	X=0:A;X=1:A	CONSISTENT
occ:field_list:1.0.0@addlast_fieldgroup_modification#lead-optional+comments	key-fields	addlast_fieldgroup_modification	lead-optional+comments	admitted		B7b-1	empty-interior	X=0:A;X=1:A	CONSISTENT
occ:field_list:1.0.0@addlast_fieldgroup_modification#lead-optional+not	key-fields	addlast_fieldgroup_modification	lead-optional+not	admitted		B7b-1	empty-interior	X=0:A;X=1:A	CONSISTENT
occ:field_list:1.0.0@addlast_fieldgroup_modification#nested	key-fields	addlast_fieldgroup_modification	nested	admitted		B7b-1	empty-interior	X=0,Y=0:A;X=0,Y=1:A;X=1,Y=0:A;X=1,Y=1:A	CONSISTENT
occ:field_list:1.0.0@addlast_fieldgroup_modification#nested+comments	key-fields	addlast_fieldgroup_modification	nested+comments	admitted		B7b-1	empty-interior	X=0,Y=0:A;X=0,Y=1:A;X=1,Y=0:A;X=1,Y=1:A	CONSISTENT
occ:field_list:1.0.0@addlast_fieldgroup_modification#nested+not	key-fields	addlast_fieldgroup_modification	nested+not	admitted		B7b-1	empty-interior	X=0,Y=0:A;X=0,Y=1:A;X=1,Y=0:A;X=1,Y=1:A	CONSISTENT
occ:field_list:1.0.0@addlast_fieldgroup_modification#one-elem	key-fields	addlast_fieldgroup_modification	one-elem	admitted		B7b-1	empty-interior	X=0:A;X=1:A	CONSISTENT
occ:field_list:1.0.0@addlast_fieldgroup_modification#one-elem+comments	key-fields	addlast_fieldgroup_modification	one-elem+comments	admitted		B7b-1	empty-interior	X=0:A;X=1:A	CONSISTENT
occ:field_list:1.0.0@addlast_fieldgroup_modification#one-elem+not	key-fields	addlast_fieldgroup_modification	one-elem+not	admitted		B7b-1	empty-interior	X=0:A;X=1:A	CONSISTENT
occ:field_list:1.0.0@addlast_fieldgroup_modification#sep-after	key-fields	addlast_fieldgroup_modification	sep-after	admitted		B7b-1	empty-interior	X=0:A;X=1:A	CONSISTENT
occ:field_list:1.0.0@addlast_fieldgroup_modification#sep-after+comments	key-fields	addlast_fieldgroup_modification	sep-after+comments	admitted		B7b-1	empty-interior	X=0:A;X=1:A	CONSISTENT
occ:field_list:1.0.0@addlast_fieldgroup_modification#sep-after+not	key-fields	addlast_fieldgroup_modification	sep-after+not	admitted		B7b-1	empty-interior	X=0:A;X=1:A	CONSISTENT
occ:field_list:1.0.0@addlast_fieldgroup_modification#sep-before	key-fields	addlast_fieldgroup_modification	sep-before	admitted		B7b-1	empty-interior	X=0:A;X=1:A	CONSISTENT
occ:field_list:1.0.0@addlast_fieldgroup_modification#sep-before+comments	key-fields	addlast_fieldgroup_modification	sep-before+comments	admitted		B7b-1	empty-interior	X=0:A;X=1:A	CONSISTENT
occ:field_list:1.0.0@addlast_fieldgroup_modification#sep-before+not	key-fields	addlast_fieldgroup_modification	sep-before+not	admitted		B7b-1	empty-interior	X=0:A;X=1:A	CONSISTENT
occ:field_list:1.0.0@addlast_fieldgroup_modification#sep-before-end	key-fields	addlast_fieldgroup_modification	sep-before-end	admitted		B7b-1	empty-interior	X=0:A;X=1:A	CONSISTENT
occ:field_list:1.0.0@addlast_fieldgroup_modification#sep-before-end+comments	key-fields	addlast_fieldgroup_modification	sep-before-end+comments	admitted		B7b-1	empty-interior	X=0:A;X=1:A	CONSISTENT
occ:field_list:1.0.0@addlast_fieldgroup_modification#sep-before-end+not	key-fields	addlast_fieldgroup_modification	sep-before-end+not	admitted		B7b-1	empty-interior	X=0:A;X=1:A	CONSISTENT
occ:field_list:1.0.0@addlast_fieldgroup_modification#sep-only	key-fields	addlast_fieldgroup_modification	sep-only	admitted		B7b-1	empty-interior	X=0:A;X=1:A	CONSISTENT
occ:field_list:1.0.0@addlast_fieldgroup_modification#sep-only+comments	key-fields	addlast_fieldgroup_modification	sep-only+comments	admitted		B7b-1	empty-interior	X=0:A;X=1:A	CONSISTENT
occ:field_list:1.0.0@addlast_fieldgroup_modification#sep-only+not	key-fields	addlast_fieldgroup_modification	sep-only+not	admitted		B7b-1	empty-interior	X=0:A;X=1:A	CONSISTENT
occ:field_list:1.0.0@addlast_fieldgroup_modification#trail	key-fields	addlast_fieldgroup_modification	trail	admitted		B7b-1	empty-interior	X=0:R;X=1:A	MIXED:X=0:REJECTED/semantic/over-accepts;X=1:CONSISTENT
occ:field_list:1.0.0@addlast_fieldgroup_modification#trail+comments	key-fields	addlast_fieldgroup_modification	trail+comments	admitted		B7b-1	empty-interior	X=0:R;X=1:A	MIXED:X=0:REJECTED/semantic/over-accepts;X=1:CONSISTENT
occ:field_list:1.0.0@addlast_fieldgroup_modification#trail+not	key-fields	addlast_fieldgroup_modification	trail+not	admitted		B7b-1	empty-interior	X=0:A;X=1:R	MIXED:X=0:CONSISTENT;X=1:REJECTED/semantic/over-accepts
occ:field_list:1.0.0@fieldgroup_declaration#adjacent-compl	key-fields	fieldgroup_declaration	adjacent-compl	admitted		B7b-1	empty-semantic-rejected	X=0:A;X=1:A	CONSISTENT
occ:field_list:1.0.0@fieldgroup_declaration#adjacent-compl+comments	key-fields	fieldgroup_declaration	adjacent-compl+comments	admitted		B7b-1	empty-semantic-rejected	X=0:A;X=1:A	CONSISTENT
occ:field_list:1.0.0@fieldgroup_declaration#adjacent-compl+not	key-fields	fieldgroup_declaration	adjacent-compl+not	admitted		B7b-1	empty-semantic-rejected	X=0:A;X=1:A	CONSISTENT
occ:field_list:1.0.0@fieldgroup_declaration#adjacent-indep	key-fields	fieldgroup_declaration	adjacent-indep	admitted		B7b-1	empty-semantic-rejected	X=0,Y=0:A;X=0,Y=1:A;X=1,Y=0:A;X=1,Y=1:A	CONSISTENT
occ:field_list:1.0.0@fieldgroup_declaration#adjacent-indep+comments	key-fields	fieldgroup_declaration	adjacent-indep+comments	admitted		B7b-1	empty-semantic-rejected	X=0,Y=0:A;X=0,Y=1:A;X=1,Y=0:A;X=1,Y=1:A	CONSISTENT
occ:field_list:1.0.0@fieldgroup_declaration#adjacent-indep+not	key-fields	fieldgroup_declaration	adjacent-indep+not	admitted		B7b-1	empty-semantic-rejected	X=0,Y=0:A;X=0,Y=1:A;X=1,Y=0:A;X=1,Y=1:A	CONSISTENT
occ:field_list:1.0.0@fieldgroup_declaration#both-in-arm	key-fields	fieldgroup_declaration	both-in-arm	admitted		B7b-1	empty-semantic-rejected	X=0:A;X=1:A	CONSISTENT
occ:field_list:1.0.0@fieldgroup_declaration#both-in-arm+comments	key-fields	fieldgroup_declaration	both-in-arm+comments	admitted		B7b-1	empty-semantic-rejected	X=0:A;X=1:A	CONSISTENT
occ:field_list:1.0.0@fieldgroup_declaration#both-in-arm+not	key-fields	fieldgroup_declaration	both-in-arm+not	admitted		B7b-1	empty-semantic-rejected	X=0:A;X=1:A	CONSISTENT
occ:field_list:1.0.0@fieldgroup_declaration#count-differs	key-fields	fieldgroup_declaration	count-differs	admitted		B7b-1	empty-semantic-rejected	X=0:A;X=1:A	CONSISTENT
occ:field_list:1.0.0@fieldgroup_declaration#count-differs+comments	key-fields	fieldgroup_declaration	count-differs+comments	admitted		B7b-1	empty-semantic-rejected	X=0:A;X=1:A	CONSISTENT
occ:field_list:1.0.0@fieldgroup_declaration#count-differs+not	key-fields	fieldgroup_declaration	count-differs+not	admitted		B7b-1	empty-semantic-rejected	X=0:A;X=1:A	CONSISTENT
occ:field_list:1.0.0@fieldgroup_declaration#elif	key-fields	fieldgroup_declaration	elif	admitted		B7b-1	empty-semantic-rejected	X=0,Y=0:A;X=0,Y=1:A;X=1,Y=0:A;X=1,Y=1:A	CONSISTENT
occ:field_list:1.0.0@fieldgroup_declaration#elif+comments	key-fields	fieldgroup_declaration	elif+comments	admitted		B7b-1	empty-semantic-rejected	X=0,Y=0:A;X=0,Y=1:A;X=1,Y=0:A;X=1,Y=1:A	CONSISTENT
occ:field_list:1.0.0@fieldgroup_declaration#elif+not	key-fields	fieldgroup_declaration	elif+not	admitted		B7b-1	empty-semantic-rejected	X=0,Y=0:A;X=0,Y=1:A;X=1,Y=0:A;X=1,Y=1:A	CONSISTENT
occ:field_list:1.0.0@fieldgroup_declaration#empty	key-fields	fieldgroup_declaration	empty	admitted		B7b-1	empty-semantic-rejected	X=0:A;X=1:A	CONSISTENT
occ:field_list:1.0.0@fieldgroup_declaration#empty+comments	key-fields	fieldgroup_declaration	empty+comments	admitted		B7b-1	empty-semantic-rejected	X=0:A;X=1:A	CONSISTENT
occ:field_list:1.0.0@fieldgroup_declaration#empty+not	key-fields	fieldgroup_declaration	empty+not	admitted		B7b-1	empty-semantic-rejected	X=0:A;X=1:A	CONSISTENT
occ:field_list:1.0.0@fieldgroup_declaration#empty-list	key-fields	fieldgroup_declaration	empty-list	admitted		B7b-1	empty-semantic-rejected	X=0:R;X=1:A	MIXED:X=0:REJECTED/semantic/over-accepts;X=1:CONSISTENT
occ:field_list:1.0.0@fieldgroup_declaration#empty-list+comments	key-fields	fieldgroup_declaration	empty-list+comments	admitted		B7b-1	empty-semantic-rejected	X=0:R;X=1:A	MIXED:X=0:REJECTED/semantic/over-accepts;X=1:CONSISTENT
occ:field_list:1.0.0@fieldgroup_declaration#empty-list+not	key-fields	fieldgroup_declaration	empty-list+not	admitted		B7b-1	empty-semantic-rejected	X=0:A;X=1:R	MIXED:X=0:CONSISTENT;X=1:REJECTED/semantic/over-accepts
occ:field_list:1.0.0@fieldgroup_declaration#first-replace	key-fields	fieldgroup_declaration	first-replace	admitted		B7b-1	empty-semantic-rejected	X=0:A;X=1:A	CONSISTENT
occ:field_list:1.0.0@fieldgroup_declaration#first-replace+comments	key-fields	fieldgroup_declaration	first-replace+comments	admitted		B7b-1	empty-semantic-rejected	X=0:A;X=1:A	CONSISTENT
occ:field_list:1.0.0@fieldgroup_declaration#first-replace+not	key-fields	fieldgroup_declaration	first-replace+not	admitted		B7b-1	empty-semantic-rejected	X=0:A;X=1:A	CONSISTENT
occ:field_list:1.0.0@fieldgroup_declaration#holes-lead	key-fields	fieldgroup_declaration	holes-lead	admitted		B7b-1	empty-semantic-rejected	X=0:A;X=1:R	MIXED:X=0:CONSISTENT;X=1:REJECTED/syntax/over-accepts
occ:field_list:1.0.0@fieldgroup_declaration#holes-lead+comments	key-fields	fieldgroup_declaration	holes-lead+comments	admitted		B7b-1	empty-semantic-rejected	X=0:A;X=1:R	MIXED:X=0:CONSISTENT;X=1:REJECTED/syntax/over-accepts
occ:field_list:1.0.0@fieldgroup_declaration#holes-lead+not	key-fields	fieldgroup_declaration	holes-lead+not	admitted		B7b-1	empty-semantic-rejected	X=0:R;X=1:A	MIXED:X=0:REJECTED/syntax/over-accepts;X=1:CONSISTENT
occ:field_list:1.0.0@fieldgroup_declaration#holes-mid	key-fields	fieldgroup_declaration	holes-mid	admitted		B7b-1	empty-semantic-rejected	X=0:A;X=1:R	MIXED:X=0:CONSISTENT;X=1:REJECTED/syntax/over-accepts
occ:field_list:1.0.0@fieldgroup_declaration#holes-mid+comments	key-fields	fieldgroup_declaration	holes-mid+comments	admitted		B7b-1	empty-semantic-rejected	X=0:A;X=1:R	MIXED:X=0:CONSISTENT;X=1:REJECTED/syntax/over-accepts
occ:field_list:1.0.0@fieldgroup_declaration#holes-mid+not	key-fields	fieldgroup_declaration	holes-mid+not	admitted		B7b-1	empty-semantic-rejected	X=0:R;X=1:A	MIXED:X=0:REJECTED/syntax/over-accepts;X=1:CONSISTENT
occ:field_list:1.0.0@fieldgroup_declaration#holes-trail	key-fields	fieldgroup_declaration	holes-trail	admitted		B7b-1	empty-semantic-rejected	X=0:A;X=1:R	MIXED:X=0:CONSISTENT;X=1:REJECTED/semantic/over-accepts
occ:field_list:1.0.0@fieldgroup_declaration#holes-trail+comments	key-fields	fieldgroup_declaration	holes-trail+comments	admitted		B7b-1	empty-semantic-rejected	X=0:A;X=1:R	MIXED:X=0:CONSISTENT;X=1:REJECTED/semantic/over-accepts
occ:field_list:1.0.0@fieldgroup_declaration#holes-trail+not	key-fields	fieldgroup_declaration	holes-trail+not	admitted		B7b-1	empty-semantic-rejected	X=0:R;X=1:A	MIXED:X=0:REJECTED/semantic/over-accepts;X=1:CONSISTENT
occ:field_list:1.0.0@fieldgroup_declaration#lead-optional	key-fields	fieldgroup_declaration	lead-optional	admitted		B7b-1	empty-semantic-rejected	X=0:A;X=1:A	CONSISTENT
occ:field_list:1.0.0@fieldgroup_declaration#lead-optional+comments	key-fields	fieldgroup_declaration	lead-optional+comments	admitted		B7b-1	empty-semantic-rejected	X=0:A;X=1:A	CONSISTENT
occ:field_list:1.0.0@fieldgroup_declaration#lead-optional+not	key-fields	fieldgroup_declaration	lead-optional+not	admitted		B7b-1	empty-semantic-rejected	X=0:A;X=1:A	CONSISTENT
occ:field_list:1.0.0@fieldgroup_declaration#nested	key-fields	fieldgroup_declaration	nested	admitted		B7b-1	empty-semantic-rejected	X=0,Y=0:A;X=0,Y=1:A;X=1,Y=0:A;X=1,Y=1:A	CONSISTENT
occ:field_list:1.0.0@fieldgroup_declaration#nested+comments	key-fields	fieldgroup_declaration	nested+comments	admitted		B7b-1	empty-semantic-rejected	X=0,Y=0:A;X=0,Y=1:A;X=1,Y=0:A;X=1,Y=1:A	CONSISTENT
occ:field_list:1.0.0@fieldgroup_declaration#nested+not	key-fields	fieldgroup_declaration	nested+not	admitted		B7b-1	empty-semantic-rejected	X=0,Y=0:A;X=0,Y=1:A;X=1,Y=0:A;X=1,Y=1:A	CONSISTENT
occ:field_list:1.0.0@fieldgroup_declaration#one-elem	key-fields	fieldgroup_declaration	one-elem	admitted		B7b-1	empty-semantic-rejected	X=0:A;X=1:A	CONSISTENT
occ:field_list:1.0.0@fieldgroup_declaration#one-elem+comments	key-fields	fieldgroup_declaration	one-elem+comments	admitted		B7b-1	empty-semantic-rejected	X=0:A;X=1:A	CONSISTENT
occ:field_list:1.0.0@fieldgroup_declaration#one-elem+not	key-fields	fieldgroup_declaration	one-elem+not	admitted		B7b-1	empty-semantic-rejected	X=0:A;X=1:A	CONSISTENT
occ:field_list:1.0.0@fieldgroup_declaration#sep-after	key-fields	fieldgroup_declaration	sep-after	admitted		B7b-1	empty-semantic-rejected	X=0:A;X=1:A	CONSISTENT
occ:field_list:1.0.0@fieldgroup_declaration#sep-after+comments	key-fields	fieldgroup_declaration	sep-after+comments	admitted		B7b-1	empty-semantic-rejected	X=0:A;X=1:A	CONSISTENT
occ:field_list:1.0.0@fieldgroup_declaration#sep-after+not	key-fields	fieldgroup_declaration	sep-after+not	admitted		B7b-1	empty-semantic-rejected	X=0:A;X=1:A	CONSISTENT
occ:field_list:1.0.0@fieldgroup_declaration#sep-before	key-fields	fieldgroup_declaration	sep-before	admitted		B7b-1	empty-semantic-rejected	X=0:A;X=1:A	CONSISTENT
occ:field_list:1.0.0@fieldgroup_declaration#sep-before+comments	key-fields	fieldgroup_declaration	sep-before+comments	admitted		B7b-1	empty-semantic-rejected	X=0:A;X=1:A	CONSISTENT
occ:field_list:1.0.0@fieldgroup_declaration#sep-before+not	key-fields	fieldgroup_declaration	sep-before+not	admitted		B7b-1	empty-semantic-rejected	X=0:A;X=1:A	CONSISTENT
occ:field_list:1.0.0@fieldgroup_declaration#sep-before-end	key-fields	fieldgroup_declaration	sep-before-end	admitted		B7b-1	empty-semantic-rejected	X=0:A;X=1:A	CONSISTENT
occ:field_list:1.0.0@fieldgroup_declaration#sep-before-end+comments	key-fields	fieldgroup_declaration	sep-before-end+comments	admitted		B7b-1	empty-semantic-rejected	X=0:A;X=1:A	CONSISTENT
occ:field_list:1.0.0@fieldgroup_declaration#sep-before-end+not	key-fields	fieldgroup_declaration	sep-before-end+not	admitted		B7b-1	empty-semantic-rejected	X=0:A;X=1:A	CONSISTENT
occ:field_list:1.0.0@fieldgroup_declaration#sep-only	key-fields	fieldgroup_declaration	sep-only	admitted		B7b-1	empty-semantic-rejected	X=0:A;X=1:A	CONSISTENT
occ:field_list:1.0.0@fieldgroup_declaration#sep-only+comments	key-fields	fieldgroup_declaration	sep-only+comments	admitted		B7b-1	empty-semantic-rejected	X=0:A;X=1:A	CONSISTENT
occ:field_list:1.0.0@fieldgroup_declaration#sep-only+not	key-fields	fieldgroup_declaration	sep-only+not	admitted		B7b-1	empty-semantic-rejected	X=0:A;X=1:A	CONSISTENT
occ:field_list:1.0.0@fieldgroup_declaration#trail	key-fields	fieldgroup_declaration	trail	admitted		B7b-1	empty-semantic-rejected	X=0:R;X=1:A	MIXED:X=0:REJECTED/semantic/over-accepts;X=1:CONSISTENT
occ:field_list:1.0.0@fieldgroup_declaration#trail+comments	key-fields	fieldgroup_declaration	trail+comments	admitted		B7b-1	empty-semantic-rejected	X=0:R;X=1:A	MIXED:X=0:REJECTED/semantic/over-accepts;X=1:CONSISTENT
occ:field_list:1.0.0@fieldgroup_declaration#trail+not	key-fields	fieldgroup_declaration	trail+not	admitted		B7b-1	empty-semantic-rejected	X=0:A;X=1:R	MIXED:X=0:CONSISTENT;X=1:REJECTED/semantic/over-accepts
occ:field_list:1.0.0@key_declaration#adjacent-compl	key-fields	key_declaration	adjacent-compl	admitted		B7b-1	empty-semantic-rejected	X=0:A;X=1:A	CONSISTENT
occ:field_list:1.0.0@key_declaration#adjacent-compl+comments	key-fields	key_declaration	adjacent-compl+comments	admitted		B7b-1	empty-semantic-rejected	X=0:A;X=1:A	CONSISTENT
occ:field_list:1.0.0@key_declaration#adjacent-compl+not	key-fields	key_declaration	adjacent-compl+not	admitted		B7b-1	empty-semantic-rejected	X=0:A;X=1:A	CONSISTENT
occ:field_list:1.0.0@key_declaration#adjacent-indep	key-fields	key_declaration	adjacent-indep	admitted		B7b-1	empty-semantic-rejected	X=0,Y=0:A;X=0,Y=1:A;X=1,Y=0:A;X=1,Y=1:A	CONSISTENT
occ:field_list:1.0.0@key_declaration#adjacent-indep+comments	key-fields	key_declaration	adjacent-indep+comments	admitted		B7b-1	empty-semantic-rejected	X=0,Y=0:A;X=0,Y=1:A;X=1,Y=0:A;X=1,Y=1:A	CONSISTENT
occ:field_list:1.0.0@key_declaration#adjacent-indep+not	key-fields	key_declaration	adjacent-indep+not	admitted		B7b-1	empty-semantic-rejected	X=0,Y=0:A;X=0,Y=1:A;X=1,Y=0:A;X=1,Y=1:A	CONSISTENT
occ:field_list:1.0.0@key_declaration#both-in-arm	key-fields	key_declaration	both-in-arm	admitted		B7b-1	empty-semantic-rejected	X=0:A;X=1:A	CONSISTENT
occ:field_list:1.0.0@key_declaration#both-in-arm+comments	key-fields	key_declaration	both-in-arm+comments	admitted		B7b-1	empty-semantic-rejected	X=0:A;X=1:A	CONSISTENT
occ:field_list:1.0.0@key_declaration#both-in-arm+not	key-fields	key_declaration	both-in-arm+not	admitted		B7b-1	empty-semantic-rejected	X=0:A;X=1:A	CONSISTENT
occ:field_list:1.0.0@key_declaration#count-differs	key-fields	key_declaration	count-differs	admitted		B7b-1	empty-semantic-rejected	X=0:A;X=1:A	CONSISTENT
occ:field_list:1.0.0@key_declaration#count-differs+comments	key-fields	key_declaration	count-differs+comments	admitted		B7b-1	empty-semantic-rejected	X=0:A;X=1:A	CONSISTENT
occ:field_list:1.0.0@key_declaration#count-differs+not	key-fields	key_declaration	count-differs+not	admitted		B7b-1	empty-semantic-rejected	X=0:A;X=1:A	CONSISTENT
occ:field_list:1.0.0@key_declaration#elif	key-fields	key_declaration	elif	admitted		B7b-1	empty-semantic-rejected	X=0,Y=0:A;X=0,Y=1:A;X=1,Y=0:A;X=1,Y=1:A	CONSISTENT
occ:field_list:1.0.0@key_declaration#elif+comments	key-fields	key_declaration	elif+comments	admitted		B7b-1	empty-semantic-rejected	X=0,Y=0:A;X=0,Y=1:A;X=1,Y=0:A;X=1,Y=1:A	CONSISTENT
occ:field_list:1.0.0@key_declaration#elif+not	key-fields	key_declaration	elif+not	admitted		B7b-1	empty-semantic-rejected	X=0,Y=0:A;X=0,Y=1:A;X=1,Y=0:A;X=1,Y=1:A	CONSISTENT
occ:field_list:1.0.0@key_declaration#empty	key-fields	key_declaration	empty	admitted		B7b-1	empty-semantic-rejected	X=0:A;X=1:A	CONSISTENT
occ:field_list:1.0.0@key_declaration#empty+comments	key-fields	key_declaration	empty+comments	admitted		B7b-1	empty-semantic-rejected	X=0:A;X=1:A	CONSISTENT
occ:field_list:1.0.0@key_declaration#empty+not	key-fields	key_declaration	empty+not	admitted		B7b-1	empty-semantic-rejected	X=0:A;X=1:A	CONSISTENT
occ:field_list:1.0.0@key_declaration#empty-list	key-fields	key_declaration	empty-list	admitted		B7b-1	empty-semantic-rejected	X=0:R;X=1:A	MIXED:X=0:REJECTED/semantic/over-accepts;X=1:CONSISTENT
occ:field_list:1.0.0@key_declaration#empty-list+comments	key-fields	key_declaration	empty-list+comments	admitted		B7b-1	empty-semantic-rejected	X=0:R;X=1:A	MIXED:X=0:REJECTED/semantic/over-accepts;X=1:CONSISTENT
occ:field_list:1.0.0@key_declaration#empty-list+not	key-fields	key_declaration	empty-list+not	admitted		B7b-1	empty-semantic-rejected	X=0:A;X=1:R	MIXED:X=0:CONSISTENT;X=1:REJECTED/semantic/over-accepts
occ:field_list:1.0.0@key_declaration#first-replace	key-fields	key_declaration	first-replace	admitted		B7b-1	empty-semantic-rejected	X=0:A;X=1:A	CONSISTENT
occ:field_list:1.0.0@key_declaration#first-replace+comments	key-fields	key_declaration	first-replace+comments	admitted		B7b-1	empty-semantic-rejected	X=0:A;X=1:A	CONSISTENT
occ:field_list:1.0.0@key_declaration#first-replace+not	key-fields	key_declaration	first-replace+not	admitted		B7b-1	empty-semantic-rejected	X=0:A;X=1:A	CONSISTENT
occ:field_list:1.0.0@key_declaration#holes-lead	key-fields	key_declaration	holes-lead	admitted		B7b-1	empty-semantic-rejected	X=0:A;X=1:R	MIXED:X=0:CONSISTENT;X=1:REJECTED/syntax/over-accepts
occ:field_list:1.0.0@key_declaration#holes-lead+comments	key-fields	key_declaration	holes-lead+comments	admitted		B7b-1	empty-semantic-rejected	X=0:A;X=1:R	MIXED:X=0:CONSISTENT;X=1:REJECTED/syntax/over-accepts
occ:field_list:1.0.0@key_declaration#holes-lead+not	key-fields	key_declaration	holes-lead+not	admitted		B7b-1	empty-semantic-rejected	X=0:R;X=1:A	MIXED:X=0:REJECTED/syntax/over-accepts;X=1:CONSISTENT
occ:field_list:1.0.0@key_declaration#holes-mid	key-fields	key_declaration	holes-mid	admitted		B7b-1	empty-semantic-rejected	X=0:A;X=1:R	MIXED:X=0:CONSISTENT;X=1:REJECTED/syntax/over-accepts
occ:field_list:1.0.0@key_declaration#holes-mid+comments	key-fields	key_declaration	holes-mid+comments	admitted		B7b-1	empty-semantic-rejected	X=0:A;X=1:R	MIXED:X=0:CONSISTENT;X=1:REJECTED/syntax/over-accepts
occ:field_list:1.0.0@key_declaration#holes-mid+not	key-fields	key_declaration	holes-mid+not	admitted		B7b-1	empty-semantic-rejected	X=0:R;X=1:A	MIXED:X=0:REJECTED/syntax/over-accepts;X=1:CONSISTENT
occ:field_list:1.0.0@key_declaration#holes-trail	key-fields	key_declaration	holes-trail	admitted		B7b-1	empty-semantic-rejected	X=0:A;X=1:R	MIXED:X=0:CONSISTENT;X=1:REJECTED/semantic/over-accepts
occ:field_list:1.0.0@key_declaration#holes-trail+comments	key-fields	key_declaration	holes-trail+comments	admitted		B7b-1	empty-semantic-rejected	X=0:A;X=1:R	MIXED:X=0:CONSISTENT;X=1:REJECTED/semantic/over-accepts
occ:field_list:1.0.0@key_declaration#holes-trail+not	key-fields	key_declaration	holes-trail+not	admitted		B7b-1	empty-semantic-rejected	X=0:R;X=1:A	MIXED:X=0:REJECTED/semantic/over-accepts;X=1:CONSISTENT
occ:field_list:1.0.0@key_declaration#lead-optional	key-fields	key_declaration	lead-optional	admitted		B7b-1	empty-semantic-rejected	X=0:A;X=1:A	CONSISTENT
occ:field_list:1.0.0@key_declaration#lead-optional+comments	key-fields	key_declaration	lead-optional+comments	admitted		B7b-1	empty-semantic-rejected	X=0:A;X=1:A	CONSISTENT
occ:field_list:1.0.0@key_declaration#lead-optional+not	key-fields	key_declaration	lead-optional+not	admitted		B7b-1	empty-semantic-rejected	X=0:A;X=1:A	CONSISTENT
occ:field_list:1.0.0@key_declaration#nested	key-fields	key_declaration	nested	admitted		B7b-1	empty-semantic-rejected	X=0,Y=0:A;X=0,Y=1:A;X=1,Y=0:A;X=1,Y=1:A	CONSISTENT
occ:field_list:1.0.0@key_declaration#nested+comments	key-fields	key_declaration	nested+comments	admitted		B7b-1	empty-semantic-rejected	X=0,Y=0:A;X=0,Y=1:A;X=1,Y=0:A;X=1,Y=1:A	CONSISTENT
occ:field_list:1.0.0@key_declaration#nested+not	key-fields	key_declaration	nested+not	admitted		B7b-1	empty-semantic-rejected	X=0,Y=0:A;X=0,Y=1:A;X=1,Y=0:A;X=1,Y=1:A	CONSISTENT
occ:field_list:1.0.0@key_declaration#one-elem	key-fields	key_declaration	one-elem	admitted		B7b-1	empty-semantic-rejected	X=0:A;X=1:A	CONSISTENT
occ:field_list:1.0.0@key_declaration#one-elem+comments	key-fields	key_declaration	one-elem+comments	admitted		B7b-1	empty-semantic-rejected	X=0:A;X=1:A	CONSISTENT
occ:field_list:1.0.0@key_declaration#one-elem+not	key-fields	key_declaration	one-elem+not	admitted		B7b-1	empty-semantic-rejected	X=0:A;X=1:A	CONSISTENT
occ:field_list:1.0.0@key_declaration#sep-after	key-fields	key_declaration	sep-after	admitted		B7b-1	empty-semantic-rejected	X=0:A;X=1:A	CONSISTENT
occ:field_list:1.0.0@key_declaration#sep-after+comments	key-fields	key_declaration	sep-after+comments	admitted		B7b-1	empty-semantic-rejected	X=0:A;X=1:A	CONSISTENT
occ:field_list:1.0.0@key_declaration#sep-after+not	key-fields	key_declaration	sep-after+not	admitted		B7b-1	empty-semantic-rejected	X=0:A;X=1:A	CONSISTENT
occ:field_list:1.0.0@key_declaration#sep-before	key-fields	key_declaration	sep-before	admitted		B7b-1	empty-semantic-rejected	X=0:A;X=1:A	CONSISTENT
occ:field_list:1.0.0@key_declaration#sep-before+comments	key-fields	key_declaration	sep-before+comments	admitted		B7b-1	empty-semantic-rejected	X=0:A;X=1:A	CONSISTENT
occ:field_list:1.0.0@key_declaration#sep-before+not	key-fields	key_declaration	sep-before+not	admitted		B7b-1	empty-semantic-rejected	X=0:A;X=1:A	CONSISTENT
occ:field_list:1.0.0@key_declaration#sep-before-end	key-fields	key_declaration	sep-before-end	admitted		B7b-1	empty-semantic-rejected	X=0:A;X=1:A	CONSISTENT
occ:field_list:1.0.0@key_declaration#sep-before-end+comments	key-fields	key_declaration	sep-before-end+comments	admitted		B7b-1	empty-semantic-rejected	X=0:A;X=1:A	CONSISTENT
occ:field_list:1.0.0@key_declaration#sep-before-end+not	key-fields	key_declaration	sep-before-end+not	admitted		B7b-1	empty-semantic-rejected	X=0:A;X=1:A	CONSISTENT
occ:field_list:1.0.0@key_declaration#sep-only	key-fields	key_declaration	sep-only	admitted		B7b-1	empty-semantic-rejected	X=0:A;X=1:A	CONSISTENT
occ:field_list:1.0.0@key_declaration#sep-only+comments	key-fields	key_declaration	sep-only+comments	admitted		B7b-1	empty-semantic-rejected	X=0:A;X=1:A	CONSISTENT
occ:field_list:1.0.0@key_declaration#sep-only+not	key-fields	key_declaration	sep-only+not	admitted		B7b-1	empty-semantic-rejected	X=0:A;X=1:A	CONSISTENT
occ:field_list:1.0.0@key_declaration#trail	key-fields	key_declaration	trail	admitted		B7b-1	empty-semantic-rejected	X=0:R;X=1:A	MIXED:X=0:REJECTED/semantic/over-accepts;X=1:CONSISTENT
occ:field_list:1.0.0@key_declaration#trail+comments	key-fields	key_declaration	trail+comments	admitted		B7b-1	empty-semantic-rejected	X=0:R;X=1:A	MIXED:X=0:REJECTED/semantic/over-accepts;X=1:CONSISTENT
occ:field_list:1.0.0@key_declaration#trail+not	key-fields	key_declaration	trail+not	admitted		B7b-1	empty-semantic-rejected	X=0:A;X=1:R	MIXED:X=0:CONSISTENT;X=1:REJECTED/semantic/over-accepts
occ:field_list:1.0.0@preproc_split_key#adjacent-compl	key-fields	preproc_split_key	adjacent-compl	admitted		B7b-1	empty-semantic-rejected	TPL=0,X=0:A;TPL=0,X=1:A;TPL=1,X=0:A;TPL=1,X=1:A	CONSISTENT
occ:field_list:1.0.0@preproc_split_key#adjacent-compl+comments	key-fields	preproc_split_key	adjacent-compl+comments	admitted		B7b-1	empty-semantic-rejected	TPL=0,X=0:A;TPL=0,X=1:A;TPL=1,X=0:A;TPL=1,X=1:A	CONSISTENT
occ:field_list:1.0.0@preproc_split_key#adjacent-compl+not	key-fields	preproc_split_key	adjacent-compl+not	admitted		B7b-1	empty-semantic-rejected	TPL=0,X=0:A;TPL=0,X=1:A;TPL=1,X=0:A;TPL=1,X=1:A	CONSISTENT
occ:field_list:1.0.0@preproc_split_key#adjacent-indep	key-fields	preproc_split_key	adjacent-indep	admitted		B7b-1	empty-semantic-rejected	TPL=0,X=0,Y=0:A;TPL=0,X=0,Y=1:A;TPL=0,X=1,Y=0:A;TPL=0,X=1,Y=1:A;TPL=1,X=0,Y=0:A;TPL=1,X=0,Y=1:A;TPL=1,X=1,Y=0:A;TPL=1,X=1,Y=1:A	CONSISTENT
occ:field_list:1.0.0@preproc_split_key#adjacent-indep+comments	key-fields	preproc_split_key	adjacent-indep+comments	admitted		B7b-1	empty-semantic-rejected	TPL=0,X=0,Y=0:A;TPL=0,X=0,Y=1:A;TPL=0,X=1,Y=0:A;TPL=0,X=1,Y=1:A;TPL=1,X=0,Y=0:A;TPL=1,X=0,Y=1:A;TPL=1,X=1,Y=0:A;TPL=1,X=1,Y=1:A	CONSISTENT
occ:field_list:1.0.0@preproc_split_key#adjacent-indep+not	key-fields	preproc_split_key	adjacent-indep+not	admitted		B7b-1	empty-semantic-rejected	TPL=0,X=0,Y=0:A;TPL=0,X=0,Y=1:A;TPL=0,X=1,Y=0:A;TPL=0,X=1,Y=1:A;TPL=1,X=0,Y=0:A;TPL=1,X=0,Y=1:A;TPL=1,X=1,Y=0:A;TPL=1,X=1,Y=1:A	CONSISTENT
occ:field_list:1.0.0@preproc_split_key#both-in-arm	key-fields	preproc_split_key	both-in-arm	admitted		B7b-1	empty-semantic-rejected	TPL=0,X=0:A;TPL=0,X=1:A;TPL=1,X=0:A;TPL=1,X=1:A	CONSISTENT
occ:field_list:1.0.0@preproc_split_key#both-in-arm+comments	key-fields	preproc_split_key	both-in-arm+comments	admitted		B7b-1	empty-semantic-rejected	TPL=0,X=0:A;TPL=0,X=1:A;TPL=1,X=0:A;TPL=1,X=1:A	CONSISTENT
occ:field_list:1.0.0@preproc_split_key#both-in-arm+not	key-fields	preproc_split_key	both-in-arm+not	admitted		B7b-1	empty-semantic-rejected	TPL=0,X=0:A;TPL=0,X=1:A;TPL=1,X=0:A;TPL=1,X=1:A	CONSISTENT
occ:field_list:1.0.0@preproc_split_key#count-differs	key-fields	preproc_split_key	count-differs	admitted		B7b-1	empty-semantic-rejected	TPL=0,X=0:A;TPL=0,X=1:A;TPL=1,X=0:A;TPL=1,X=1:A	CONSISTENT
occ:field_list:1.0.0@preproc_split_key#count-differs+comments	key-fields	preproc_split_key	count-differs+comments	admitted		B7b-1	empty-semantic-rejected	TPL=0,X=0:A;TPL=0,X=1:A;TPL=1,X=0:A;TPL=1,X=1:A	CONSISTENT
occ:field_list:1.0.0@preproc_split_key#count-differs+not	key-fields	preproc_split_key	count-differs+not	admitted		B7b-1	empty-semantic-rejected	TPL=0,X=0:A;TPL=0,X=1:A;TPL=1,X=0:A;TPL=1,X=1:A	CONSISTENT
occ:field_list:1.0.0@preproc_split_key#elif	key-fields	preproc_split_key	elif	admitted		B7b-1	empty-semantic-rejected	TPL=0,X=0,Y=0:A;TPL=0,X=0,Y=1:A;TPL=0,X=1,Y=0:A;TPL=0,X=1,Y=1:A;TPL=1,X=0,Y=0:A;TPL=1,X=0,Y=1:A;TPL=1,X=1,Y=0:A;TPL=1,X=1,Y=1:A	CONSISTENT
occ:field_list:1.0.0@preproc_split_key#elif+comments	key-fields	preproc_split_key	elif+comments	admitted		B7b-1	empty-semantic-rejected	TPL=0,X=0,Y=0:A;TPL=0,X=0,Y=1:A;TPL=0,X=1,Y=0:A;TPL=0,X=1,Y=1:A;TPL=1,X=0,Y=0:A;TPL=1,X=0,Y=1:A;TPL=1,X=1,Y=0:A;TPL=1,X=1,Y=1:A	CONSISTENT
occ:field_list:1.0.0@preproc_split_key#elif+not	key-fields	preproc_split_key	elif+not	admitted		B7b-1	empty-semantic-rejected	TPL=0,X=0,Y=0:A;TPL=0,X=0,Y=1:A;TPL=0,X=1,Y=0:A;TPL=0,X=1,Y=1:A;TPL=1,X=0,Y=0:A;TPL=1,X=0,Y=1:A;TPL=1,X=1,Y=0:A;TPL=1,X=1,Y=1:A	CONSISTENT
occ:field_list:1.0.0@preproc_split_key#empty	key-fields	preproc_split_key	empty	admitted		B7b-1	empty-semantic-rejected	TPL=0,X=0:A;TPL=0,X=1:A;TPL=1,X=0:A;TPL=1,X=1:A	CONSISTENT
occ:field_list:1.0.0@preproc_split_key#empty+comments	key-fields	preproc_split_key	empty+comments	admitted		B7b-1	empty-semantic-rejected	TPL=0,X=0:A;TPL=0,X=1:A;TPL=1,X=0:A;TPL=1,X=1:A	CONSISTENT
occ:field_list:1.0.0@preproc_split_key#empty+not	key-fields	preproc_split_key	empty+not	admitted		B7b-1	empty-semantic-rejected	TPL=0,X=0:A;TPL=0,X=1:A;TPL=1,X=0:A;TPL=1,X=1:A	CONSISTENT
occ:field_list:1.0.0@preproc_split_key#empty-list	key-fields	preproc_split_key	empty-list	admitted		B7b-1	empty-semantic-rejected	TPL=0,X=0:A;TPL=0,X=1:A;TPL=1,X=0:R;TPL=1,X=1:A	MIXED:TPL=0,X=0:CONSISTENT;TPL=0,X=1:CONSISTENT;TPL=1,X=0:REJECTED/semantic/over-accepts;TPL=1,X=1:CONSISTENT
occ:field_list:1.0.0@preproc_split_key#empty-list+comments	key-fields	preproc_split_key	empty-list+comments	admitted		B7b-1	empty-semantic-rejected	TPL=0,X=0:A;TPL=0,X=1:A;TPL=1,X=0:R;TPL=1,X=1:A	MIXED:TPL=0,X=0:CONSISTENT;TPL=0,X=1:CONSISTENT;TPL=1,X=0:REJECTED/semantic/over-accepts;TPL=1,X=1:CONSISTENT
occ:field_list:1.0.0@preproc_split_key#empty-list+not	key-fields	preproc_split_key	empty-list+not	admitted		B7b-1	empty-semantic-rejected	TPL=0,X=0:A;TPL=0,X=1:A;TPL=1,X=0:A;TPL=1,X=1:R	MIXED:TPL=0,X=0:CONSISTENT;TPL=0,X=1:CONSISTENT;TPL=1,X=0:CONSISTENT;TPL=1,X=1:REJECTED/semantic/over-accepts
occ:field_list:1.0.0@preproc_split_key#first-replace	key-fields	preproc_split_key	first-replace	admitted		B7b-1	empty-semantic-rejected	TPL=0,X=0:A;TPL=0,X=1:A;TPL=1,X=0:A;TPL=1,X=1:A	CONSISTENT
occ:field_list:1.0.0@preproc_split_key#first-replace+comments	key-fields	preproc_split_key	first-replace+comments	admitted		B7b-1	empty-semantic-rejected	TPL=0,X=0:A;TPL=0,X=1:A;TPL=1,X=0:A;TPL=1,X=1:A	CONSISTENT
occ:field_list:1.0.0@preproc_split_key#first-replace+not	key-fields	preproc_split_key	first-replace+not	admitted		B7b-1	empty-semantic-rejected	TPL=0,X=0:A;TPL=0,X=1:A;TPL=1,X=0:A;TPL=1,X=1:A	CONSISTENT
occ:field_list:1.0.0@preproc_split_key#holes-lead	key-fields	preproc_split_key	holes-lead	admitted		B7b-1	empty-semantic-rejected	TPL=0,X=0:A;TPL=0,X=1:A;TPL=1,X=0:A;TPL=1,X=1:R	MIXED:TPL=0,X=0:CONSISTENT;TPL=0,X=1:CONSISTENT;TPL=1,X=0:CONSISTENT;TPL=1,X=1:REJECTED/syntax/over-accepts
occ:field_list:1.0.0@preproc_split_key#holes-lead+comments	key-fields	preproc_split_key	holes-lead+comments	admitted		B7b-1	empty-semantic-rejected	TPL=0,X=0:A;TPL=0,X=1:A;TPL=1,X=0:A;TPL=1,X=1:R	MIXED:TPL=0,X=0:CONSISTENT;TPL=0,X=1:CONSISTENT;TPL=1,X=0:CONSISTENT;TPL=1,X=1:REJECTED/syntax/over-accepts
occ:field_list:1.0.0@preproc_split_key#holes-lead+not	key-fields	preproc_split_key	holes-lead+not	admitted		B7b-1	empty-semantic-rejected	TPL=0,X=0:A;TPL=0,X=1:A;TPL=1,X=0:R;TPL=1,X=1:A	MIXED:TPL=0,X=0:CONSISTENT;TPL=0,X=1:CONSISTENT;TPL=1,X=0:REJECTED/syntax/over-accepts;TPL=1,X=1:CONSISTENT
occ:field_list:1.0.0@preproc_split_key#holes-mid	key-fields	preproc_split_key	holes-mid	admitted		B7b-1	empty-semantic-rejected	TPL=0,X=0:A;TPL=0,X=1:A;TPL=1,X=0:A;TPL=1,X=1:R	MIXED:TPL=0,X=0:CONSISTENT;TPL=0,X=1:CONSISTENT;TPL=1,X=0:CONSISTENT;TPL=1,X=1:REJECTED/syntax/over-accepts
occ:field_list:1.0.0@preproc_split_key#holes-mid+comments	key-fields	preproc_split_key	holes-mid+comments	admitted		B7b-1	empty-semantic-rejected	TPL=0,X=0:A;TPL=0,X=1:A;TPL=1,X=0:A;TPL=1,X=1:R	MIXED:TPL=0,X=0:CONSISTENT;TPL=0,X=1:CONSISTENT;TPL=1,X=0:CONSISTENT;TPL=1,X=1:REJECTED/syntax/over-accepts
occ:field_list:1.0.0@preproc_split_key#holes-mid+not	key-fields	preproc_split_key	holes-mid+not	admitted		B7b-1	empty-semantic-rejected	TPL=0,X=0:A;TPL=0,X=1:A;TPL=1,X=0:R;TPL=1,X=1:A	MIXED:TPL=0,X=0:CONSISTENT;TPL=0,X=1:CONSISTENT;TPL=1,X=0:REJECTED/syntax/over-accepts;TPL=1,X=1:CONSISTENT
occ:field_list:1.0.0@preproc_split_key#holes-trail	key-fields	preproc_split_key	holes-trail	admitted		B7b-1	empty-semantic-rejected	TPL=0,X=0:A;TPL=0,X=1:A;TPL=1,X=0:A;TPL=1,X=1:R	MIXED:TPL=0,X=0:CONSISTENT;TPL=0,X=1:CONSISTENT;TPL=1,X=0:CONSISTENT;TPL=1,X=1:REJECTED/semantic/over-accepts
occ:field_list:1.0.0@preproc_split_key#holes-trail+comments	key-fields	preproc_split_key	holes-trail+comments	admitted		B7b-1	empty-semantic-rejected	TPL=0,X=0:A;TPL=0,X=1:A;TPL=1,X=0:A;TPL=1,X=1:R	MIXED:TPL=0,X=0:CONSISTENT;TPL=0,X=1:CONSISTENT;TPL=1,X=0:CONSISTENT;TPL=1,X=1:REJECTED/semantic/over-accepts
occ:field_list:1.0.0@preproc_split_key#holes-trail+not	key-fields	preproc_split_key	holes-trail+not	admitted		B7b-1	empty-semantic-rejected	TPL=0,X=0:A;TPL=0,X=1:A;TPL=1,X=0:R;TPL=1,X=1:A	MIXED:TPL=0,X=0:CONSISTENT;TPL=0,X=1:CONSISTENT;TPL=1,X=0:REJECTED/semantic/over-accepts;TPL=1,X=1:CONSISTENT
occ:field_list:1.0.0@preproc_split_key#lead-optional	key-fields	preproc_split_key	lead-optional	admitted		B7b-1	empty-semantic-rejected	TPL=0,X=0:A;TPL=0,X=1:A;TPL=1,X=0:A;TPL=1,X=1:A	CONSISTENT
occ:field_list:1.0.0@preproc_split_key#lead-optional+comments	key-fields	preproc_split_key	lead-optional+comments	admitted		B7b-1	empty-semantic-rejected	TPL=0,X=0:A;TPL=0,X=1:A;TPL=1,X=0:A;TPL=1,X=1:A	CONSISTENT
occ:field_list:1.0.0@preproc_split_key#lead-optional+not	key-fields	preproc_split_key	lead-optional+not	admitted		B7b-1	empty-semantic-rejected	TPL=0,X=0:A;TPL=0,X=1:A;TPL=1,X=0:A;TPL=1,X=1:A	CONSISTENT
occ:field_list:1.0.0@preproc_split_key#nested	key-fields	preproc_split_key	nested	admitted		B7b-1	empty-semantic-rejected	TPL=0,X=0,Y=0:A;TPL=0,X=0,Y=1:A;TPL=0,X=1,Y=0:A;TPL=0,X=1,Y=1:A;TPL=1,X=0,Y=0:A;TPL=1,X=0,Y=1:A;TPL=1,X=1,Y=0:A;TPL=1,X=1,Y=1:A	CONSISTENT
occ:field_list:1.0.0@preproc_split_key#nested+comments	key-fields	preproc_split_key	nested+comments	admitted		B7b-1	empty-semantic-rejected	TPL=0,X=0,Y=0:A;TPL=0,X=0,Y=1:A;TPL=0,X=1,Y=0:A;TPL=0,X=1,Y=1:A;TPL=1,X=0,Y=0:A;TPL=1,X=0,Y=1:A;TPL=1,X=1,Y=0:A;TPL=1,X=1,Y=1:A	CONSISTENT
occ:field_list:1.0.0@preproc_split_key#nested+not	key-fields	preproc_split_key	nested+not	admitted		B7b-1	empty-semantic-rejected	TPL=0,X=0,Y=0:A;TPL=0,X=0,Y=1:A;TPL=0,X=1,Y=0:A;TPL=0,X=1,Y=1:A;TPL=1,X=0,Y=0:A;TPL=1,X=0,Y=1:A;TPL=1,X=1,Y=0:A;TPL=1,X=1,Y=1:A	CONSISTENT
occ:field_list:1.0.0@preproc_split_key#one-elem	key-fields	preproc_split_key	one-elem	admitted		B7b-1	empty-semantic-rejected	TPL=0,X=0:A;TPL=0,X=1:A;TPL=1,X=0:A;TPL=1,X=1:A	CONSISTENT
occ:field_list:1.0.0@preproc_split_key#one-elem+comments	key-fields	preproc_split_key	one-elem+comments	admitted		B7b-1	empty-semantic-rejected	TPL=0,X=0:A;TPL=0,X=1:A;TPL=1,X=0:A;TPL=1,X=1:A	CONSISTENT
occ:field_list:1.0.0@preproc_split_key#one-elem+not	key-fields	preproc_split_key	one-elem+not	admitted		B7b-1	empty-semantic-rejected	TPL=0,X=0:A;TPL=0,X=1:A;TPL=1,X=0:A;TPL=1,X=1:A	CONSISTENT
occ:field_list:1.0.0@preproc_split_key#sep-after	key-fields	preproc_split_key	sep-after	admitted		B7b-1	empty-semantic-rejected	TPL=0,X=0:A;TPL=0,X=1:A;TPL=1,X=0:A;TPL=1,X=1:A	CONSISTENT
occ:field_list:1.0.0@preproc_split_key#sep-after+comments	key-fields	preproc_split_key	sep-after+comments	admitted		B7b-1	empty-semantic-rejected	TPL=0,X=0:A;TPL=0,X=1:A;TPL=1,X=0:A;TPL=1,X=1:A	CONSISTENT
occ:field_list:1.0.0@preproc_split_key#sep-after+not	key-fields	preproc_split_key	sep-after+not	admitted		B7b-1	empty-semantic-rejected	TPL=0,X=0:A;TPL=0,X=1:A;TPL=1,X=0:A;TPL=1,X=1:A	CONSISTENT
occ:field_list:1.0.0@preproc_split_key#sep-before	key-fields	preproc_split_key	sep-before	admitted		B7b-1	empty-semantic-rejected	TPL=0,X=0:A;TPL=0,X=1:A;TPL=1,X=0:A;TPL=1,X=1:A	CONSISTENT
occ:field_list:1.0.0@preproc_split_key#sep-before+comments	key-fields	preproc_split_key	sep-before+comments	admitted		B7b-1	empty-semantic-rejected	TPL=0,X=0:A;TPL=0,X=1:A;TPL=1,X=0:A;TPL=1,X=1:A	CONSISTENT
occ:field_list:1.0.0@preproc_split_key#sep-before+not	key-fields	preproc_split_key	sep-before+not	admitted		B7b-1	empty-semantic-rejected	TPL=0,X=0:A;TPL=0,X=1:A;TPL=1,X=0:A;TPL=1,X=1:A	CONSISTENT
occ:field_list:1.0.0@preproc_split_key#sep-before-end	key-fields	preproc_split_key	sep-before-end	admitted		B7b-1	empty-semantic-rejected	TPL=0,X=0:A;TPL=0,X=1:A;TPL=1,X=0:A;TPL=1,X=1:A	CONSISTENT
occ:field_list:1.0.0@preproc_split_key#sep-before-end+comments	key-fields	preproc_split_key	sep-before-end+comments	admitted		B7b-1	empty-semantic-rejected	TPL=0,X=0:A;TPL=0,X=1:A;TPL=1,X=0:A;TPL=1,X=1:A	CONSISTENT
occ:field_list:1.0.0@preproc_split_key#sep-before-end+not	key-fields	preproc_split_key	sep-before-end+not	admitted		B7b-1	empty-semantic-rejected	TPL=0,X=0:A;TPL=0,X=1:A;TPL=1,X=0:A;TPL=1,X=1:A	CONSISTENT
occ:field_list:1.0.0@preproc_split_key#sep-only	key-fields	preproc_split_key	sep-only	admitted		B7b-1	empty-semantic-rejected	TPL=0,X=0:A;TPL=0,X=1:A;TPL=1,X=0:A;TPL=1,X=1:A	CONSISTENT
occ:field_list:1.0.0@preproc_split_key#sep-only+comments	key-fields	preproc_split_key	sep-only+comments	admitted		B7b-1	empty-semantic-rejected	TPL=0,X=0:A;TPL=0,X=1:A;TPL=1,X=0:A;TPL=1,X=1:A	CONSISTENT
occ:field_list:1.0.0@preproc_split_key#sep-only+not	key-fields	preproc_split_key	sep-only+not	admitted		B7b-1	empty-semantic-rejected	TPL=0,X=0:A;TPL=0,X=1:A;TPL=1,X=0:A;TPL=1,X=1:A	CONSISTENT
occ:field_list:1.0.0@preproc_split_key#trail	key-fields	preproc_split_key	trail	admitted		B7b-1	empty-semantic-rejected	TPL=0,X=0:A;TPL=0,X=1:A;TPL=1,X=0:R;TPL=1,X=1:A	MIXED:TPL=0,X=0:CONSISTENT;TPL=0,X=1:CONSISTENT;TPL=1,X=0:REJECTED/semantic/over-accepts;TPL=1,X=1:CONSISTENT
occ:field_list:1.0.0@preproc_split_key#trail+comments	key-fields	preproc_split_key	trail+comments	admitted		B7b-1	empty-semantic-rejected	TPL=0,X=0:A;TPL=0,X=1:A;TPL=1,X=0:R;TPL=1,X=1:A	MIXED:TPL=0,X=0:CONSISTENT;TPL=0,X=1:CONSISTENT;TPL=1,X=0:REJECTED/semantic/over-accepts;TPL=1,X=1:CONSISTENT
occ:field_list:1.0.0@preproc_split_key#trail+not	key-fields	preproc_split_key	trail+not	admitted		B7b-1	empty-semantic-rejected	TPL=0,X=0:A;TPL=0,X=1:A;TPL=1,X=0:A;TPL=1,X=1:R	MIXED:TPL=0,X=0:CONSISTENT;TPL=0,X=1:CONSISTENT;TPL=1,X=0:CONSISTENT;TPL=1,X=1:REJECTED/semantic/over-accepts
occ:implements_clause:2.0.0@codeunit_declaration#empty	implements	codeunit_declaration	empty	admitted		B7b-1	empty-syntax-rejected	X=0:A;X=1:A	CONSISTENT
occ:implements_clause:2.0.0@codeunit_declaration#empty+comments	implements	codeunit_declaration	empty+comments	admitted		B7b-1	empty-syntax-rejected	X=0:A;X=1:A	CONSISTENT
occ:implements_clause:2.0.0@codeunit_declaration#empty+not	implements	codeunit_declaration	empty+not	admitted		B7b-1	empty-syntax-rejected	X=0:A;X=1:A	CONSISTENT
occ:implements_clause:2.0.0@codeunit_declaration#empty-list	implements	codeunit_declaration	empty-list	admitted		B7b-1	empty-syntax-rejected	X=0:R;X=1:A	MIXED:X=0:REJECTED/syntax/over-accepts;X=1:CONSISTENT
occ:implements_clause:2.0.0@codeunit_declaration#empty-list+comments	implements	codeunit_declaration	empty-list+comments	admitted		B7b-1	empty-syntax-rejected	X=0:R;X=1:A	MIXED:X=0:REJECTED/syntax/over-accepts;X=1:CONSISTENT
occ:implements_clause:2.0.0@codeunit_declaration#empty-list+not	implements	codeunit_declaration	empty-list+not	admitted		B7b-1	empty-syntax-rejected	X=0:A;X=1:R	MIXED:X=0:CONSISTENT;X=1:REJECTED/syntax/over-accepts
occ:implements_clause:2.0.0@codeunit_declaration#holes-lead	implements	codeunit_declaration	holes-lead	admitted		B7b-1	empty-syntax-rejected	X=0:A;X=1:R	MIXED:X=0:CONSISTENT;X=1:REJECTED/syntax/over-accepts
occ:implements_clause:2.0.0@codeunit_declaration#holes-lead+comments	implements	codeunit_declaration	holes-lead+comments	admitted		B7b-1	empty-syntax-rejected	X=0:A;X=1:R	MIXED:X=0:CONSISTENT;X=1:REJECTED/syntax/over-accepts
occ:implements_clause:2.0.0@codeunit_declaration#holes-lead+not	implements	codeunit_declaration	holes-lead+not	admitted		B7b-1	empty-syntax-rejected	X=0:R;X=1:A	MIXED:X=0:REJECTED/syntax/over-accepts;X=1:CONSISTENT
occ:implements_clause:2.0.0@codeunit_declaration#holes-mid	implements	codeunit_declaration	holes-mid	admitted		B7b-1	empty-syntax-rejected	X=0:A;X=1:R	MIXED:X=0:CONSISTENT;X=1:REJECTED/syntax/over-accepts
occ:implements_clause:2.0.0@codeunit_declaration#holes-mid+comments	implements	codeunit_declaration	holes-mid+comments	admitted		B7b-1	empty-syntax-rejected	X=0:A;X=1:R	MIXED:X=0:CONSISTENT;X=1:REJECTED/syntax/over-accepts
occ:implements_clause:2.0.0@codeunit_declaration#holes-mid+not	implements	codeunit_declaration	holes-mid+not	admitted		B7b-1	empty-syntax-rejected	X=0:R;X=1:A	MIXED:X=0:REJECTED/syntax/over-accepts;X=1:CONSISTENT
occ:implements_clause:2.0.0@codeunit_declaration#holes-trail	implements	codeunit_declaration	holes-trail	admitted		B7b-1	empty-syntax-rejected	X=0:A;X=1:R	MIXED:X=0:CONSISTENT;X=1:REJECTED/semantic/over-accepts
occ:implements_clause:2.0.0@codeunit_declaration#holes-trail+comments	implements	codeunit_declaration	holes-trail+comments	admitted		B7b-1	empty-syntax-rejected	X=0:A;X=1:R	MIXED:X=0:CONSISTENT;X=1:REJECTED/semantic/over-accepts
occ:implements_clause:2.0.0@codeunit_declaration#holes-trail+not	implements	codeunit_declaration	holes-trail+not	admitted		B7b-1	empty-syntax-rejected	X=0:R;X=1:A	MIXED:X=0:REJECTED/semantic/over-accepts;X=1:CONSISTENT
occ:implements_clause:2.0.0@codeunit_declaration#lead-optional	implements	codeunit_declaration	lead-optional	admitted		B7b-1	empty-syntax-rejected	X=0:A;X=1:A	CONSISTENT
occ:implements_clause:2.0.0@codeunit_declaration#lead-optional+comments	implements	codeunit_declaration	lead-optional+comments	admitted		B7b-1	empty-syntax-rejected	X=0:A;X=1:A	CONSISTENT
occ:implements_clause:2.0.0@codeunit_declaration#lead-optional+not	implements	codeunit_declaration	lead-optional+not	admitted		B7b-1	empty-syntax-rejected	X=0:A;X=1:A	CONSISTENT
occ:implements_clause:2.0.0@codeunit_declaration#one-elem	implements	codeunit_declaration	one-elem	admitted		B7b-1	empty-syntax-rejected	X=0:A;X=1:A	CONSISTENT
occ:implements_clause:2.0.0@codeunit_declaration#one-elem+comments	implements	codeunit_declaration	one-elem+comments	admitted		B7b-1	empty-syntax-rejected	X=0:A;X=1:A	CONSISTENT
occ:implements_clause:2.0.0@codeunit_declaration#one-elem+not	implements	codeunit_declaration	one-elem+not	admitted		B7b-1	empty-syntax-rejected	X=0:A;X=1:A	CONSISTENT
occ:implements_clause:2.0.0@codeunit_declaration#sep-before-end	implements	codeunit_declaration	sep-before-end	admitted		B7b-1	empty-syntax-rejected	X=0:A;X=1:A	CONSISTENT
occ:implements_clause:2.0.0@codeunit_declaration#sep-before-end+comments	implements	codeunit_declaration	sep-before-end+comments	admitted		B7b-1	empty-syntax-rejected	X=0:A;X=1:A	CONSISTENT
occ:implements_clause:2.0.0@codeunit_declaration#sep-before-end+not	implements	codeunit_declaration	sep-before-end+not	admitted		B7b-1	empty-syntax-rejected	X=0:A;X=1:A	CONSISTENT
occ:implements_clause:2.0.0@codeunit_declaration#sep-only	implements	codeunit_declaration	sep-only	admitted		B7b-1	empty-syntax-rejected	X=0:A;X=1:A	CONSISTENT
occ:implements_clause:2.0.0@codeunit_declaration#sep-only+comments	implements	codeunit_declaration	sep-only+comments	admitted		B7b-1	empty-syntax-rejected	X=0:A;X=1:A	CONSISTENT
occ:implements_clause:2.0.0@codeunit_declaration#sep-only+not	implements	codeunit_declaration	sep-only+not	admitted		B7b-1	empty-syntax-rejected	X=0:A;X=1:A	CONSISTENT
occ:implements_clause:2.0.0@codeunit_declaration#trail	implements	codeunit_declaration	trail	admitted		B7b-1	empty-syntax-rejected	X=0:R;X=1:A	MIXED:X=0:REJECTED/semantic/over-accepts;X=1:CONSISTENT
occ:implements_clause:2.0.0@codeunit_declaration#trail+comments	implements	codeunit_declaration	trail+comments	admitted		B7b-1	empty-syntax-rejected	X=0:R;X=1:A	MIXED:X=0:REJECTED/semantic/over-accepts;X=1:CONSISTENT
occ:implements_clause:2.0.0@codeunit_declaration#trail+not	implements	codeunit_declaration	trail+not	admitted		B7b-1	empty-syntax-rejected	X=0:A;X=1:R	MIXED:X=0:CONSISTENT;X=1:REJECTED/semantic/over-accepts
occ:implements_clause:2.0.0@enum_declaration#empty	implements	enum_declaration	empty	admitted		B7b-1	empty-syntax-rejected	X=0:A;X=1:A	CONSISTENT
occ:implements_clause:2.0.0@enum_declaration#empty+comments	implements	enum_declaration	empty+comments	admitted		B7b-1	empty-syntax-rejected	X=0:A;X=1:A	CONSISTENT
occ:implements_clause:2.0.0@enum_declaration#empty+not	implements	enum_declaration	empty+not	admitted		B7b-1	empty-syntax-rejected	X=0:A;X=1:A	CONSISTENT
occ:implements_clause:2.0.0@enum_declaration#empty-list	implements	enum_declaration	empty-list	admitted		B7b-1	empty-syntax-rejected	X=0:R;X=1:A	MIXED:X=0:REJECTED/syntax/over-accepts;X=1:CONSISTENT
occ:implements_clause:2.0.0@enum_declaration#empty-list+comments	implements	enum_declaration	empty-list+comments	admitted		B7b-1	empty-syntax-rejected	X=0:R;X=1:A	MIXED:X=0:REJECTED/syntax/over-accepts;X=1:CONSISTENT
occ:implements_clause:2.0.0@enum_declaration#empty-list+not	implements	enum_declaration	empty-list+not	admitted		B7b-1	empty-syntax-rejected	X=0:A;X=1:R	MIXED:X=0:CONSISTENT;X=1:REJECTED/syntax/over-accepts
occ:implements_clause:2.0.0@enum_declaration#holes-lead	implements	enum_declaration	holes-lead	admitted		B7b-1	empty-syntax-rejected	X=0:A;X=1:R	MIXED:X=0:CONSISTENT;X=1:REJECTED/syntax/over-accepts
occ:implements_clause:2.0.0@enum_declaration#holes-lead+comments	implements	enum_declaration	holes-lead+comments	admitted		B7b-1	empty-syntax-rejected	X=0:A;X=1:R	MIXED:X=0:CONSISTENT;X=1:REJECTED/syntax/over-accepts
occ:implements_clause:2.0.0@enum_declaration#holes-lead+not	implements	enum_declaration	holes-lead+not	admitted		B7b-1	empty-syntax-rejected	X=0:R;X=1:A	MIXED:X=0:REJECTED/syntax/over-accepts;X=1:CONSISTENT
occ:implements_clause:2.0.0@enum_declaration#holes-mid	implements	enum_declaration	holes-mid	admitted		B7b-1	empty-syntax-rejected	X=0:A;X=1:R	MIXED:X=0:CONSISTENT;X=1:REJECTED/syntax/over-accepts
occ:implements_clause:2.0.0@enum_declaration#holes-mid+comments	implements	enum_declaration	holes-mid+comments	admitted		B7b-1	empty-syntax-rejected	X=0:A;X=1:R	MIXED:X=0:CONSISTENT;X=1:REJECTED/syntax/over-accepts
occ:implements_clause:2.0.0@enum_declaration#holes-mid+not	implements	enum_declaration	holes-mid+not	admitted		B7b-1	empty-syntax-rejected	X=0:R;X=1:A	MIXED:X=0:REJECTED/syntax/over-accepts;X=1:CONSISTENT
occ:implements_clause:2.0.0@enum_declaration#holes-trail	implements	enum_declaration	holes-trail	admitted		B7b-1	empty-syntax-rejected	X=0:A;X=1:R	MIXED:X=0:CONSISTENT;X=1:REJECTED/semantic/over-accepts
occ:implements_clause:2.0.0@enum_declaration#holes-trail+comments	implements	enum_declaration	holes-trail+comments	admitted		B7b-1	empty-syntax-rejected	X=0:A;X=1:R	MIXED:X=0:CONSISTENT;X=1:REJECTED/semantic/over-accepts
occ:implements_clause:2.0.0@enum_declaration#holes-trail+not	implements	enum_declaration	holes-trail+not	admitted		B7b-1	empty-syntax-rejected	X=0:R;X=1:A	MIXED:X=0:REJECTED/semantic/over-accepts;X=1:CONSISTENT
occ:implements_clause:2.0.0@enum_declaration#lead-optional	implements	enum_declaration	lead-optional	admitted		B7b-1	empty-syntax-rejected	X=0:R;X=1:A	MIXED:X=0:REJECTED/semantic/over-accepts;X=1:CONSISTENT
occ:implements_clause:2.0.0@enum_declaration#lead-optional+comments	implements	enum_declaration	lead-optional+comments	admitted		B7b-1	empty-syntax-rejected	X=0:R;X=1:A	MIXED:X=0:REJECTED/semantic/over-accepts;X=1:CONSISTENT
occ:implements_clause:2.0.0@enum_declaration#lead-optional+not	implements	enum_declaration	lead-optional+not	admitted		B7b-1	empty-syntax-rejected	X=0:A;X=1:R	MIXED:X=0:CONSISTENT;X=1:REJECTED/semantic/over-accepts
occ:implements_clause:2.0.0@enum_declaration#one-elem	implements	enum_declaration	one-elem	admitted		B7b-1	empty-syntax-rejected	X=0:R;X=1:A	MIXED:X=0:REJECTED/semantic/over-accepts;X=1:CONSISTENT
occ:implements_clause:2.0.0@enum_declaration#one-elem+comments	implements	enum_declaration	one-elem+comments	admitted		B7b-1	empty-syntax-rejected	X=0:R;X=1:A	MIXED:X=0:REJECTED/semantic/over-accepts;X=1:CONSISTENT
occ:implements_clause:2.0.0@enum_declaration#one-elem+not	implements	enum_declaration	one-elem+not	admitted		B7b-1	empty-syntax-rejected	X=0:A;X=1:R	MIXED:X=0:CONSISTENT;X=1:REJECTED/semantic/over-accepts
occ:implements_clause:2.0.0@enum_declaration#sep-before-end	implements	enum_declaration	sep-before-end	admitted		B7b-1	empty-syntax-rejected	X=0:R;X=1:A	MIXED:X=0:REJECTED/semantic/over-accepts;X=1:CONSISTENT
occ:implements_clause:2.0.0@enum_declaration#sep-before-end+comments	implements	enum_declaration	sep-before-end+comments	admitted		B7b-1	empty-syntax-rejected	X=0:R;X=1:A	MIXED:X=0:REJECTED/semantic/over-accepts;X=1:CONSISTENT
occ:implements_clause:2.0.0@enum_declaration#sep-before-end+not	implements	enum_declaration	sep-before-end+not	admitted		B7b-1	empty-syntax-rejected	X=0:A;X=1:R	MIXED:X=0:CONSISTENT;X=1:REJECTED/semantic/over-accepts
occ:implements_clause:2.0.0@enum_declaration#sep-only	implements	enum_declaration	sep-only	admitted		B7b-1	empty-syntax-rejected	X=0:A;X=1:A	CONSISTENT
occ:implements_clause:2.0.0@enum_declaration#sep-only+comments	implements	enum_declaration	sep-only+comments	admitted		B7b-1	empty-syntax-rejected	X=0:A;X=1:A	CONSISTENT
occ:implements_clause:2.0.0@enum_declaration#sep-only+not	implements	enum_declaration	sep-only+not	admitted		B7b-1	empty-syntax-rejected	X=0:A;X=1:A	CONSISTENT
occ:implements_clause:2.0.0@enum_declaration#trail	implements	enum_declaration	trail	admitted		B7b-1	empty-syntax-rejected	X=0:R;X=1:A	MIXED:X=0:REJECTED/semantic/over-accepts;X=1:CONSISTENT
occ:implements_clause:2.0.0@enum_declaration#trail+comments	implements	enum_declaration	trail+comments	admitted		B7b-1	empty-syntax-rejected	X=0:R;X=1:A	MIXED:X=0:REJECTED/semantic/over-accepts;X=1:CONSISTENT
occ:implements_clause:2.0.0@enum_declaration#trail+not	implements	enum_declaration	trail+not	admitted		B7b-1	empty-syntax-rejected	X=0:A;X=1:R	MIXED:X=0:CONSISTENT;X=1:REJECTED/semantic/over-accepts
occ:implements_clause:2.0.0@preproc_split_declaration#empty	implements	preproc_split_declaration	empty	admitted		B7b-1	empty-syntax-rejected	TPL=0,X=0:A;TPL=0,X=1:A;TPL=1,X=0:A;TPL=1,X=1:A	CONSISTENT
occ:implements_clause:2.0.0@preproc_split_declaration#empty+comments	implements	preproc_split_declaration	empty+comments	admitted		B7b-1	empty-syntax-rejected	TPL=0,X=0:A;TPL=0,X=1:A;TPL=1,X=0:A;TPL=1,X=1:A	CONSISTENT
occ:implements_clause:2.0.0@preproc_split_declaration#empty+not	implements	preproc_split_declaration	empty+not	admitted		B7b-1	empty-syntax-rejected	TPL=0,X=0:A;TPL=0,X=1:A;TPL=1,X=0:A;TPL=1,X=1:A	CONSISTENT
occ:implements_clause:2.0.0@preproc_split_declaration#empty-list	implements	preproc_split_declaration	empty-list	admitted		B7b-1	empty-syntax-rejected	TPL=0,X=0:A;TPL=0,X=1:A;TPL=1,X=0:R;TPL=1,X=1:A	MIXED:TPL=0,X=0:CONSISTENT;TPL=0,X=1:CONSISTENT;TPL=1,X=0:REJECTED/syntax/over-accepts;TPL=1,X=1:CONSISTENT
occ:implements_clause:2.0.0@preproc_split_declaration#empty-list+comments	implements	preproc_split_declaration	empty-list+comments	admitted		B7b-1	empty-syntax-rejected	TPL=0,X=0:A;TPL=0,X=1:A;TPL=1,X=0:R;TPL=1,X=1:A	MIXED:TPL=0,X=0:CONSISTENT;TPL=0,X=1:CONSISTENT;TPL=1,X=0:REJECTED/syntax/over-accepts;TPL=1,X=1:CONSISTENT
occ:implements_clause:2.0.0@preproc_split_declaration#empty-list+not	implements	preproc_split_declaration	empty-list+not	admitted		B7b-1	empty-syntax-rejected	TPL=0,X=0:A;TPL=0,X=1:A;TPL=1,X=0:A;TPL=1,X=1:R	MIXED:TPL=0,X=0:CONSISTENT;TPL=0,X=1:CONSISTENT;TPL=1,X=0:CONSISTENT;TPL=1,X=1:REJECTED/syntax/over-accepts
occ:implements_clause:2.0.0@preproc_split_declaration#holes-lead	implements	preproc_split_declaration	holes-lead	admitted		B7b-1	empty-syntax-rejected	TPL=0,X=0:A;TPL=0,X=1:A;TPL=1,X=0:A;TPL=1,X=1:R	MIXED:TPL=0,X=0:CONSISTENT;TPL=0,X=1:CONSISTENT;TPL=1,X=0:CONSISTENT;TPL=1,X=1:REJECTED/syntax/over-accepts
occ:implements_clause:2.0.0@preproc_split_declaration#holes-lead+comments	implements	preproc_split_declaration	holes-lead+comments	admitted		B7b-1	empty-syntax-rejected	TPL=0,X=0:A;TPL=0,X=1:A;TPL=1,X=0:A;TPL=1,X=1:R	MIXED:TPL=0,X=0:CONSISTENT;TPL=0,X=1:CONSISTENT;TPL=1,X=0:CONSISTENT;TPL=1,X=1:REJECTED/syntax/over-accepts
occ:implements_clause:2.0.0@preproc_split_declaration#holes-lead+not	implements	preproc_split_declaration	holes-lead+not	admitted		B7b-1	empty-syntax-rejected	TPL=0,X=0:A;TPL=0,X=1:A;TPL=1,X=0:R;TPL=1,X=1:A	MIXED:TPL=0,X=0:CONSISTENT;TPL=0,X=1:CONSISTENT;TPL=1,X=0:REJECTED/syntax/over-accepts;TPL=1,X=1:CONSISTENT
occ:implements_clause:2.0.0@preproc_split_declaration#holes-mid	implements	preproc_split_declaration	holes-mid	admitted		B7b-1	empty-syntax-rejected	TPL=0,X=0:A;TPL=0,X=1:A;TPL=1,X=0:A;TPL=1,X=1:R	MIXED:TPL=0,X=0:CONSISTENT;TPL=0,X=1:CONSISTENT;TPL=1,X=0:CONSISTENT;TPL=1,X=1:REJECTED/syntax/over-accepts
occ:implements_clause:2.0.0@preproc_split_declaration#holes-mid+comments	implements	preproc_split_declaration	holes-mid+comments	admitted		B7b-1	empty-syntax-rejected	TPL=0,X=0:A;TPL=0,X=1:A;TPL=1,X=0:A;TPL=1,X=1:R	MIXED:TPL=0,X=0:CONSISTENT;TPL=0,X=1:CONSISTENT;TPL=1,X=0:CONSISTENT;TPL=1,X=1:REJECTED/syntax/over-accepts
occ:implements_clause:2.0.0@preproc_split_declaration#holes-mid+not	implements	preproc_split_declaration	holes-mid+not	admitted		B7b-1	empty-syntax-rejected	TPL=0,X=0:A;TPL=0,X=1:A;TPL=1,X=0:R;TPL=1,X=1:A	MIXED:TPL=0,X=0:CONSISTENT;TPL=0,X=1:CONSISTENT;TPL=1,X=0:REJECTED/syntax/over-accepts;TPL=1,X=1:CONSISTENT
occ:implements_clause:2.0.0@preproc_split_declaration#holes-trail	implements	preproc_split_declaration	holes-trail	admitted		B7b-1	empty-syntax-rejected	TPL=0,X=0:A;TPL=0,X=1:A;TPL=1,X=0:A;TPL=1,X=1:R	MIXED:TPL=0,X=0:CONSISTENT;TPL=0,X=1:CONSISTENT;TPL=1,X=0:CONSISTENT;TPL=1,X=1:REJECTED/semantic/over-accepts
occ:implements_clause:2.0.0@preproc_split_declaration#holes-trail+comments	implements	preproc_split_declaration	holes-trail+comments	admitted		B7b-1	empty-syntax-rejected	TPL=0,X=0:A;TPL=0,X=1:A;TPL=1,X=0:A;TPL=1,X=1:R	MIXED:TPL=0,X=0:CONSISTENT;TPL=0,X=1:CONSISTENT;TPL=1,X=0:CONSISTENT;TPL=1,X=1:REJECTED/semantic/over-accepts
occ:implements_clause:2.0.0@preproc_split_declaration#holes-trail+not	implements	preproc_split_declaration	holes-trail+not	admitted		B7b-1	empty-syntax-rejected	TPL=0,X=0:A;TPL=0,X=1:A;TPL=1,X=0:R;TPL=1,X=1:A	MIXED:TPL=0,X=0:CONSISTENT;TPL=0,X=1:CONSISTENT;TPL=1,X=0:REJECTED/semantic/over-accepts;TPL=1,X=1:CONSISTENT
occ:implements_clause:2.0.0@preproc_split_declaration#lead-optional	implements	preproc_split_declaration	lead-optional	admitted		B7b-1	empty-syntax-rejected	TPL=0,X=0:A;TPL=0,X=1:A;TPL=1,X=0:A;TPL=1,X=1:A	CONSISTENT
occ:implements_clause:2.0.0@preproc_split_declaration#lead-optional+comments	implements	preproc_split_declaration	lead-optional+comments	admitted		B7b-1	empty-syntax-rejected	TPL=0,X=0:A;TPL=0,X=1:A;TPL=1,X=0:A;TPL=1,X=1:A	CONSISTENT
occ:implements_clause:2.0.0@preproc_split_declaration#lead-optional+not	implements	preproc_split_declaration	lead-optional+not	admitted		B7b-1	empty-syntax-rejected	TPL=0,X=0:A;TPL=0,X=1:A;TPL=1,X=0:A;TPL=1,X=1:A	CONSISTENT
occ:implements_clause:2.0.0@preproc_split_declaration#one-elem	implements	preproc_split_declaration	one-elem	admitted		B7b-1	empty-syntax-rejected	TPL=0,X=0:A;TPL=0,X=1:A;TPL=1,X=0:A;TPL=1,X=1:A	CONSISTENT
occ:implements_clause:2.0.0@preproc_split_declaration#one-elem+comments	implements	preproc_split_declaration	one-elem+comments	admitted		B7b-1	empty-syntax-rejected	TPL=0,X=0:A;TPL=0,X=1:A;TPL=1,X=0:A;TPL=1,X=1:A	CONSISTENT
occ:implements_clause:2.0.0@preproc_split_declaration#one-elem+not	implements	preproc_split_declaration	one-elem+not	admitted		B7b-1	empty-syntax-rejected	TPL=0,X=0:A;TPL=0,X=1:A;TPL=1,X=0:A;TPL=1,X=1:A	CONSISTENT
occ:implements_clause:2.0.0@preproc_split_declaration#sep-before-end	implements	preproc_split_declaration	sep-before-end	admitted		B7b-1	empty-syntax-rejected	TPL=0,X=0:A;TPL=0,X=1:A;TPL=1,X=0:A;TPL=1,X=1:A	CONSISTENT
occ:implements_clause:2.0.0@preproc_split_declaration#sep-before-end+comments	implements	preproc_split_declaration	sep-before-end+comments	admitted		B7b-1	empty-syntax-rejected	TPL=0,X=0:A;TPL=0,X=1:A;TPL=1,X=0:A;TPL=1,X=1:A	CONSISTENT
occ:implements_clause:2.0.0@preproc_split_declaration#sep-before-end+not	implements	preproc_split_declaration	sep-before-end+not	admitted		B7b-1	empty-syntax-rejected	TPL=0,X=0:A;TPL=0,X=1:A;TPL=1,X=0:A;TPL=1,X=1:A	CONSISTENT
occ:implements_clause:2.0.0@preproc_split_declaration#sep-only	implements	preproc_split_declaration	sep-only	admitted		B7b-1	empty-syntax-rejected	TPL=0,X=0:A;TPL=0,X=1:A;TPL=1,X=0:A;TPL=1,X=1:A	CONSISTENT
occ:implements_clause:2.0.0@preproc_split_declaration#sep-only+comments	implements	preproc_split_declaration	sep-only+comments	admitted		B7b-1	empty-syntax-rejected	TPL=0,X=0:A;TPL=0,X=1:A;TPL=1,X=0:A;TPL=1,X=1:A	CONSISTENT
occ:implements_clause:2.0.0@preproc_split_declaration#sep-only+not	implements	preproc_split_declaration	sep-only+not	admitted		B7b-1	empty-syntax-rejected	TPL=0,X=0:A;TPL=0,X=1:A;TPL=1,X=0:A;TPL=1,X=1:A	CONSISTENT
occ:implements_clause:2.0.0@preproc_split_declaration#trail	implements	preproc_split_declaration	trail	admitted		B7b-1	empty-syntax-rejected	TPL=0,X=0:A;TPL=0,X=1:A;TPL=1,X=0:R;TPL=1,X=1:A	MIXED:TPL=0,X=0:CONSISTENT;TPL=0,X=1:CONSISTENT;TPL=1,X=0:REJECTED/semantic/over-accepts;TPL=1,X=1:CONSISTENT
occ:implements_clause:2.0.0@preproc_split_declaration#trail+comments	implements	preproc_split_declaration	trail+comments	admitted		B7b-1	empty-syntax-rejected	TPL=0,X=0:A;TPL=0,X=1:A;TPL=1,X=0:R;TPL=1,X=1:A	MIXED:TPL=0,X=0:CONSISTENT;TPL=0,X=1:CONSISTENT;TPL=1,X=0:REJECTED/semantic/over-accepts;TPL=1,X=1:CONSISTENT
occ:implements_clause:2.0.0@preproc_split_declaration#trail+not	implements	preproc_split_declaration	trail+not	admitted		B7b-1	empty-syntax-rejected	TPL=0,X=0:A;TPL=0,X=1:A;TPL=1,X=0:A;TPL=1,X=1:R	MIXED:TPL=0,X=0:CONSISTENT;TPL=0,X=1:CONSISTENT;TPL=1,X=0:CONSISTENT;TPL=1,X=1:REJECTED/semantic/over-accepts
occ:moveafter_modification:1.2@action_body#adjacent-compl	move-modification	action_body	adjacent-compl	excluded	group supplies or replaces the fixed `;` (fixed-header separator, B7b-3)	B7b-3	empty-semantic-rejected	X=0:A;X=1:A	GAP
occ:moveafter_modification:1.2@action_body#adjacent-compl+comments	move-modification	action_body	adjacent-compl+comments	excluded	group supplies or replaces the fixed `;` (fixed-header separator, B7b-3)	B7b-3	empty-semantic-rejected	X=0:A;X=1:A	GAP
occ:moveafter_modification:1.2@action_body#adjacent-compl+not	move-modification	action_body	adjacent-compl+not	excluded	group supplies or replaces the fixed `;` (fixed-header separator, B7b-3)	B7b-3	empty-semantic-rejected	X=0:A;X=1:A	GAP
occ:moveafter_modification:1.2@action_body#elif	move-modification	action_body	elif	excluded	group supplies or replaces the fixed `;` (fixed-header separator, B7b-3)	B7b-3	empty-semantic-rejected	X=0,Y=0:A;X=0,Y=1:A;X=1,Y=0:A;X=1,Y=1:A	GAP
occ:moveafter_modification:1.2@action_body#elif+comments	move-modification	action_body	elif+comments	excluded	group supplies or replaces the fixed `;` (fixed-header separator, B7b-3)	B7b-3	empty-semantic-rejected	X=0,Y=0:A;X=0,Y=1:A;X=1,Y=0:A;X=1,Y=1:A	GAP
occ:moveafter_modification:1.2@action_body#elif+not	move-modification	action_body	elif+not	excluded	group supplies or replaces the fixed `;` (fixed-header separator, B7b-3)	B7b-3	empty-semantic-rejected	X=0,Y=0:A;X=0,Y=1:A;X=1,Y=0:A;X=1,Y=1:A	GAP
occ:moveafter_modification:1.2@action_body#empty	move-modification	action_body	empty	admitted		B7b-1	empty-semantic-rejected	X=0:A;X=1:A	CONSISTENT
occ:moveafter_modification:1.2@action_body#empty+comments	move-modification	action_body	empty+comments	admitted		B7b-1	empty-semantic-rejected	X=0:A;X=1:A	CONSISTENT
occ:moveafter_modification:1.2@action_body#empty+not	move-modification	action_body	empty+not	admitted		B7b-1	empty-semantic-rejected	X=0:A;X=1:A	CONSISTENT
occ:moveafter_modification:1.2@action_body#first-replace	move-modification	action_body	first-replace	excluded	group replaces or supplies the fixed target slot (fixed-header slot, B7b-3)	B7b-3	empty-semantic-rejected	X=0:A;X=1:A	GAP
occ:moveafter_modification:1.2@action_body#first-replace+comments	move-modification	action_body	first-replace+comments	excluded	group replaces or supplies the fixed target slot (fixed-header slot, B7b-3)	B7b-3	empty-semantic-rejected	X=0:A;X=1:A	GAP
occ:moveafter_modification:1.2@action_body#first-replace+not	move-modification	action_body	first-replace+not	excluded	group replaces or supplies the fixed target slot (fixed-header slot, B7b-3)	B7b-3	empty-semantic-rejected	X=0:A;X=1:A	GAP
occ:moveafter_modification:1.2@action_body#nested	move-modification	action_body	nested	excluded	group supplies or replaces the fixed `;` (fixed-header separator, B7b-3)	B7b-3	empty-semantic-rejected	X=0,Y=0:A;X=0,Y=1:A;X=1,Y=0:A;X=1,Y=1:A	GAP
occ:moveafter_modification:1.2@action_body#nested+comments	move-modification	action_body	nested+comments	excluded	group supplies or replaces the fixed `;` (fixed-header separator, B7b-3)	B7b-3	empty-semantic-rejected	X=0,Y=0:A;X=0,Y=1:A;X=1,Y=0:A;X=1,Y=1:A	GAP
occ:moveafter_modification:1.2@action_body#nested+not	move-modification	action_body	nested+not	excluded	group supplies or replaces the fixed `;` (fixed-header separator, B7b-3)	B7b-3	empty-semantic-rejected	X=0,Y=0:A;X=0,Y=1:A;X=1,Y=0:A;X=1,Y=1:A	GAP
occ:moveafter_modification:1.2@action_body#sep-before-end	move-modification	action_body	sep-before-end	excluded	group supplies or replaces the fixed `;` (fixed-header separator, B7b-3)	B7b-3	empty-semantic-rejected	X=0:R;X=1:A	MIXED:X=0:REJECTED/syntax/agrees;X=1:GAP
occ:moveafter_modification:1.2@action_body#sep-before-end+comments	move-modification	action_body	sep-before-end+comments	excluded	group supplies or replaces the fixed `;` (fixed-header separator, B7b-3)	B7b-3	empty-semantic-rejected	X=0:R;X=1:A	MIXED:X=0:REJECTED/syntax/agrees;X=1:GAP
occ:moveafter_modification:1.2@action_body#sep-before-end+not	move-modification	action_body	sep-before-end+not	excluded	group supplies or replaces the fixed `;` (fixed-header separator, B7b-3)	B7b-3	empty-semantic-rejected	X=0:A;X=1:R	MIXED:X=0:GAP;X=1:REJECTED/syntax/agrees
occ:moveafter_modification:1.2@action_body#sep-only	move-modification	action_body	sep-only	excluded	group supplies or replaces the fixed `;` (fixed-header separator, B7b-3)	B7b-3	empty-semantic-rejected	X=0:A;X=1:A	GAP
occ:moveafter_modification:1.2@action_body#sep-only+comments	move-modification	action_body	sep-only+comments	excluded	group supplies or replaces the fixed `;` (fixed-header separator, B7b-3)	B7b-3	empty-semantic-rejected	X=0:A;X=1:A	GAP
occ:moveafter_modification:1.2@action_body#sep-only+not	move-modification	action_body	sep-only+not	excluded	group supplies or replaces the fixed `;` (fixed-header separator, B7b-3)	B7b-3	empty-semantic-rejected	X=0:A;X=1:A	GAP
occ:moveafter_modification:1.2@action_body#trail	move-modification	action_body	trail	admitted		B7b-1	empty-semantic-rejected	X=0:R;X=1:A	MIXED:X=0:REJECTED/semantic/over-accepts;X=1:CONSISTENT
occ:moveafter_modification:1.2@action_body#trail+comments	move-modification	action_body	trail+comments	admitted		B7b-1	empty-semantic-rejected	X=0:R;X=1:A	MIXED:X=0:REJECTED/semantic/over-accepts;X=1:CONSISTENT
occ:moveafter_modification:1.2@action_body#trail+not	move-modification	action_body	trail+not	admitted		B7b-1	empty-semantic-rejected	X=0:A;X=1:R	MIXED:X=0:CONSISTENT;X=1:REJECTED/semantic/over-accepts
occ:moveafter_modification:1.4.0.0@action_body#empty	move-modification	action_body	empty	admitted		B7b-1	empty-semantic-rejected	X=0:A;X=1:A	CONSISTENT
occ:moveafter_modification:1.4.0.0@action_body#empty+comments	move-modification	action_body	empty+comments	admitted		B7b-1	empty-semantic-rejected	X=0:A;X=1:A	CONSISTENT
occ:moveafter_modification:1.4.0.0@action_body#empty+not	move-modification	action_body	empty+not	admitted		B7b-1	empty-semantic-rejected	X=0:A;X=1:A	CONSISTENT
occ:moveafter_modification:1.4.0.0@action_body#empty-list	move-modification	action_body	empty-list	admitted		B7b-1	empty-semantic-rejected	X=0:R;X=1:A	MIXED:X=0:REJECTED/semantic/over-accepts;X=1:CONSISTENT
occ:moveafter_modification:1.4.0.0@action_body#empty-list+comments	move-modification	action_body	empty-list+comments	admitted		B7b-1	empty-semantic-rejected	X=0:R;X=1:A	MIXED:X=0:REJECTED/semantic/over-accepts;X=1:CONSISTENT
occ:moveafter_modification:1.4.0.0@action_body#empty-list+not	move-modification	action_body	empty-list+not	admitted		B7b-1	empty-semantic-rejected	X=0:A;X=1:R	MIXED:X=0:CONSISTENT;X=1:REJECTED/semantic/over-accepts
occ:moveafter_modification:1.4.0.0@action_body#holes-lead	move-modification	action_body	holes-lead	admitted		B7b-1	empty-semantic-rejected	X=0:A;X=1:R	MIXED:X=0:CONSISTENT;X=1:REJECTED/syntax/over-accepts
occ:moveafter_modification:1.4.0.0@action_body#holes-lead+comments	move-modification	action_body	holes-lead+comments	admitted		B7b-1	empty-semantic-rejected	X=0:A;X=1:R	MIXED:X=0:CONSISTENT;X=1:REJECTED/syntax/over-accepts
occ:moveafter_modification:1.4.0.0@action_body#holes-lead+not	move-modification	action_body	holes-lead+not	admitted		B7b-1	empty-semantic-rejected	X=0:R;X=1:A	MIXED:X=0:REJECTED/syntax/over-accepts;X=1:CONSISTENT
occ:moveafter_modification:1.4.0.0@action_body#holes-mid	move-modification	action_body	holes-mid	admitted		B7b-1	empty-semantic-rejected	X=0:A;X=1:R	MIXED:X=0:CONSISTENT;X=1:REJECTED/syntax/over-accepts
occ:moveafter_modification:1.4.0.0@action_body#holes-mid+comments	move-modification	action_body	holes-mid+comments	admitted		B7b-1	empty-semantic-rejected	X=0:A;X=1:R	MIXED:X=0:CONSISTENT;X=1:REJECTED/syntax/over-accepts
occ:moveafter_modification:1.4.0.0@action_body#holes-mid+not	move-modification	action_body	holes-mid+not	admitted		B7b-1	empty-semantic-rejected	X=0:R;X=1:A	MIXED:X=0:REJECTED/syntax/over-accepts;X=1:CONSISTENT
occ:moveafter_modification:1.4.0.0@action_body#holes-trail	move-modification	action_body	holes-trail	admitted		B7b-1	empty-semantic-rejected	X=0:A;X=1:R	MIXED:X=0:CONSISTENT;X=1:REJECTED/semantic/over-accepts
occ:moveafter_modification:1.4.0.0@action_body#holes-trail+comments	move-modification	action_body	holes-trail+comments	admitted		B7b-1	empty-semantic-rejected	X=0:A;X=1:R	MIXED:X=0:CONSISTENT;X=1:REJECTED/semantic/over-accepts
occ:moveafter_modification:1.4.0.0@action_body#holes-trail+not	move-modification	action_body	holes-trail+not	admitted		B7b-1	empty-semantic-rejected	X=0:R;X=1:A	MIXED:X=0:REJECTED/semantic/over-accepts;X=1:CONSISTENT
occ:moveafter_modification:1.4.0.0@action_body#lead-optional	move-modification	action_body	lead-optional	admitted		B7b-1	empty-semantic-rejected	X=0:A;X=1:A	CONSISTENT
occ:moveafter_modification:1.4.0.0@action_body#lead-optional+comments	move-modification	action_body	lead-optional+comments	admitted		B7b-1	empty-semantic-rejected	X=0:A;X=1:A	CONSISTENT
occ:moveafter_modification:1.4.0.0@action_body#lead-optional+not	move-modification	action_body	lead-optional+not	admitted		B7b-1	empty-semantic-rejected	X=0:A;X=1:A	CONSISTENT
occ:moveafter_modification:1.4.0.0@action_body#sep-before-end	move-modification	action_body	sep-before-end	admitted		B7b-1	empty-semantic-rejected	X=0:A;X=1:A	CONSISTENT
occ:moveafter_modification:1.4.0.0@action_body#sep-before-end+comments	move-modification	action_body	sep-before-end+comments	admitted		B7b-1	empty-semantic-rejected	X=0:A;X=1:A	CONSISTENT
occ:moveafter_modification:1.4.0.0@action_body#sep-before-end+not	move-modification	action_body	sep-before-end+not	admitted		B7b-1	empty-semantic-rejected	X=0:A;X=1:A	CONSISTENT
occ:moveafter_modification:1.4.0.0@action_body#sep-only	move-modification	action_body	sep-only	admitted		B7b-1	empty-semantic-rejected	X=0:A;X=1:A	CONSISTENT
occ:moveafter_modification:1.4.0.0@action_body#sep-only+comments	move-modification	action_body	sep-only+comments	admitted		B7b-1	empty-semantic-rejected	X=0:A;X=1:A	CONSISTENT
occ:moveafter_modification:1.4.0.0@action_body#sep-only+not	move-modification	action_body	sep-only+not	admitted		B7b-1	empty-semantic-rejected	X=0:A;X=1:A	CONSISTENT
occ:moveafter_modification:1.4.0.0@action_body#trail	move-modification	action_body	trail	admitted		B7b-1	empty-semantic-rejected	X=0:R;X=1:A	MIXED:X=0:REJECTED/semantic/over-accepts;X=1:CONSISTENT
occ:moveafter_modification:1.4.0.0@action_body#trail+comments	move-modification	action_body	trail+comments	admitted		B7b-1	empty-semantic-rejected	X=0:R;X=1:A	MIXED:X=0:REJECTED/semantic/over-accepts;X=1:CONSISTENT
occ:moveafter_modification:1.4.0.0@action_body#trail+not	move-modification	action_body	trail+not	admitted		B7b-1	empty-semantic-rejected	X=0:A;X=1:R	MIXED:X=0:CONSISTENT;X=1:REJECTED/semantic/over-accepts
occ:moveafter_modification:1.4.0.0@layout_body#empty	move-modification	layout_body	empty	admitted		B7b-1	empty-semantic-rejected	X=0:A;X=1:A	CONSISTENT
occ:moveafter_modification:1.4.0.0@layout_body#empty+comments	move-modification	layout_body	empty+comments	admitted		B7b-1	empty-semantic-rejected	X=0:A;X=1:A	CONSISTENT
occ:moveafter_modification:1.4.0.0@layout_body#empty+not	move-modification	layout_body	empty+not	admitted		B7b-1	empty-semantic-rejected	X=0:A;X=1:A	CONSISTENT
occ:moveafter_modification:1.4.0.0@layout_body#empty-list	move-modification	layout_body	empty-list	admitted		B7b-1	empty-semantic-rejected	X=0:R;X=1:A	MIXED:X=0:REJECTED/semantic/over-accepts;X=1:CONSISTENT
occ:moveafter_modification:1.4.0.0@layout_body#empty-list+comments	move-modification	layout_body	empty-list+comments	admitted		B7b-1	empty-semantic-rejected	X=0:R;X=1:A	MIXED:X=0:REJECTED/semantic/over-accepts;X=1:CONSISTENT
occ:moveafter_modification:1.4.0.0@layout_body#empty-list+not	move-modification	layout_body	empty-list+not	admitted		B7b-1	empty-semantic-rejected	X=0:A;X=1:R	MIXED:X=0:CONSISTENT;X=1:REJECTED/semantic/over-accepts
occ:moveafter_modification:1.4.0.0@layout_body#holes-lead	move-modification	layout_body	holes-lead	admitted		B7b-1	empty-semantic-rejected	X=0:A;X=1:R	MIXED:X=0:CONSISTENT;X=1:REJECTED/syntax/over-accepts
occ:moveafter_modification:1.4.0.0@layout_body#holes-lead+comments	move-modification	layout_body	holes-lead+comments	admitted		B7b-1	empty-semantic-rejected	X=0:A;X=1:R	MIXED:X=0:CONSISTENT;X=1:REJECTED/syntax/over-accepts
occ:moveafter_modification:1.4.0.0@layout_body#holes-lead+not	move-modification	layout_body	holes-lead+not	admitted		B7b-1	empty-semantic-rejected	X=0:R;X=1:A	MIXED:X=0:REJECTED/syntax/over-accepts;X=1:CONSISTENT
occ:moveafter_modification:1.4.0.0@layout_body#holes-mid	move-modification	layout_body	holes-mid	admitted		B7b-1	empty-semantic-rejected	X=0:A;X=1:R	MIXED:X=0:CONSISTENT;X=1:REJECTED/syntax/over-accepts
occ:moveafter_modification:1.4.0.0@layout_body#holes-mid+comments	move-modification	layout_body	holes-mid+comments	admitted		B7b-1	empty-semantic-rejected	X=0:A;X=1:R	MIXED:X=0:CONSISTENT;X=1:REJECTED/syntax/over-accepts
occ:moveafter_modification:1.4.0.0@layout_body#holes-mid+not	move-modification	layout_body	holes-mid+not	admitted		B7b-1	empty-semantic-rejected	X=0:R;X=1:A	MIXED:X=0:REJECTED/syntax/over-accepts;X=1:CONSISTENT
occ:moveafter_modification:1.4.0.0@layout_body#holes-trail	move-modification	layout_body	holes-trail	admitted		B7b-1	empty-semantic-rejected	X=0:A;X=1:R	MIXED:X=0:CONSISTENT;X=1:REJECTED/semantic/over-accepts
occ:moveafter_modification:1.4.0.0@layout_body#holes-trail+comments	move-modification	layout_body	holes-trail+comments	admitted		B7b-1	empty-semantic-rejected	X=0:A;X=1:R	MIXED:X=0:CONSISTENT;X=1:REJECTED/semantic/over-accepts
occ:moveafter_modification:1.4.0.0@layout_body#holes-trail+not	move-modification	layout_body	holes-trail+not	admitted		B7b-1	empty-semantic-rejected	X=0:R;X=1:A	MIXED:X=0:REJECTED/semantic/over-accepts;X=1:CONSISTENT
occ:moveafter_modification:1.4.0.0@layout_body#lead-optional	move-modification	layout_body	lead-optional	admitted		B7b-1	empty-semantic-rejected	X=0:A;X=1:A	CONSISTENT
occ:moveafter_modification:1.4.0.0@layout_body#lead-optional+comments	move-modification	layout_body	lead-optional+comments	admitted		B7b-1	empty-semantic-rejected	X=0:A;X=1:A	CONSISTENT
occ:moveafter_modification:1.4.0.0@layout_body#lead-optional+not	move-modification	layout_body	lead-optional+not	admitted		B7b-1	empty-semantic-rejected	X=0:A;X=1:A	CONSISTENT
occ:moveafter_modification:1.4.0.0@layout_body#sep-before-end	move-modification	layout_body	sep-before-end	admitted		B7b-1	empty-semantic-rejected	X=0:A;X=1:A	CONSISTENT
occ:moveafter_modification:1.4.0.0@layout_body#sep-before-end+comments	move-modification	layout_body	sep-before-end+comments	admitted		B7b-1	empty-semantic-rejected	X=0:A;X=1:A	CONSISTENT
occ:moveafter_modification:1.4.0.0@layout_body#sep-before-end+not	move-modification	layout_body	sep-before-end+not	admitted		B7b-1	empty-semantic-rejected	X=0:A;X=1:A	CONSISTENT
occ:moveafter_modification:1.4.0.0@layout_body#sep-only	move-modification	layout_body	sep-only	admitted		B7b-1	empty-semantic-rejected	X=0:A;X=1:A	CONSISTENT
occ:moveafter_modification:1.4.0.0@layout_body#sep-only+comments	move-modification	layout_body	sep-only+comments	admitted		B7b-1	empty-semantic-rejected	X=0:A;X=1:A	CONSISTENT
occ:moveafter_modification:1.4.0.0@layout_body#sep-only+not	move-modification	layout_body	sep-only+not	admitted		B7b-1	empty-semantic-rejected	X=0:A;X=1:A	CONSISTENT
occ:moveafter_modification:1.4.0.0@layout_body#trail	move-modification	layout_body	trail	admitted		B7b-1	empty-semantic-rejected	X=0:R;X=1:A	MIXED:X=0:REJECTED/semantic/over-accepts;X=1:CONSISTENT
occ:moveafter_modification:1.4.0.0@layout_body#trail+comments	move-modification	layout_body	trail+comments	admitted		B7b-1	empty-semantic-rejected	X=0:R;X=1:A	MIXED:X=0:REJECTED/semantic/over-accepts;X=1:CONSISTENT
occ:moveafter_modification:1.4.0.0@layout_body#trail+not	move-modification	layout_body	trail+not	admitted		B7b-1	empty-semantic-rejected	X=0:A;X=1:R	MIXED:X=0:CONSISTENT;X=1:REJECTED/semantic/over-accepts
occ:moveafter_modification:1.4.0.0@preproc_conditional_actions#empty	move-modification	preproc_conditional_actions	empty	admitted		B7b-1	empty-semantic-rejected	TPL2=0,X=0:A;TPL2=0,X=1:A;TPL2=1,X=0:A;TPL2=1,X=1:A	CONSISTENT
occ:moveafter_modification:1.4.0.0@preproc_conditional_actions#empty+comments	move-modification	preproc_conditional_actions	empty+comments	admitted		B7b-1	empty-semantic-rejected	TPL2=0,X=0:A;TPL2=0,X=1:A;TPL2=1,X=0:A;TPL2=1,X=1:A	CONSISTENT
occ:moveafter_modification:1.4.0.0@preproc_conditional_actions#empty+not	move-modification	preproc_conditional_actions	empty+not	admitted		B7b-1	empty-semantic-rejected	TPL2=0,X=0:A;TPL2=0,X=1:A;TPL2=1,X=0:A;TPL2=1,X=1:A	CONSISTENT
occ:moveafter_modification:1.4.0.0@preproc_conditional_actions#empty-list	move-modification	preproc_conditional_actions	empty-list	admitted		B7b-1	empty-semantic-rejected	TPL2=0,X=0:A;TPL2=0,X=1:A;TPL2=1,X=0:R;TPL2=1,X=1:A	MIXED:TPL2=0,X=0:CONSISTENT;TPL2=0,X=1:CONSISTENT;TPL2=1,X=0:REJECTED/semantic/over-accepts;TPL2=1,X=1:CONSISTENT
occ:moveafter_modification:1.4.0.0@preproc_conditional_actions#empty-list+comments	move-modification	preproc_conditional_actions	empty-list+comments	admitted		B7b-1	empty-semantic-rejected	TPL2=0,X=0:A;TPL2=0,X=1:A;TPL2=1,X=0:R;TPL2=1,X=1:A	MIXED:TPL2=0,X=0:CONSISTENT;TPL2=0,X=1:CONSISTENT;TPL2=1,X=0:REJECTED/semantic/over-accepts;TPL2=1,X=1:CONSISTENT
occ:moveafter_modification:1.4.0.0@preproc_conditional_actions#empty-list+not	move-modification	preproc_conditional_actions	empty-list+not	admitted		B7b-1	empty-semantic-rejected	TPL2=0,X=0:A;TPL2=0,X=1:A;TPL2=1,X=0:A;TPL2=1,X=1:R	MIXED:TPL2=0,X=0:CONSISTENT;TPL2=0,X=1:CONSISTENT;TPL2=1,X=0:CONSISTENT;TPL2=1,X=1:REJECTED/semantic/over-accepts
occ:moveafter_modification:1.4.0.0@preproc_conditional_actions#holes-lead	move-modification	preproc_conditional_actions	holes-lead	admitted		B7b-1	empty-semantic-rejected	TPL2=0,X=0:A;TPL2=0,X=1:A;TPL2=1,X=0:A;TPL2=1,X=1:R	MIXED:TPL2=0,X=0:CONSISTENT;TPL2=0,X=1:CONSISTENT;TPL2=1,X=0:CONSISTENT;TPL2=1,X=1:REJECTED/syntax/over-accepts
occ:moveafter_modification:1.4.0.0@preproc_conditional_actions#holes-lead+comments	move-modification	preproc_conditional_actions	holes-lead+comments	admitted		B7b-1	empty-semantic-rejected	TPL2=0,X=0:A;TPL2=0,X=1:A;TPL2=1,X=0:A;TPL2=1,X=1:R	MIXED:TPL2=0,X=0:CONSISTENT;TPL2=0,X=1:CONSISTENT;TPL2=1,X=0:CONSISTENT;TPL2=1,X=1:REJECTED/syntax/over-accepts
occ:moveafter_modification:1.4.0.0@preproc_conditional_actions#holes-lead+not	move-modification	preproc_conditional_actions	holes-lead+not	admitted		B7b-1	empty-semantic-rejected	TPL2=0,X=0:A;TPL2=0,X=1:A;TPL2=1,X=0:R;TPL2=1,X=1:A	MIXED:TPL2=0,X=0:CONSISTENT;TPL2=0,X=1:CONSISTENT;TPL2=1,X=0:REJECTED/syntax/over-accepts;TPL2=1,X=1:CONSISTENT
occ:moveafter_modification:1.4.0.0@preproc_conditional_actions#holes-mid	move-modification	preproc_conditional_actions	holes-mid	admitted		B7b-1	empty-semantic-rejected	TPL2=0,X=0:A;TPL2=0,X=1:A;TPL2=1,X=0:A;TPL2=1,X=1:R	MIXED:TPL2=0,X=0:CONSISTENT;TPL2=0,X=1:CONSISTENT;TPL2=1,X=0:CONSISTENT;TPL2=1,X=1:REJECTED/syntax/over-accepts
occ:moveafter_modification:1.4.0.0@preproc_conditional_actions#holes-mid+comments	move-modification	preproc_conditional_actions	holes-mid+comments	admitted		B7b-1	empty-semantic-rejected	TPL2=0,X=0:A;TPL2=0,X=1:A;TPL2=1,X=0:A;TPL2=1,X=1:R	MIXED:TPL2=0,X=0:CONSISTENT;TPL2=0,X=1:CONSISTENT;TPL2=1,X=0:CONSISTENT;TPL2=1,X=1:REJECTED/syntax/over-accepts
occ:moveafter_modification:1.4.0.0@preproc_conditional_actions#holes-mid+not	move-modification	preproc_conditional_actions	holes-mid+not	admitted		B7b-1	empty-semantic-rejected	TPL2=0,X=0:A;TPL2=0,X=1:A;TPL2=1,X=0:R;TPL2=1,X=1:A	MIXED:TPL2=0,X=0:CONSISTENT;TPL2=0,X=1:CONSISTENT;TPL2=1,X=0:REJECTED/syntax/over-accepts;TPL2=1,X=1:CONSISTENT
occ:moveafter_modification:1.4.0.0@preproc_conditional_actions#holes-trail	move-modification	preproc_conditional_actions	holes-trail	admitted		B7b-1	empty-semantic-rejected	TPL2=0,X=0:A;TPL2=0,X=1:A;TPL2=1,X=0:A;TPL2=1,X=1:R	MIXED:TPL2=0,X=0:CONSISTENT;TPL2=0,X=1:CONSISTENT;TPL2=1,X=0:CONSISTENT;TPL2=1,X=1:REJECTED/semantic/over-accepts
occ:moveafter_modification:1.4.0.0@preproc_conditional_actions#holes-trail+comments	move-modification	preproc_conditional_actions	holes-trail+comments	admitted		B7b-1	empty-semantic-rejected	TPL2=0,X=0:A;TPL2=0,X=1:A;TPL2=1,X=0:A;TPL2=1,X=1:R	MIXED:TPL2=0,X=0:CONSISTENT;TPL2=0,X=1:CONSISTENT;TPL2=1,X=0:CONSISTENT;TPL2=1,X=1:REJECTED/semantic/over-accepts
occ:moveafter_modification:1.4.0.0@preproc_conditional_actions#holes-trail+not	move-modification	preproc_conditional_actions	holes-trail+not	admitted		B7b-1	empty-semantic-rejected	TPL2=0,X=0:A;TPL2=0,X=1:A;TPL2=1,X=0:R;TPL2=1,X=1:A	MIXED:TPL2=0,X=0:CONSISTENT;TPL2=0,X=1:CONSISTENT;TPL2=1,X=0:REJECTED/semantic/over-accepts;TPL2=1,X=1:CONSISTENT
occ:moveafter_modification:1.4.0.0@preproc_conditional_actions#lead-optional	move-modification	preproc_conditional_actions	lead-optional	admitted		B7b-1	empty-semantic-rejected	TPL2=0,X=0:A;TPL2=0,X=1:A;TPL2=1,X=0:A;TPL2=1,X=1:A	CONSISTENT
occ:moveafter_modification:1.4.0.0@preproc_conditional_actions#lead-optional+comments	move-modification	preproc_conditional_actions	lead-optional+comments	admitted		B7b-1	empty-semantic-rejected	TPL2=0,X=0:A;TPL2=0,X=1:A;TPL2=1,X=0:A;TPL2=1,X=1:A	CONSISTENT
occ:moveafter_modification:1.4.0.0@preproc_conditional_actions#lead-optional+not	move-modification	preproc_conditional_actions	lead-optional+not	admitted		B7b-1	empty-semantic-rejected	TPL2=0,X=0:A;TPL2=0,X=1:A;TPL2=1,X=0:A;TPL2=1,X=1:A	CONSISTENT
occ:moveafter_modification:1.4.0.0@preproc_conditional_actions#sep-before-end	move-modification	preproc_conditional_actions	sep-before-end	admitted		B7b-1	empty-semantic-rejected	TPL2=0,X=0:A;TPL2=0,X=1:A;TPL2=1,X=0:A;TPL2=1,X=1:A	CONSISTENT
occ:moveafter_modification:1.4.0.0@preproc_conditional_actions#sep-before-end+comments	move-modification	preproc_conditional_actions	sep-before-end+comments	admitted		B7b-1	empty-semantic-rejected	TPL2=0,X=0:A;TPL2=0,X=1:A;TPL2=1,X=0:A;TPL2=1,X=1:A	CONSISTENT
occ:moveafter_modification:1.4.0.0@preproc_conditional_actions#sep-before-end+not	move-modification	preproc_conditional_actions	sep-before-end+not	admitted		B7b-1	empty-semantic-rejected	TPL2=0,X=0:A;TPL2=0,X=1:A;TPL2=1,X=0:A;TPL2=1,X=1:A	CONSISTENT
occ:moveafter_modification:1.4.0.0@preproc_conditional_actions#sep-only	move-modification	preproc_conditional_actions	sep-only	admitted		B7b-1	empty-semantic-rejected	TPL2=0,X=0:A;TPL2=0,X=1:A;TPL2=1,X=0:A;TPL2=1,X=1:A	CONSISTENT
occ:moveafter_modification:1.4.0.0@preproc_conditional_actions#sep-only+comments	move-modification	preproc_conditional_actions	sep-only+comments	admitted		B7b-1	empty-semantic-rejected	TPL2=0,X=0:A;TPL2=0,X=1:A;TPL2=1,X=0:A;TPL2=1,X=1:A	CONSISTENT
occ:moveafter_modification:1.4.0.0@preproc_conditional_actions#sep-only+not	move-modification	preproc_conditional_actions	sep-only+not	admitted		B7b-1	empty-semantic-rejected	TPL2=0,X=0:A;TPL2=0,X=1:A;TPL2=1,X=0:A;TPL2=1,X=1:A	CONSISTENT
occ:moveafter_modification:1.4.0.0@preproc_conditional_actions#trail	move-modification	preproc_conditional_actions	trail	admitted		B7b-1	empty-semantic-rejected	TPL2=0,X=0:A;TPL2=0,X=1:A;TPL2=1,X=0:R;TPL2=1,X=1:A	MIXED:TPL2=0,X=0:CONSISTENT;TPL2=0,X=1:CONSISTENT;TPL2=1,X=0:REJECTED/semantic/over-accepts;TPL2=1,X=1:CONSISTENT
occ:moveafter_modification:1.4.0.0@preproc_conditional_actions#trail+comments	move-modification	preproc_conditional_actions	trail+comments	admitted		B7b-1	empty-semantic-rejected	TPL2=0,X=0:A;TPL2=0,X=1:A;TPL2=1,X=0:R;TPL2=1,X=1:A	MIXED:TPL2=0,X=0:CONSISTENT;TPL2=0,X=1:CONSISTENT;TPL2=1,X=0:REJECTED/semantic/over-accepts;TPL2=1,X=1:CONSISTENT
occ:moveafter_modification:1.4.0.0@preproc_conditional_actions#trail+not	move-modification	preproc_conditional_actions	trail+not	admitted		B7b-1	empty-semantic-rejected	TPL2=0,X=0:A;TPL2=0,X=1:A;TPL2=1,X=0:A;TPL2=1,X=1:R	MIXED:TPL2=0,X=0:CONSISTENT;TPL2=0,X=1:CONSISTENT;TPL2=1,X=0:CONSISTENT;TPL2=1,X=1:REJECTED/semantic/over-accepts
occ:moveafter_modification:1.4.0.0@preproc_conditional_layout#empty	move-modification	preproc_conditional_layout	empty	admitted		B7b-1	empty-semantic-rejected	TPL2=0,X=0:A;TPL2=0,X=1:A;TPL2=1,X=0:A;TPL2=1,X=1:A	CONSISTENT
occ:moveafter_modification:1.4.0.0@preproc_conditional_layout#empty+comments	move-modification	preproc_conditional_layout	empty+comments	admitted		B7b-1	empty-semantic-rejected	TPL2=0,X=0:A;TPL2=0,X=1:A;TPL2=1,X=0:A;TPL2=1,X=1:A	CONSISTENT
occ:moveafter_modification:1.4.0.0@preproc_conditional_layout#empty+not	move-modification	preproc_conditional_layout	empty+not	admitted		B7b-1	empty-semantic-rejected	TPL2=0,X=0:A;TPL2=0,X=1:A;TPL2=1,X=0:A;TPL2=1,X=1:A	CONSISTENT
occ:moveafter_modification:1.4.0.0@preproc_conditional_layout#empty-list	move-modification	preproc_conditional_layout	empty-list	admitted		B7b-1	empty-semantic-rejected	TPL2=0,X=0:A;TPL2=0,X=1:A;TPL2=1,X=0:R;TPL2=1,X=1:A	MIXED:TPL2=0,X=0:CONSISTENT;TPL2=0,X=1:CONSISTENT;TPL2=1,X=0:REJECTED/semantic/over-accepts;TPL2=1,X=1:CONSISTENT
occ:moveafter_modification:1.4.0.0@preproc_conditional_layout#empty-list+comments	move-modification	preproc_conditional_layout	empty-list+comments	admitted		B7b-1	empty-semantic-rejected	TPL2=0,X=0:A;TPL2=0,X=1:A;TPL2=1,X=0:R;TPL2=1,X=1:A	MIXED:TPL2=0,X=0:CONSISTENT;TPL2=0,X=1:CONSISTENT;TPL2=1,X=0:REJECTED/semantic/over-accepts;TPL2=1,X=1:CONSISTENT
occ:moveafter_modification:1.4.0.0@preproc_conditional_layout#empty-list+not	move-modification	preproc_conditional_layout	empty-list+not	admitted		B7b-1	empty-semantic-rejected	TPL2=0,X=0:A;TPL2=0,X=1:A;TPL2=1,X=0:A;TPL2=1,X=1:R	MIXED:TPL2=0,X=0:CONSISTENT;TPL2=0,X=1:CONSISTENT;TPL2=1,X=0:CONSISTENT;TPL2=1,X=1:REJECTED/semantic/over-accepts
occ:moveafter_modification:1.4.0.0@preproc_conditional_layout#holes-lead	move-modification	preproc_conditional_layout	holes-lead	admitted		B7b-1	empty-semantic-rejected	TPL2=0,X=0:A;TPL2=0,X=1:A;TPL2=1,X=0:A;TPL2=1,X=1:R	MIXED:TPL2=0,X=0:CONSISTENT;TPL2=0,X=1:CONSISTENT;TPL2=1,X=0:CONSISTENT;TPL2=1,X=1:REJECTED/syntax/over-accepts
occ:moveafter_modification:1.4.0.0@preproc_conditional_layout#holes-lead+comments	move-modification	preproc_conditional_layout	holes-lead+comments	admitted		B7b-1	empty-semantic-rejected	TPL2=0,X=0:A;TPL2=0,X=1:A;TPL2=1,X=0:A;TPL2=1,X=1:R	MIXED:TPL2=0,X=0:CONSISTENT;TPL2=0,X=1:CONSISTENT;TPL2=1,X=0:CONSISTENT;TPL2=1,X=1:REJECTED/syntax/over-accepts
occ:moveafter_modification:1.4.0.0@preproc_conditional_layout#holes-lead+not	move-modification	preproc_conditional_layout	holes-lead+not	admitted		B7b-1	empty-semantic-rejected	TPL2=0,X=0:A;TPL2=0,X=1:A;TPL2=1,X=0:R;TPL2=1,X=1:A	MIXED:TPL2=0,X=0:CONSISTENT;TPL2=0,X=1:CONSISTENT;TPL2=1,X=0:REJECTED/syntax/over-accepts;TPL2=1,X=1:CONSISTENT
occ:moveafter_modification:1.4.0.0@preproc_conditional_layout#holes-mid	move-modification	preproc_conditional_layout	holes-mid	admitted		B7b-1	empty-semantic-rejected	TPL2=0,X=0:A;TPL2=0,X=1:A;TPL2=1,X=0:A;TPL2=1,X=1:R	MIXED:TPL2=0,X=0:CONSISTENT;TPL2=0,X=1:CONSISTENT;TPL2=1,X=0:CONSISTENT;TPL2=1,X=1:REJECTED/syntax/over-accepts
occ:moveafter_modification:1.4.0.0@preproc_conditional_layout#holes-mid+comments	move-modification	preproc_conditional_layout	holes-mid+comments	admitted		B7b-1	empty-semantic-rejected	TPL2=0,X=0:A;TPL2=0,X=1:A;TPL2=1,X=0:A;TPL2=1,X=1:R	MIXED:TPL2=0,X=0:CONSISTENT;TPL2=0,X=1:CONSISTENT;TPL2=1,X=0:CONSISTENT;TPL2=1,X=1:REJECTED/syntax/over-accepts
occ:moveafter_modification:1.4.0.0@preproc_conditional_layout#holes-mid+not	move-modification	preproc_conditional_layout	holes-mid+not	admitted		B7b-1	empty-semantic-rejected	TPL2=0,X=0:A;TPL2=0,X=1:A;TPL2=1,X=0:R;TPL2=1,X=1:A	MIXED:TPL2=0,X=0:CONSISTENT;TPL2=0,X=1:CONSISTENT;TPL2=1,X=0:REJECTED/syntax/over-accepts;TPL2=1,X=1:CONSISTENT
occ:moveafter_modification:1.4.0.0@preproc_conditional_layout#holes-trail	move-modification	preproc_conditional_layout	holes-trail	admitted		B7b-1	empty-semantic-rejected	TPL2=0,X=0:A;TPL2=0,X=1:A;TPL2=1,X=0:A;TPL2=1,X=1:R	MIXED:TPL2=0,X=0:CONSISTENT;TPL2=0,X=1:CONSISTENT;TPL2=1,X=0:CONSISTENT;TPL2=1,X=1:REJECTED/semantic/over-accepts
occ:moveafter_modification:1.4.0.0@preproc_conditional_layout#holes-trail+comments	move-modification	preproc_conditional_layout	holes-trail+comments	admitted		B7b-1	empty-semantic-rejected	TPL2=0,X=0:A;TPL2=0,X=1:A;TPL2=1,X=0:A;TPL2=1,X=1:R	MIXED:TPL2=0,X=0:CONSISTENT;TPL2=0,X=1:CONSISTENT;TPL2=1,X=0:CONSISTENT;TPL2=1,X=1:REJECTED/semantic/over-accepts
occ:moveafter_modification:1.4.0.0@preproc_conditional_layout#holes-trail+not	move-modification	preproc_conditional_layout	holes-trail+not	admitted		B7b-1	empty-semantic-rejected	TPL2=0,X=0:A;TPL2=0,X=1:A;TPL2=1,X=0:R;TPL2=1,X=1:A	MIXED:TPL2=0,X=0:CONSISTENT;TPL2=0,X=1:CONSISTENT;TPL2=1,X=0:REJECTED/semantic/over-accepts;TPL2=1,X=1:CONSISTENT
occ:moveafter_modification:1.4.0.0@preproc_conditional_layout#lead-optional	move-modification	preproc_conditional_layout	lead-optional	admitted		B7b-1	empty-semantic-rejected	TPL2=0,X=0:A;TPL2=0,X=1:A;TPL2=1,X=0:A;TPL2=1,X=1:A	CONSISTENT
occ:moveafter_modification:1.4.0.0@preproc_conditional_layout#lead-optional+comments	move-modification	preproc_conditional_layout	lead-optional+comments	admitted		B7b-1	empty-semantic-rejected	TPL2=0,X=0:A;TPL2=0,X=1:A;TPL2=1,X=0:A;TPL2=1,X=1:A	CONSISTENT
occ:moveafter_modification:1.4.0.0@preproc_conditional_layout#lead-optional+not	move-modification	preproc_conditional_layout	lead-optional+not	admitted		B7b-1	empty-semantic-rejected	TPL2=0,X=0:A;TPL2=0,X=1:A;TPL2=1,X=0:A;TPL2=1,X=1:A	CONSISTENT
occ:moveafter_modification:1.4.0.0@preproc_conditional_layout#sep-before-end	move-modification	preproc_conditional_layout	sep-before-end	admitted		B7b-1	empty-semantic-rejected	TPL2=0,X=0:A;TPL2=0,X=1:A;TPL2=1,X=0:A;TPL2=1,X=1:A	CONSISTENT
occ:moveafter_modification:1.4.0.0@preproc_conditional_layout#sep-before-end+comments	move-modification	preproc_conditional_layout	sep-before-end+comments	admitted		B7b-1	empty-semantic-rejected	TPL2=0,X=0:A;TPL2=0,X=1:A;TPL2=1,X=0:A;TPL2=1,X=1:A	CONSISTENT
occ:moveafter_modification:1.4.0.0@preproc_conditional_layout#sep-before-end+not	move-modification	preproc_conditional_layout	sep-before-end+not	admitted		B7b-1	empty-semantic-rejected	TPL2=0,X=0:A;TPL2=0,X=1:A;TPL2=1,X=0:A;TPL2=1,X=1:A	CONSISTENT
occ:moveafter_modification:1.4.0.0@preproc_conditional_layout#sep-only	move-modification	preproc_conditional_layout	sep-only	admitted		B7b-1	empty-semantic-rejected	TPL2=0,X=0:A;TPL2=0,X=1:A;TPL2=1,X=0:A;TPL2=1,X=1:A	CONSISTENT
occ:moveafter_modification:1.4.0.0@preproc_conditional_layout#sep-only+comments	move-modification	preproc_conditional_layout	sep-only+comments	admitted		B7b-1	empty-semantic-rejected	TPL2=0,X=0:A;TPL2=0,X=1:A;TPL2=1,X=0:A;TPL2=1,X=1:A	CONSISTENT
occ:moveafter_modification:1.4.0.0@preproc_conditional_layout#sep-only+not	move-modification	preproc_conditional_layout	sep-only+not	admitted		B7b-1	empty-semantic-rejected	TPL2=0,X=0:A;TPL2=0,X=1:A;TPL2=1,X=0:A;TPL2=1,X=1:A	CONSISTENT
occ:moveafter_modification:1.4.0.0@preproc_conditional_layout#trail	move-modification	preproc_conditional_layout	trail	admitted		B7b-1	empty-semantic-rejected	TPL2=0,X=0:A;TPL2=0,X=1:A;TPL2=1,X=0:R;TPL2=1,X=1:A	MIXED:TPL2=0,X=0:CONSISTENT;TPL2=0,X=1:CONSISTENT;TPL2=1,X=0:REJECTED/semantic/over-accepts;TPL2=1,X=1:CONSISTENT
occ:moveafter_modification:1.4.0.0@preproc_conditional_layout#trail+comments	move-modification	preproc_conditional_layout	trail+comments	admitted		B7b-1	empty-semantic-rejected	TPL2=0,X=0:A;TPL2=0,X=1:A;TPL2=1,X=0:R;TPL2=1,X=1:A	MIXED:TPL2=0,X=0:CONSISTENT;TPL2=0,X=1:CONSISTENT;TPL2=1,X=0:REJECTED/semantic/over-accepts;TPL2=1,X=1:CONSISTENT
occ:moveafter_modification:1.4.0.0@preproc_conditional_layout#trail+not	move-modification	preproc_conditional_layout	trail+not	admitted		B7b-1	empty-semantic-rejected	TPL2=0,X=0:A;TPL2=0,X=1:A;TPL2=1,X=0:A;TPL2=1,X=1:R	MIXED:TPL2=0,X=0:CONSISTENT;TPL2=0,X=1:CONSISTENT;TPL2=1,X=0:CONSISTENT;TPL2=1,X=1:REJECTED/semantic/over-accepts
occ:movebefore_modification:1.2@action_body#adjacent-compl	move-modification	action_body	adjacent-compl	excluded	group supplies or replaces the fixed `;` (fixed-header separator, B7b-3)	B7b-3	empty-semantic-rejected	X=0:A;X=1:A	GAP
occ:movebefore_modification:1.2@action_body#adjacent-compl+comments	move-modification	action_body	adjacent-compl+comments	excluded	group supplies or replaces the fixed `;` (fixed-header separator, B7b-3)	B7b-3	empty-semantic-rejected	X=0:A;X=1:A	GAP
occ:movebefore_modification:1.2@action_body#adjacent-compl+not	move-modification	action_body	adjacent-compl+not	excluded	group supplies or replaces the fixed `;` (fixed-header separator, B7b-3)	B7b-3	empty-semantic-rejected	X=0:A;X=1:A	GAP
occ:movebefore_modification:1.2@action_body#elif	move-modification	action_body	elif	excluded	group supplies or replaces the fixed `;` (fixed-header separator, B7b-3)	B7b-3	empty-semantic-rejected	X=0,Y=0:A;X=0,Y=1:A;X=1,Y=0:A;X=1,Y=1:A	GAP
occ:movebefore_modification:1.2@action_body#elif+comments	move-modification	action_body	elif+comments	excluded	group supplies or replaces the fixed `;` (fixed-header separator, B7b-3)	B7b-3	empty-semantic-rejected	X=0,Y=0:A;X=0,Y=1:A;X=1,Y=0:A;X=1,Y=1:A	GAP
occ:movebefore_modification:1.2@action_body#elif+not	move-modification	action_body	elif+not	excluded	group supplies or replaces the fixed `;` (fixed-header separator, B7b-3)	B7b-3	empty-semantic-rejected	X=0,Y=0:A;X=0,Y=1:A;X=1,Y=0:A;X=1,Y=1:A	GAP
occ:movebefore_modification:1.2@action_body#empty	move-modification	action_body	empty	admitted		B7b-1	empty-semantic-rejected	X=0:A;X=1:A	CONSISTENT
occ:movebefore_modification:1.2@action_body#empty+comments	move-modification	action_body	empty+comments	admitted		B7b-1	empty-semantic-rejected	X=0:A;X=1:A	CONSISTENT
occ:movebefore_modification:1.2@action_body#empty+not	move-modification	action_body	empty+not	admitted		B7b-1	empty-semantic-rejected	X=0:A;X=1:A	CONSISTENT
occ:movebefore_modification:1.2@action_body#first-replace	move-modification	action_body	first-replace	excluded	group replaces or supplies the fixed target slot (fixed-header slot, B7b-3)	B7b-3	empty-semantic-rejected	X=0:A;X=1:A	GAP
occ:movebefore_modification:1.2@action_body#first-replace+comments	move-modification	action_body	first-replace+comments	excluded	group replaces or supplies the fixed target slot (fixed-header slot, B7b-3)	B7b-3	empty-semantic-rejected	X=0:A;X=1:A	GAP
occ:movebefore_modification:1.2@action_body#first-replace+not	move-modification	action_body	first-replace+not	excluded	group replaces or supplies the fixed target slot (fixed-header slot, B7b-3)	B7b-3	empty-semantic-rejected	X=0:A;X=1:A	GAP
occ:movebefore_modification:1.2@action_body#nested	move-modification	action_body	nested	excluded	group supplies or replaces the fixed `;` (fixed-header separator, B7b-3)	B7b-3	empty-semantic-rejected	X=0,Y=0:A;X=0,Y=1:A;X=1,Y=0:A;X=1,Y=1:A	GAP
occ:movebefore_modification:1.2@action_body#nested+comments	move-modification	action_body	nested+comments	excluded	group supplies or replaces the fixed `;` (fixed-header separator, B7b-3)	B7b-3	empty-semantic-rejected	X=0,Y=0:A;X=0,Y=1:A;X=1,Y=0:A;X=1,Y=1:A	GAP
occ:movebefore_modification:1.2@action_body#nested+not	move-modification	action_body	nested+not	excluded	group supplies or replaces the fixed `;` (fixed-header separator, B7b-3)	B7b-3	empty-semantic-rejected	X=0,Y=0:A;X=0,Y=1:A;X=1,Y=0:A;X=1,Y=1:A	GAP
occ:movebefore_modification:1.2@action_body#sep-before-end	move-modification	action_body	sep-before-end	excluded	group supplies or replaces the fixed `;` (fixed-header separator, B7b-3)	B7b-3	empty-semantic-rejected	X=0:R;X=1:A	MIXED:X=0:REJECTED/syntax/agrees;X=1:GAP
occ:movebefore_modification:1.2@action_body#sep-before-end+comments	move-modification	action_body	sep-before-end+comments	excluded	group supplies or replaces the fixed `;` (fixed-header separator, B7b-3)	B7b-3	empty-semantic-rejected	X=0:R;X=1:A	MIXED:X=0:REJECTED/syntax/agrees;X=1:GAP
occ:movebefore_modification:1.2@action_body#sep-before-end+not	move-modification	action_body	sep-before-end+not	excluded	group supplies or replaces the fixed `;` (fixed-header separator, B7b-3)	B7b-3	empty-semantic-rejected	X=0:A;X=1:R	MIXED:X=0:GAP;X=1:REJECTED/syntax/agrees
occ:movebefore_modification:1.2@action_body#sep-only	move-modification	action_body	sep-only	excluded	group supplies or replaces the fixed `;` (fixed-header separator, B7b-3)	B7b-3	empty-semantic-rejected	X=0:A;X=1:A	GAP
occ:movebefore_modification:1.2@action_body#sep-only+comments	move-modification	action_body	sep-only+comments	excluded	group supplies or replaces the fixed `;` (fixed-header separator, B7b-3)	B7b-3	empty-semantic-rejected	X=0:A;X=1:A	GAP
occ:movebefore_modification:1.2@action_body#sep-only+not	move-modification	action_body	sep-only+not	excluded	group supplies or replaces the fixed `;` (fixed-header separator, B7b-3)	B7b-3	empty-semantic-rejected	X=0:A;X=1:A	GAP
occ:movebefore_modification:1.2@action_body#trail	move-modification	action_body	trail	admitted		B7b-1	empty-semantic-rejected	X=0:R;X=1:A	MIXED:X=0:REJECTED/semantic/over-accepts;X=1:CONSISTENT
occ:movebefore_modification:1.2@action_body#trail+comments	move-modification	action_body	trail+comments	admitted		B7b-1	empty-semantic-rejected	X=0:R;X=1:A	MIXED:X=0:REJECTED/semantic/over-accepts;X=1:CONSISTENT
occ:movebefore_modification:1.2@action_body#trail+not	move-modification	action_body	trail+not	admitted		B7b-1	empty-semantic-rejected	X=0:A;X=1:R	MIXED:X=0:CONSISTENT;X=1:REJECTED/semantic/over-accepts
occ:movebefore_modification:1.4.0.0@action_body#empty	move-modification	action_body	empty	admitted		B7b-1	empty-semantic-rejected	X=0:A;X=1:A	CONSISTENT
occ:movebefore_modification:1.4.0.0@action_body#empty+comments	move-modification	action_body	empty+comments	admitted		B7b-1	empty-semantic-rejected	X=0:A;X=1:A	CONSISTENT
occ:movebefore_modification:1.4.0.0@action_body#empty+not	move-modification	action_body	empty+not	admitted		B7b-1	empty-semantic-rejected	X=0:A;X=1:A	CONSISTENT
occ:movebefore_modification:1.4.0.0@action_body#empty-list	move-modification	action_body	empty-list	admitted		B7b-1	empty-semantic-rejected	X=0:R;X=1:A	MIXED:X=0:REJECTED/semantic/over-accepts;X=1:CONSISTENT
occ:movebefore_modification:1.4.0.0@action_body#empty-list+comments	move-modification	action_body	empty-list+comments	admitted		B7b-1	empty-semantic-rejected	X=0:R;X=1:A	MIXED:X=0:REJECTED/semantic/over-accepts;X=1:CONSISTENT
occ:movebefore_modification:1.4.0.0@action_body#empty-list+not	move-modification	action_body	empty-list+not	admitted		B7b-1	empty-semantic-rejected	X=0:A;X=1:R	MIXED:X=0:CONSISTENT;X=1:REJECTED/semantic/over-accepts
occ:movebefore_modification:1.4.0.0@action_body#holes-lead	move-modification	action_body	holes-lead	admitted		B7b-1	empty-semantic-rejected	X=0:A;X=1:R	MIXED:X=0:CONSISTENT;X=1:REJECTED/syntax/over-accepts
occ:movebefore_modification:1.4.0.0@action_body#holes-lead+comments	move-modification	action_body	holes-lead+comments	admitted		B7b-1	empty-semantic-rejected	X=0:A;X=1:R	MIXED:X=0:CONSISTENT;X=1:REJECTED/syntax/over-accepts
occ:movebefore_modification:1.4.0.0@action_body#holes-lead+not	move-modification	action_body	holes-lead+not	admitted		B7b-1	empty-semantic-rejected	X=0:R;X=1:A	MIXED:X=0:REJECTED/syntax/over-accepts;X=1:CONSISTENT
occ:movebefore_modification:1.4.0.0@action_body#holes-mid	move-modification	action_body	holes-mid	admitted		B7b-1	empty-semantic-rejected	X=0:A;X=1:R	MIXED:X=0:CONSISTENT;X=1:REJECTED/syntax/over-accepts
occ:movebefore_modification:1.4.0.0@action_body#holes-mid+comments	move-modification	action_body	holes-mid+comments	admitted		B7b-1	empty-semantic-rejected	X=0:A;X=1:R	MIXED:X=0:CONSISTENT;X=1:REJECTED/syntax/over-accepts
occ:movebefore_modification:1.4.0.0@action_body#holes-mid+not	move-modification	action_body	holes-mid+not	admitted		B7b-1	empty-semantic-rejected	X=0:R;X=1:A	MIXED:X=0:REJECTED/syntax/over-accepts;X=1:CONSISTENT
occ:movebefore_modification:1.4.0.0@action_body#holes-trail	move-modification	action_body	holes-trail	admitted		B7b-1	empty-semantic-rejected	X=0:A;X=1:R	MIXED:X=0:CONSISTENT;X=1:REJECTED/semantic/over-accepts
occ:movebefore_modification:1.4.0.0@action_body#holes-trail+comments	move-modification	action_body	holes-trail+comments	admitted		B7b-1	empty-semantic-rejected	X=0:A;X=1:R	MIXED:X=0:CONSISTENT;X=1:REJECTED/semantic/over-accepts
occ:movebefore_modification:1.4.0.0@action_body#holes-trail+not	move-modification	action_body	holes-trail+not	admitted		B7b-1	empty-semantic-rejected	X=0:R;X=1:A	MIXED:X=0:REJECTED/semantic/over-accepts;X=1:CONSISTENT
occ:movebefore_modification:1.4.0.0@action_body#lead-optional	move-modification	action_body	lead-optional	admitted		B7b-1	empty-semantic-rejected	X=0:A;X=1:A	CONSISTENT
occ:movebefore_modification:1.4.0.0@action_body#lead-optional+comments	move-modification	action_body	lead-optional+comments	admitted		B7b-1	empty-semantic-rejected	X=0:A;X=1:A	CONSISTENT
occ:movebefore_modification:1.4.0.0@action_body#lead-optional+not	move-modification	action_body	lead-optional+not	admitted		B7b-1	empty-semantic-rejected	X=0:A;X=1:A	CONSISTENT
occ:movebefore_modification:1.4.0.0@action_body#sep-before-end	move-modification	action_body	sep-before-end	admitted		B7b-1	empty-semantic-rejected	X=0:A;X=1:A	CONSISTENT
occ:movebefore_modification:1.4.0.0@action_body#sep-before-end+comments	move-modification	action_body	sep-before-end+comments	admitted		B7b-1	empty-semantic-rejected	X=0:A;X=1:A	CONSISTENT
occ:movebefore_modification:1.4.0.0@action_body#sep-before-end+not	move-modification	action_body	sep-before-end+not	admitted		B7b-1	empty-semantic-rejected	X=0:A;X=1:A	CONSISTENT
occ:movebefore_modification:1.4.0.0@action_body#sep-only	move-modification	action_body	sep-only	admitted		B7b-1	empty-semantic-rejected	X=0:A;X=1:A	CONSISTENT
occ:movebefore_modification:1.4.0.0@action_body#sep-only+comments	move-modification	action_body	sep-only+comments	admitted		B7b-1	empty-semantic-rejected	X=0:A;X=1:A	CONSISTENT
occ:movebefore_modification:1.4.0.0@action_body#sep-only+not	move-modification	action_body	sep-only+not	admitted		B7b-1	empty-semantic-rejected	X=0:A;X=1:A	CONSISTENT
occ:movebefore_modification:1.4.0.0@action_body#trail	move-modification	action_body	trail	admitted		B7b-1	empty-semantic-rejected	X=0:R;X=1:A	MIXED:X=0:REJECTED/semantic/over-accepts;X=1:CONSISTENT
occ:movebefore_modification:1.4.0.0@action_body#trail+comments	move-modification	action_body	trail+comments	admitted		B7b-1	empty-semantic-rejected	X=0:R;X=1:A	MIXED:X=0:REJECTED/semantic/over-accepts;X=1:CONSISTENT
occ:movebefore_modification:1.4.0.0@action_body#trail+not	move-modification	action_body	trail+not	admitted		B7b-1	empty-semantic-rejected	X=0:A;X=1:R	MIXED:X=0:CONSISTENT;X=1:REJECTED/semantic/over-accepts
occ:movebefore_modification:1.4.0.0@layout_body#empty	move-modification	layout_body	empty	admitted		B7b-1	empty-semantic-rejected	X=0:A;X=1:A	CONSISTENT
occ:movebefore_modification:1.4.0.0@layout_body#empty+comments	move-modification	layout_body	empty+comments	admitted		B7b-1	empty-semantic-rejected	X=0:A;X=1:A	CONSISTENT
occ:movebefore_modification:1.4.0.0@layout_body#empty+not	move-modification	layout_body	empty+not	admitted		B7b-1	empty-semantic-rejected	X=0:A;X=1:A	CONSISTENT
occ:movebefore_modification:1.4.0.0@layout_body#empty-list	move-modification	layout_body	empty-list	admitted		B7b-1	empty-semantic-rejected	X=0:R;X=1:A	MIXED:X=0:REJECTED/semantic/over-accepts;X=1:CONSISTENT
occ:movebefore_modification:1.4.0.0@layout_body#empty-list+comments	move-modification	layout_body	empty-list+comments	admitted		B7b-1	empty-semantic-rejected	X=0:R;X=1:A	MIXED:X=0:REJECTED/semantic/over-accepts;X=1:CONSISTENT
occ:movebefore_modification:1.4.0.0@layout_body#empty-list+not	move-modification	layout_body	empty-list+not	admitted		B7b-1	empty-semantic-rejected	X=0:A;X=1:R	MIXED:X=0:CONSISTENT;X=1:REJECTED/semantic/over-accepts
occ:movebefore_modification:1.4.0.0@layout_body#holes-lead	move-modification	layout_body	holes-lead	admitted		B7b-1	empty-semantic-rejected	X=0:A;X=1:R	MIXED:X=0:CONSISTENT;X=1:REJECTED/syntax/over-accepts
occ:movebefore_modification:1.4.0.0@layout_body#holes-lead+comments	move-modification	layout_body	holes-lead+comments	admitted		B7b-1	empty-semantic-rejected	X=0:A;X=1:R	MIXED:X=0:CONSISTENT;X=1:REJECTED/syntax/over-accepts
occ:movebefore_modification:1.4.0.0@layout_body#holes-lead+not	move-modification	layout_body	holes-lead+not	admitted		B7b-1	empty-semantic-rejected	X=0:R;X=1:A	MIXED:X=0:REJECTED/syntax/over-accepts;X=1:CONSISTENT
occ:movebefore_modification:1.4.0.0@layout_body#holes-mid	move-modification	layout_body	holes-mid	admitted		B7b-1	empty-semantic-rejected	X=0:A;X=1:R	MIXED:X=0:CONSISTENT;X=1:REJECTED/syntax/over-accepts
occ:movebefore_modification:1.4.0.0@layout_body#holes-mid+comments	move-modification	layout_body	holes-mid+comments	admitted		B7b-1	empty-semantic-rejected	X=0:A;X=1:R	MIXED:X=0:CONSISTENT;X=1:REJECTED/syntax/over-accepts
occ:movebefore_modification:1.4.0.0@layout_body#holes-mid+not	move-modification	layout_body	holes-mid+not	admitted		B7b-1	empty-semantic-rejected	X=0:R;X=1:A	MIXED:X=0:REJECTED/syntax/over-accepts;X=1:CONSISTENT
occ:movebefore_modification:1.4.0.0@layout_body#holes-trail	move-modification	layout_body	holes-trail	admitted		B7b-1	empty-semantic-rejected	X=0:A;X=1:R	MIXED:X=0:CONSISTENT;X=1:REJECTED/semantic/over-accepts
occ:movebefore_modification:1.4.0.0@layout_body#holes-trail+comments	move-modification	layout_body	holes-trail+comments	admitted		B7b-1	empty-semantic-rejected	X=0:A;X=1:R	MIXED:X=0:CONSISTENT;X=1:REJECTED/semantic/over-accepts
occ:movebefore_modification:1.4.0.0@layout_body#holes-trail+not	move-modification	layout_body	holes-trail+not	admitted		B7b-1	empty-semantic-rejected	X=0:R;X=1:A	MIXED:X=0:REJECTED/semantic/over-accepts;X=1:CONSISTENT
occ:movebefore_modification:1.4.0.0@layout_body#lead-optional	move-modification	layout_body	lead-optional	admitted		B7b-1	empty-semantic-rejected	X=0:A;X=1:A	CONSISTENT
occ:movebefore_modification:1.4.0.0@layout_body#lead-optional+comments	move-modification	layout_body	lead-optional+comments	admitted		B7b-1	empty-semantic-rejected	X=0:A;X=1:A	CONSISTENT
occ:movebefore_modification:1.4.0.0@layout_body#lead-optional+not	move-modification	layout_body	lead-optional+not	admitted		B7b-1	empty-semantic-rejected	X=0:A;X=1:A	CONSISTENT
occ:movebefore_modification:1.4.0.0@layout_body#sep-before-end	move-modification	layout_body	sep-before-end	admitted		B7b-1	empty-semantic-rejected	X=0:A;X=1:A	CONSISTENT
occ:movebefore_modification:1.4.0.0@layout_body#sep-before-end+comments	move-modification	layout_body	sep-before-end+comments	admitted		B7b-1	empty-semantic-rejected	X=0:A;X=1:A	CONSISTENT
occ:movebefore_modification:1.4.0.0@layout_body#sep-before-end+not	move-modification	layout_body	sep-before-end+not	admitted		B7b-1	empty-semantic-rejected	X=0:A;X=1:A	CONSISTENT
occ:movebefore_modification:1.4.0.0@layout_body#sep-only	move-modification	layout_body	sep-only	admitted		B7b-1	empty-semantic-rejected	X=0:A;X=1:A	CONSISTENT
occ:movebefore_modification:1.4.0.0@layout_body#sep-only+comments	move-modification	layout_body	sep-only+comments	admitted		B7b-1	empty-semantic-rejected	X=0:A;X=1:A	CONSISTENT
occ:movebefore_modification:1.4.0.0@layout_body#sep-only+not	move-modification	layout_body	sep-only+not	admitted		B7b-1	empty-semantic-rejected	X=0:A;X=1:A	CONSISTENT
occ:movebefore_modification:1.4.0.0@layout_body#trail	move-modification	layout_body	trail	admitted		B7b-1	empty-semantic-rejected	X=0:R;X=1:A	MIXED:X=0:REJECTED/semantic/over-accepts;X=1:CONSISTENT
occ:movebefore_modification:1.4.0.0@layout_body#trail+comments	move-modification	layout_body	trail+comments	admitted		B7b-1	empty-semantic-rejected	X=0:R;X=1:A	MIXED:X=0:REJECTED/semantic/over-accepts;X=1:CONSISTENT
occ:movebefore_modification:1.4.0.0@layout_body#trail+not	move-modification	layout_body	trail+not	admitted		B7b-1	empty-semantic-rejected	X=0:A;X=1:R	MIXED:X=0:CONSISTENT;X=1:REJECTED/semantic/over-accepts
occ:movebefore_modification:1.4.0.0@preproc_conditional_actions#empty	move-modification	preproc_conditional_actions	empty	admitted		B7b-1	empty-semantic-rejected	TPL2=0,X=0:A;TPL2=0,X=1:A;TPL2=1,X=0:A;TPL2=1,X=1:A	CONSISTENT
occ:movebefore_modification:1.4.0.0@preproc_conditional_actions#empty+comments	move-modification	preproc_conditional_actions	empty+comments	admitted		B7b-1	empty-semantic-rejected	TPL2=0,X=0:A;TPL2=0,X=1:A;TPL2=1,X=0:A;TPL2=1,X=1:A	CONSISTENT
occ:movebefore_modification:1.4.0.0@preproc_conditional_actions#empty+not	move-modification	preproc_conditional_actions	empty+not	admitted		B7b-1	empty-semantic-rejected	TPL2=0,X=0:A;TPL2=0,X=1:A;TPL2=1,X=0:A;TPL2=1,X=1:A	CONSISTENT
occ:movebefore_modification:1.4.0.0@preproc_conditional_actions#empty-list	move-modification	preproc_conditional_actions	empty-list	admitted		B7b-1	empty-semantic-rejected	TPL2=0,X=0:A;TPL2=0,X=1:A;TPL2=1,X=0:R;TPL2=1,X=1:A	MIXED:TPL2=0,X=0:CONSISTENT;TPL2=0,X=1:CONSISTENT;TPL2=1,X=0:REJECTED/semantic/over-accepts;TPL2=1,X=1:CONSISTENT
occ:movebefore_modification:1.4.0.0@preproc_conditional_actions#empty-list+comments	move-modification	preproc_conditional_actions	empty-list+comments	admitted		B7b-1	empty-semantic-rejected	TPL2=0,X=0:A;TPL2=0,X=1:A;TPL2=1,X=0:R;TPL2=1,X=1:A	MIXED:TPL2=0,X=0:CONSISTENT;TPL2=0,X=1:CONSISTENT;TPL2=1,X=0:REJECTED/semantic/over-accepts;TPL2=1,X=1:CONSISTENT
occ:movebefore_modification:1.4.0.0@preproc_conditional_actions#empty-list+not	move-modification	preproc_conditional_actions	empty-list+not	admitted		B7b-1	empty-semantic-rejected	TPL2=0,X=0:A;TPL2=0,X=1:A;TPL2=1,X=0:A;TPL2=1,X=1:R	MIXED:TPL2=0,X=0:CONSISTENT;TPL2=0,X=1:CONSISTENT;TPL2=1,X=0:CONSISTENT;TPL2=1,X=1:REJECTED/semantic/over-accepts
occ:movebefore_modification:1.4.0.0@preproc_conditional_actions#holes-lead	move-modification	preproc_conditional_actions	holes-lead	admitted		B7b-1	empty-semantic-rejected	TPL2=0,X=0:A;TPL2=0,X=1:A;TPL2=1,X=0:A;TPL2=1,X=1:R	MIXED:TPL2=0,X=0:CONSISTENT;TPL2=0,X=1:CONSISTENT;TPL2=1,X=0:CONSISTENT;TPL2=1,X=1:REJECTED/syntax/over-accepts
occ:movebefore_modification:1.4.0.0@preproc_conditional_actions#holes-lead+comments	move-modification	preproc_conditional_actions	holes-lead+comments	admitted		B7b-1	empty-semantic-rejected	TPL2=0,X=0:A;TPL2=0,X=1:A;TPL2=1,X=0:A;TPL2=1,X=1:R	MIXED:TPL2=0,X=0:CONSISTENT;TPL2=0,X=1:CONSISTENT;TPL2=1,X=0:CONSISTENT;TPL2=1,X=1:REJECTED/syntax/over-accepts
occ:movebefore_modification:1.4.0.0@preproc_conditional_actions#holes-lead+not	move-modification	preproc_conditional_actions	holes-lead+not	admitted		B7b-1	empty-semantic-rejected	TPL2=0,X=0:A;TPL2=0,X=1:A;TPL2=1,X=0:R;TPL2=1,X=1:A	MIXED:TPL2=0,X=0:CONSISTENT;TPL2=0,X=1:CONSISTENT;TPL2=1,X=0:REJECTED/syntax/over-accepts;TPL2=1,X=1:CONSISTENT
occ:movebefore_modification:1.4.0.0@preproc_conditional_actions#holes-mid	move-modification	preproc_conditional_actions	holes-mid	admitted		B7b-1	empty-semantic-rejected	TPL2=0,X=0:A;TPL2=0,X=1:A;TPL2=1,X=0:A;TPL2=1,X=1:R	MIXED:TPL2=0,X=0:CONSISTENT;TPL2=0,X=1:CONSISTENT;TPL2=1,X=0:CONSISTENT;TPL2=1,X=1:REJECTED/syntax/over-accepts
occ:movebefore_modification:1.4.0.0@preproc_conditional_actions#holes-mid+comments	move-modification	preproc_conditional_actions	holes-mid+comments	admitted		B7b-1	empty-semantic-rejected	TPL2=0,X=0:A;TPL2=0,X=1:A;TPL2=1,X=0:A;TPL2=1,X=1:R	MIXED:TPL2=0,X=0:CONSISTENT;TPL2=0,X=1:CONSISTENT;TPL2=1,X=0:CONSISTENT;TPL2=1,X=1:REJECTED/syntax/over-accepts
occ:movebefore_modification:1.4.0.0@preproc_conditional_actions#holes-mid+not	move-modification	preproc_conditional_actions	holes-mid+not	admitted		B7b-1	empty-semantic-rejected	TPL2=0,X=0:A;TPL2=0,X=1:A;TPL2=1,X=0:R;TPL2=1,X=1:A	MIXED:TPL2=0,X=0:CONSISTENT;TPL2=0,X=1:CONSISTENT;TPL2=1,X=0:REJECTED/syntax/over-accepts;TPL2=1,X=1:CONSISTENT
occ:movebefore_modification:1.4.0.0@preproc_conditional_actions#holes-trail	move-modification	preproc_conditional_actions	holes-trail	admitted		B7b-1	empty-semantic-rejected	TPL2=0,X=0:A;TPL2=0,X=1:A;TPL2=1,X=0:A;TPL2=1,X=1:R	MIXED:TPL2=0,X=0:CONSISTENT;TPL2=0,X=1:CONSISTENT;TPL2=1,X=0:CONSISTENT;TPL2=1,X=1:REJECTED/semantic/over-accepts
occ:movebefore_modification:1.4.0.0@preproc_conditional_actions#holes-trail+comments	move-modification	preproc_conditional_actions	holes-trail+comments	admitted		B7b-1	empty-semantic-rejected	TPL2=0,X=0:A;TPL2=0,X=1:A;TPL2=1,X=0:A;TPL2=1,X=1:R	MIXED:TPL2=0,X=0:CONSISTENT;TPL2=0,X=1:CONSISTENT;TPL2=1,X=0:CONSISTENT;TPL2=1,X=1:REJECTED/semantic/over-accepts
occ:movebefore_modification:1.4.0.0@preproc_conditional_actions#holes-trail+not	move-modification	preproc_conditional_actions	holes-trail+not	admitted		B7b-1	empty-semantic-rejected	TPL2=0,X=0:A;TPL2=0,X=1:A;TPL2=1,X=0:R;TPL2=1,X=1:A	MIXED:TPL2=0,X=0:CONSISTENT;TPL2=0,X=1:CONSISTENT;TPL2=1,X=0:REJECTED/semantic/over-accepts;TPL2=1,X=1:CONSISTENT
occ:movebefore_modification:1.4.0.0@preproc_conditional_actions#lead-optional	move-modification	preproc_conditional_actions	lead-optional	admitted		B7b-1	empty-semantic-rejected	TPL2=0,X=0:A;TPL2=0,X=1:A;TPL2=1,X=0:A;TPL2=1,X=1:A	CONSISTENT
occ:movebefore_modification:1.4.0.0@preproc_conditional_actions#lead-optional+comments	move-modification	preproc_conditional_actions	lead-optional+comments	admitted		B7b-1	empty-semantic-rejected	TPL2=0,X=0:A;TPL2=0,X=1:A;TPL2=1,X=0:A;TPL2=1,X=1:A	CONSISTENT
occ:movebefore_modification:1.4.0.0@preproc_conditional_actions#lead-optional+not	move-modification	preproc_conditional_actions	lead-optional+not	admitted		B7b-1	empty-semantic-rejected	TPL2=0,X=0:A;TPL2=0,X=1:A;TPL2=1,X=0:A;TPL2=1,X=1:A	CONSISTENT
occ:movebefore_modification:1.4.0.0@preproc_conditional_actions#sep-before-end	move-modification	preproc_conditional_actions	sep-before-end	admitted		B7b-1	empty-semantic-rejected	TPL2=0,X=0:A;TPL2=0,X=1:A;TPL2=1,X=0:A;TPL2=1,X=1:A	CONSISTENT
occ:movebefore_modification:1.4.0.0@preproc_conditional_actions#sep-before-end+comments	move-modification	preproc_conditional_actions	sep-before-end+comments	admitted		B7b-1	empty-semantic-rejected	TPL2=0,X=0:A;TPL2=0,X=1:A;TPL2=1,X=0:A;TPL2=1,X=1:A	CONSISTENT
occ:movebefore_modification:1.4.0.0@preproc_conditional_actions#sep-before-end+not	move-modification	preproc_conditional_actions	sep-before-end+not	admitted		B7b-1	empty-semantic-rejected	TPL2=0,X=0:A;TPL2=0,X=1:A;TPL2=1,X=0:A;TPL2=1,X=1:A	CONSISTENT
occ:movebefore_modification:1.4.0.0@preproc_conditional_actions#sep-only	move-modification	preproc_conditional_actions	sep-only	admitted		B7b-1	empty-semantic-rejected	TPL2=0,X=0:A;TPL2=0,X=1:A;TPL2=1,X=0:A;TPL2=1,X=1:A	CONSISTENT
occ:movebefore_modification:1.4.0.0@preproc_conditional_actions#sep-only+comments	move-modification	preproc_conditional_actions	sep-only+comments	admitted		B7b-1	empty-semantic-rejected	TPL2=0,X=0:A;TPL2=0,X=1:A;TPL2=1,X=0:A;TPL2=1,X=1:A	CONSISTENT
occ:movebefore_modification:1.4.0.0@preproc_conditional_actions#sep-only+not	move-modification	preproc_conditional_actions	sep-only+not	admitted		B7b-1	empty-semantic-rejected	TPL2=0,X=0:A;TPL2=0,X=1:A;TPL2=1,X=0:A;TPL2=1,X=1:A	CONSISTENT
occ:movebefore_modification:1.4.0.0@preproc_conditional_actions#trail	move-modification	preproc_conditional_actions	trail	admitted		B7b-1	empty-semantic-rejected	TPL2=0,X=0:A;TPL2=0,X=1:A;TPL2=1,X=0:R;TPL2=1,X=1:A	MIXED:TPL2=0,X=0:CONSISTENT;TPL2=0,X=1:CONSISTENT;TPL2=1,X=0:REJECTED/semantic/over-accepts;TPL2=1,X=1:CONSISTENT
occ:movebefore_modification:1.4.0.0@preproc_conditional_actions#trail+comments	move-modification	preproc_conditional_actions	trail+comments	admitted		B7b-1	empty-semantic-rejected	TPL2=0,X=0:A;TPL2=0,X=1:A;TPL2=1,X=0:R;TPL2=1,X=1:A	MIXED:TPL2=0,X=0:CONSISTENT;TPL2=0,X=1:CONSISTENT;TPL2=1,X=0:REJECTED/semantic/over-accepts;TPL2=1,X=1:CONSISTENT
occ:movebefore_modification:1.4.0.0@preproc_conditional_actions#trail+not	move-modification	preproc_conditional_actions	trail+not	admitted		B7b-1	empty-semantic-rejected	TPL2=0,X=0:A;TPL2=0,X=1:A;TPL2=1,X=0:A;TPL2=1,X=1:R	MIXED:TPL2=0,X=0:CONSISTENT;TPL2=0,X=1:CONSISTENT;TPL2=1,X=0:CONSISTENT;TPL2=1,X=1:REJECTED/semantic/over-accepts
occ:movebefore_modification:1.4.0.0@preproc_conditional_layout#empty	move-modification	preproc_conditional_layout	empty	admitted		B7b-1	empty-semantic-rejected	TPL2=0,X=0:A;TPL2=0,X=1:A;TPL2=1,X=0:A;TPL2=1,X=1:A	CONSISTENT
occ:movebefore_modification:1.4.0.0@preproc_conditional_layout#empty+comments	move-modification	preproc_conditional_layout	empty+comments	admitted		B7b-1	empty-semantic-rejected	TPL2=0,X=0:A;TPL2=0,X=1:A;TPL2=1,X=0:A;TPL2=1,X=1:A	CONSISTENT
occ:movebefore_modification:1.4.0.0@preproc_conditional_layout#empty+not	move-modification	preproc_conditional_layout	empty+not	admitted		B7b-1	empty-semantic-rejected	TPL2=0,X=0:A;TPL2=0,X=1:A;TPL2=1,X=0:A;TPL2=1,X=1:A	CONSISTENT
occ:movebefore_modification:1.4.0.0@preproc_conditional_layout#empty-list	move-modification	preproc_conditional_layout	empty-list	admitted		B7b-1	empty-semantic-rejected	TPL2=0,X=0:A;TPL2=0,X=1:A;TPL2=1,X=0:R;TPL2=1,X=1:A	MIXED:TPL2=0,X=0:CONSISTENT;TPL2=0,X=1:CONSISTENT;TPL2=1,X=0:REJECTED/semantic/over-accepts;TPL2=1,X=1:CONSISTENT
occ:movebefore_modification:1.4.0.0@preproc_conditional_layout#empty-list+comments	move-modification	preproc_conditional_layout	empty-list+comments	admitted		B7b-1	empty-semantic-rejected	TPL2=0,X=0:A;TPL2=0,X=1:A;TPL2=1,X=0:R;TPL2=1,X=1:A	MIXED:TPL2=0,X=0:CONSISTENT;TPL2=0,X=1:CONSISTENT;TPL2=1,X=0:REJECTED/semantic/over-accepts;TPL2=1,X=1:CONSISTENT
occ:movebefore_modification:1.4.0.0@preproc_conditional_layout#empty-list+not	move-modification	preproc_conditional_layout	empty-list+not	admitted		B7b-1	empty-semantic-rejected	TPL2=0,X=0:A;TPL2=0,X=1:A;TPL2=1,X=0:A;TPL2=1,X=1:R	MIXED:TPL2=0,X=0:CONSISTENT;TPL2=0,X=1:CONSISTENT;TPL2=1,X=0:CONSISTENT;TPL2=1,X=1:REJECTED/semantic/over-accepts
occ:movebefore_modification:1.4.0.0@preproc_conditional_layout#holes-lead	move-modification	preproc_conditional_layout	holes-lead	admitted		B7b-1	empty-semantic-rejected	TPL2=0,X=0:A;TPL2=0,X=1:A;TPL2=1,X=0:A;TPL2=1,X=1:R	MIXED:TPL2=0,X=0:CONSISTENT;TPL2=0,X=1:CONSISTENT;TPL2=1,X=0:CONSISTENT;TPL2=1,X=1:REJECTED/syntax/over-accepts
occ:movebefore_modification:1.4.0.0@preproc_conditional_layout#holes-lead+comments	move-modification	preproc_conditional_layout	holes-lead+comments	admitted		B7b-1	empty-semantic-rejected	TPL2=0,X=0:A;TPL2=0,X=1:A;TPL2=1,X=0:A;TPL2=1,X=1:R	MIXED:TPL2=0,X=0:CONSISTENT;TPL2=0,X=1:CONSISTENT;TPL2=1,X=0:CONSISTENT;TPL2=1,X=1:REJECTED/syntax/over-accepts
occ:movebefore_modification:1.4.0.0@preproc_conditional_layout#holes-lead+not	move-modification	preproc_conditional_layout	holes-lead+not	admitted		B7b-1	empty-semantic-rejected	TPL2=0,X=0:A;TPL2=0,X=1:A;TPL2=1,X=0:R;TPL2=1,X=1:A	MIXED:TPL2=0,X=0:CONSISTENT;TPL2=0,X=1:CONSISTENT;TPL2=1,X=0:REJECTED/syntax/over-accepts;TPL2=1,X=1:CONSISTENT
occ:movebefore_modification:1.4.0.0@preproc_conditional_layout#holes-mid	move-modification	preproc_conditional_layout	holes-mid	admitted		B7b-1	empty-semantic-rejected	TPL2=0,X=0:A;TPL2=0,X=1:A;TPL2=1,X=0:A;TPL2=1,X=1:R	MIXED:TPL2=0,X=0:CONSISTENT;TPL2=0,X=1:CONSISTENT;TPL2=1,X=0:CONSISTENT;TPL2=1,X=1:REJECTED/syntax/over-accepts
occ:movebefore_modification:1.4.0.0@preproc_conditional_layout#holes-mid+comments	move-modification	preproc_conditional_layout	holes-mid+comments	admitted		B7b-1	empty-semantic-rejected	TPL2=0,X=0:A;TPL2=0,X=1:A;TPL2=1,X=0:A;TPL2=1,X=1:R	MIXED:TPL2=0,X=0:CONSISTENT;TPL2=0,X=1:CONSISTENT;TPL2=1,X=0:CONSISTENT;TPL2=1,X=1:REJECTED/syntax/over-accepts
occ:movebefore_modification:1.4.0.0@preproc_conditional_layout#holes-mid+not	move-modification	preproc_conditional_layout	holes-mid+not	admitted		B7b-1	empty-semantic-rejected	TPL2=0,X=0:A;TPL2=0,X=1:A;TPL2=1,X=0:R;TPL2=1,X=1:A	MIXED:TPL2=0,X=0:CONSISTENT;TPL2=0,X=1:CONSISTENT;TPL2=1,X=0:REJECTED/syntax/over-accepts;TPL2=1,X=1:CONSISTENT
occ:movebefore_modification:1.4.0.0@preproc_conditional_layout#holes-trail	move-modification	preproc_conditional_layout	holes-trail	admitted		B7b-1	empty-semantic-rejected	TPL2=0,X=0:A;TPL2=0,X=1:A;TPL2=1,X=0:A;TPL2=1,X=1:R	MIXED:TPL2=0,X=0:CONSISTENT;TPL2=0,X=1:CONSISTENT;TPL2=1,X=0:CONSISTENT;TPL2=1,X=1:REJECTED/semantic/over-accepts
occ:movebefore_modification:1.4.0.0@preproc_conditional_layout#holes-trail+comments	move-modification	preproc_conditional_layout	holes-trail+comments	admitted		B7b-1	empty-semantic-rejected	TPL2=0,X=0:A;TPL2=0,X=1:A;TPL2=1,X=0:A;TPL2=1,X=1:R	MIXED:TPL2=0,X=0:CONSISTENT;TPL2=0,X=1:CONSISTENT;TPL2=1,X=0:CONSISTENT;TPL2=1,X=1:REJECTED/semantic/over-accepts
occ:movebefore_modification:1.4.0.0@preproc_conditional_layout#holes-trail+not	move-modification	preproc_conditional_layout	holes-trail+not	admitted		B7b-1	empty-semantic-rejected	TPL2=0,X=0:A;TPL2=0,X=1:A;TPL2=1,X=0:R;TPL2=1,X=1:A	MIXED:TPL2=0,X=0:CONSISTENT;TPL2=0,X=1:CONSISTENT;TPL2=1,X=0:REJECTED/semantic/over-accepts;TPL2=1,X=1:CONSISTENT
occ:movebefore_modification:1.4.0.0@preproc_conditional_layout#lead-optional	move-modification	preproc_conditional_layout	lead-optional	admitted		B7b-1	empty-semantic-rejected	TPL2=0,X=0:A;TPL2=0,X=1:A;TPL2=1,X=0:A;TPL2=1,X=1:A	CONSISTENT
occ:movebefore_modification:1.4.0.0@preproc_conditional_layout#lead-optional+comments	move-modification	preproc_conditional_layout	lead-optional+comments	admitted		B7b-1	empty-semantic-rejected	TPL2=0,X=0:A;TPL2=0,X=1:A;TPL2=1,X=0:A;TPL2=1,X=1:A	CONSISTENT
occ:movebefore_modification:1.4.0.0@preproc_conditional_layout#lead-optional+not	move-modification	preproc_conditional_layout	lead-optional+not	admitted		B7b-1	empty-semantic-rejected	TPL2=0,X=0:A;TPL2=0,X=1:A;TPL2=1,X=0:A;TPL2=1,X=1:A	CONSISTENT
occ:movebefore_modification:1.4.0.0@preproc_conditional_layout#sep-before-end	move-modification	preproc_conditional_layout	sep-before-end	admitted		B7b-1	empty-semantic-rejected	TPL2=0,X=0:A;TPL2=0,X=1:A;TPL2=1,X=0:A;TPL2=1,X=1:A	CONSISTENT
occ:movebefore_modification:1.4.0.0@preproc_conditional_layout#sep-before-end+comments	move-modification	preproc_conditional_layout	sep-before-end+comments	admitted		B7b-1	empty-semantic-rejected	TPL2=0,X=0:A;TPL2=0,X=1:A;TPL2=1,X=0:A;TPL2=1,X=1:A	CONSISTENT
occ:movebefore_modification:1.4.0.0@preproc_conditional_layout#sep-before-end+not	move-modification	preproc_conditional_layout	sep-before-end+not	admitted		B7b-1	empty-semantic-rejected	TPL2=0,X=0:A;TPL2=0,X=1:A;TPL2=1,X=0:A;TPL2=1,X=1:A	CONSISTENT
occ:movebefore_modification:1.4.0.0@preproc_conditional_layout#sep-only	move-modification	preproc_conditional_layout	sep-only	admitted		B7b-1	empty-semantic-rejected	TPL2=0,X=0:A;TPL2=0,X=1:A;TPL2=1,X=0:A;TPL2=1,X=1:A	CONSISTENT
occ:movebefore_modification:1.4.0.0@preproc_conditional_layout#sep-only+comments	move-modification	preproc_conditional_layout	sep-only+comments	admitted		B7b-1	empty-semantic-rejected	TPL2=0,X=0:A;TPL2=0,X=1:A;TPL2=1,X=0:A;TPL2=1,X=1:A	CONSISTENT
occ:movebefore_modification:1.4.0.0@preproc_conditional_layout#sep-only+not	move-modification	preproc_conditional_layout	sep-only+not	admitted		B7b-1	empty-semantic-rejected	TPL2=0,X=0:A;TPL2=0,X=1:A;TPL2=1,X=0:A;TPL2=1,X=1:A	CONSISTENT
occ:movebefore_modification:1.4.0.0@preproc_conditional_layout#trail	move-modification	preproc_conditional_layout	trail	admitted		B7b-1	empty-semantic-rejected	TPL2=0,X=0:A;TPL2=0,X=1:A;TPL2=1,X=0:R;TPL2=1,X=1:A	MIXED:TPL2=0,X=0:CONSISTENT;TPL2=0,X=1:CONSISTENT;TPL2=1,X=0:REJECTED/semantic/over-accepts;TPL2=1,X=1:CONSISTENT
occ:movebefore_modification:1.4.0.0@preproc_conditional_layout#trail+comments	move-modification	preproc_conditional_layout	trail+comments	admitted		B7b-1	empty-semantic-rejected	TPL2=0,X=0:A;TPL2=0,X=1:A;TPL2=1,X=0:R;TPL2=1,X=1:A	MIXED:TPL2=0,X=0:CONSISTENT;TPL2=0,X=1:CONSISTENT;TPL2=1,X=0:REJECTED/semantic/over-accepts;TPL2=1,X=1:CONSISTENT
occ:movebefore_modification:1.4.0.0@preproc_conditional_layout#trail+not	move-modification	preproc_conditional_layout	trail+not	admitted		B7b-1	empty-semantic-rejected	TPL2=0,X=0:A;TPL2=0,X=1:A;TPL2=1,X=0:A;TPL2=1,X=1:R	MIXED:TPL2=0,X=0:CONSISTENT;TPL2=0,X=1:CONSISTENT;TPL2=1,X=0:CONSISTENT;TPL2=1,X=1:REJECTED/semantic/over-accepts
occ:movefirst_modification:1.2@action_body#adjacent-compl	move-modification	action_body	adjacent-compl	excluded	group supplies or replaces the fixed `;` (fixed-header separator, B7b-3)	B7b-3	empty-semantic-rejected	X=0:A;X=1:A	GAP
occ:movefirst_modification:1.2@action_body#adjacent-compl+comments	move-modification	action_body	adjacent-compl+comments	excluded	group supplies or replaces the fixed `;` (fixed-header separator, B7b-3)	B7b-3	empty-semantic-rejected	X=0:A;X=1:A	GAP
occ:movefirst_modification:1.2@action_body#adjacent-compl+not	move-modification	action_body	adjacent-compl+not	excluded	group supplies or replaces the fixed `;` (fixed-header separator, B7b-3)	B7b-3	empty-semantic-rejected	X=0:A;X=1:A	GAP
occ:movefirst_modification:1.2@action_body#elif	move-modification	action_body	elif	excluded	group supplies or replaces the fixed `;` (fixed-header separator, B7b-3)	B7b-3	empty-semantic-rejected	X=0,Y=0:A;X=0,Y=1:A;X=1,Y=0:A;X=1,Y=1:A	GAP
occ:movefirst_modification:1.2@action_body#elif+comments	move-modification	action_body	elif+comments	excluded	group supplies or replaces the fixed `;` (fixed-header separator, B7b-3)	B7b-3	empty-semantic-rejected	X=0,Y=0:A;X=0,Y=1:A;X=1,Y=0:A;X=1,Y=1:A	GAP
occ:movefirst_modification:1.2@action_body#elif+not	move-modification	action_body	elif+not	excluded	group supplies or replaces the fixed `;` (fixed-header separator, B7b-3)	B7b-3	empty-semantic-rejected	X=0,Y=0:A;X=0,Y=1:A;X=1,Y=0:A;X=1,Y=1:A	GAP
occ:movefirst_modification:1.2@action_body#empty	move-modification	action_body	empty	admitted		B7b-1	empty-semantic-rejected	X=0:A;X=1:A	CONSISTENT
occ:movefirst_modification:1.2@action_body#empty+comments	move-modification	action_body	empty+comments	admitted		B7b-1	empty-semantic-rejected	X=0:A;X=1:A	CONSISTENT
occ:movefirst_modification:1.2@action_body#empty+not	move-modification	action_body	empty+not	admitted		B7b-1	empty-semantic-rejected	X=0:A;X=1:A	CONSISTENT
occ:movefirst_modification:1.2@action_body#first-replace	move-modification	action_body	first-replace	excluded	group replaces or supplies the fixed target slot (fixed-header slot, B7b-3)	B7b-3	empty-semantic-rejected	X=0:A;X=1:A	GAP
occ:movefirst_modification:1.2@action_body#first-replace+comments	move-modification	action_body	first-replace+comments	excluded	group replaces or supplies the fixed target slot (fixed-header slot, B7b-3)	B7b-3	empty-semantic-rejected	X=0:A;X=1:A	GAP
occ:movefirst_modification:1.2@action_body#first-replace+not	move-modification	action_body	first-replace+not	excluded	group replaces or supplies the fixed target slot (fixed-header slot, B7b-3)	B7b-3	empty-semantic-rejected	X=0:A;X=1:A	GAP
occ:movefirst_modification:1.2@action_body#nested	move-modification	action_body	nested	excluded	group supplies or replaces the fixed `;` (fixed-header separator, B7b-3)	B7b-3	empty-semantic-rejected	X=0,Y=0:A;X=0,Y=1:A;X=1,Y=0:A;X=1,Y=1:A	GAP
occ:movefirst_modification:1.2@action_body#nested+comments	move-modification	action_body	nested+comments	excluded	group supplies or replaces the fixed `;` (fixed-header separator, B7b-3)	B7b-3	empty-semantic-rejected	X=0,Y=0:A;X=0,Y=1:A;X=1,Y=0:A;X=1,Y=1:A	GAP
occ:movefirst_modification:1.2@action_body#nested+not	move-modification	action_body	nested+not	excluded	group supplies or replaces the fixed `;` (fixed-header separator, B7b-3)	B7b-3	empty-semantic-rejected	X=0,Y=0:A;X=0,Y=1:A;X=1,Y=0:A;X=1,Y=1:A	GAP
occ:movefirst_modification:1.2@action_body#sep-before-end	move-modification	action_body	sep-before-end	excluded	group supplies or replaces the fixed `;` (fixed-header separator, B7b-3)	B7b-3	empty-semantic-rejected	X=0:R;X=1:A	MIXED:X=0:REJECTED/syntax/agrees;X=1:GAP
occ:movefirst_modification:1.2@action_body#sep-before-end+comments	move-modification	action_body	sep-before-end+comments	excluded	group supplies or replaces the fixed `;` (fixed-header separator, B7b-3)	B7b-3	empty-semantic-rejected	X=0:R;X=1:A	MIXED:X=0:REJECTED/syntax/agrees;X=1:GAP
occ:movefirst_modification:1.2@action_body#sep-before-end+not	move-modification	action_body	sep-before-end+not	excluded	group supplies or replaces the fixed `;` (fixed-header separator, B7b-3)	B7b-3	empty-semantic-rejected	X=0:A;X=1:R	MIXED:X=0:GAP;X=1:REJECTED/syntax/agrees
occ:movefirst_modification:1.2@action_body#sep-only	move-modification	action_body	sep-only	excluded	group supplies or replaces the fixed `;` (fixed-header separator, B7b-3)	B7b-3	empty-semantic-rejected	X=0:A;X=1:A	GAP
occ:movefirst_modification:1.2@action_body#sep-only+comments	move-modification	action_body	sep-only+comments	excluded	group supplies or replaces the fixed `;` (fixed-header separator, B7b-3)	B7b-3	empty-semantic-rejected	X=0:A;X=1:A	GAP
occ:movefirst_modification:1.2@action_body#sep-only+not	move-modification	action_body	sep-only+not	excluded	group supplies or replaces the fixed `;` (fixed-header separator, B7b-3)	B7b-3	empty-semantic-rejected	X=0:A;X=1:A	GAP
occ:movefirst_modification:1.2@action_body#trail	move-modification	action_body	trail	admitted		B7b-1	empty-semantic-rejected	X=0:R;X=1:A	MIXED:X=0:REJECTED/semantic/over-accepts;X=1:CONSISTENT
occ:movefirst_modification:1.2@action_body#trail+comments	move-modification	action_body	trail+comments	admitted		B7b-1	empty-semantic-rejected	X=0:R;X=1:A	MIXED:X=0:REJECTED/semantic/over-accepts;X=1:CONSISTENT
occ:movefirst_modification:1.2@action_body#trail+not	move-modification	action_body	trail+not	admitted		B7b-1	empty-semantic-rejected	X=0:A;X=1:R	MIXED:X=0:CONSISTENT;X=1:REJECTED/semantic/over-accepts
occ:movefirst_modification:1.4.0.0@action_body#empty	move-modification	action_body	empty	admitted		B7b-1	empty-semantic-rejected	X=0:A;X=1:A	CONSISTENT
occ:movefirst_modification:1.4.0.0@action_body#empty+comments	move-modification	action_body	empty+comments	admitted		B7b-1	empty-semantic-rejected	X=0:A;X=1:A	CONSISTENT
occ:movefirst_modification:1.4.0.0@action_body#empty+not	move-modification	action_body	empty+not	admitted		B7b-1	empty-semantic-rejected	X=0:A;X=1:A	CONSISTENT
occ:movefirst_modification:1.4.0.0@action_body#empty-list	move-modification	action_body	empty-list	admitted		B7b-1	empty-semantic-rejected	X=0:R;X=1:A	MIXED:X=0:REJECTED/semantic/over-accepts;X=1:CONSISTENT
occ:movefirst_modification:1.4.0.0@action_body#empty-list+comments	move-modification	action_body	empty-list+comments	admitted		B7b-1	empty-semantic-rejected	X=0:R;X=1:A	MIXED:X=0:REJECTED/semantic/over-accepts;X=1:CONSISTENT
occ:movefirst_modification:1.4.0.0@action_body#empty-list+not	move-modification	action_body	empty-list+not	admitted		B7b-1	empty-semantic-rejected	X=0:A;X=1:R	MIXED:X=0:CONSISTENT;X=1:REJECTED/semantic/over-accepts
occ:movefirst_modification:1.4.0.0@action_body#holes-lead	move-modification	action_body	holes-lead	admitted		B7b-1	empty-semantic-rejected	X=0:A;X=1:R	MIXED:X=0:CONSISTENT;X=1:REJECTED/syntax/over-accepts
occ:movefirst_modification:1.4.0.0@action_body#holes-lead+comments	move-modification	action_body	holes-lead+comments	admitted		B7b-1	empty-semantic-rejected	X=0:A;X=1:R	MIXED:X=0:CONSISTENT;X=1:REJECTED/syntax/over-accepts
occ:movefirst_modification:1.4.0.0@action_body#holes-lead+not	move-modification	action_body	holes-lead+not	admitted		B7b-1	empty-semantic-rejected	X=0:R;X=1:A	MIXED:X=0:REJECTED/syntax/over-accepts;X=1:CONSISTENT
occ:movefirst_modification:1.4.0.0@action_body#holes-mid	move-modification	action_body	holes-mid	admitted		B7b-1	empty-semantic-rejected	X=0:A;X=1:R	MIXED:X=0:CONSISTENT;X=1:REJECTED/syntax/over-accepts
occ:movefirst_modification:1.4.0.0@action_body#holes-mid+comments	move-modification	action_body	holes-mid+comments	admitted		B7b-1	empty-semantic-rejected	X=0:A;X=1:R	MIXED:X=0:CONSISTENT;X=1:REJECTED/syntax/over-accepts
occ:movefirst_modification:1.4.0.0@action_body#holes-mid+not	move-modification	action_body	holes-mid+not	admitted		B7b-1	empty-semantic-rejected	X=0:R;X=1:A	MIXED:X=0:REJECTED/syntax/over-accepts;X=1:CONSISTENT
occ:movefirst_modification:1.4.0.0@action_body#holes-trail	move-modification	action_body	holes-trail	admitted		B7b-1	empty-semantic-rejected	X=0:A;X=1:R	MIXED:X=0:CONSISTENT;X=1:REJECTED/semantic/over-accepts
occ:movefirst_modification:1.4.0.0@action_body#holes-trail+comments	move-modification	action_body	holes-trail+comments	admitted		B7b-1	empty-semantic-rejected	X=0:A;X=1:R	MIXED:X=0:CONSISTENT;X=1:REJECTED/semantic/over-accepts
occ:movefirst_modification:1.4.0.0@action_body#holes-trail+not	move-modification	action_body	holes-trail+not	admitted		B7b-1	empty-semantic-rejected	X=0:R;X=1:A	MIXED:X=0:REJECTED/semantic/over-accepts;X=1:CONSISTENT
occ:movefirst_modification:1.4.0.0@action_body#lead-optional	move-modification	action_body	lead-optional	admitted		B7b-1	empty-semantic-rejected	X=0:A;X=1:A	CONSISTENT
occ:movefirst_modification:1.4.0.0@action_body#lead-optional+comments	move-modification	action_body	lead-optional+comments	admitted		B7b-1	empty-semantic-rejected	X=0:A;X=1:A	CONSISTENT
occ:movefirst_modification:1.4.0.0@action_body#lead-optional+not	move-modification	action_body	lead-optional+not	admitted		B7b-1	empty-semantic-rejected	X=0:A;X=1:A	CONSISTENT
occ:movefirst_modification:1.4.0.0@action_body#sep-before-end	move-modification	action_body	sep-before-end	admitted		B7b-1	empty-semantic-rejected	X=0:A;X=1:A	CONSISTENT
occ:movefirst_modification:1.4.0.0@action_body#sep-before-end+comments	move-modification	action_body	sep-before-end+comments	admitted		B7b-1	empty-semantic-rejected	X=0:A;X=1:A	CONSISTENT
occ:movefirst_modification:1.4.0.0@action_body#sep-before-end+not	move-modification	action_body	sep-before-end+not	admitted		B7b-1	empty-semantic-rejected	X=0:A;X=1:A	CONSISTENT
occ:movefirst_modification:1.4.0.0@action_body#sep-only	move-modification	action_body	sep-only	admitted		B7b-1	empty-semantic-rejected	X=0:A;X=1:A	CONSISTENT
occ:movefirst_modification:1.4.0.0@action_body#sep-only+comments	move-modification	action_body	sep-only+comments	admitted		B7b-1	empty-semantic-rejected	X=0:A;X=1:A	CONSISTENT
occ:movefirst_modification:1.4.0.0@action_body#sep-only+not	move-modification	action_body	sep-only+not	admitted		B7b-1	empty-semantic-rejected	X=0:A;X=1:A	CONSISTENT
occ:movefirst_modification:1.4.0.0@action_body#trail	move-modification	action_body	trail	admitted		B7b-1	empty-semantic-rejected	X=0:R;X=1:A	MIXED:X=0:REJECTED/semantic/over-accepts;X=1:CONSISTENT
occ:movefirst_modification:1.4.0.0@action_body#trail+comments	move-modification	action_body	trail+comments	admitted		B7b-1	empty-semantic-rejected	X=0:R;X=1:A	MIXED:X=0:REJECTED/semantic/over-accepts;X=1:CONSISTENT
occ:movefirst_modification:1.4.0.0@action_body#trail+not	move-modification	action_body	trail+not	admitted		B7b-1	empty-semantic-rejected	X=0:A;X=1:R	MIXED:X=0:CONSISTENT;X=1:REJECTED/semantic/over-accepts
occ:movefirst_modification:1.4.0.0@layout_body#empty	move-modification	layout_body	empty	admitted		B7b-1	empty-semantic-rejected	X=0:A;X=1:A	CONSISTENT
occ:movefirst_modification:1.4.0.0@layout_body#empty+comments	move-modification	layout_body	empty+comments	admitted		B7b-1	empty-semantic-rejected	X=0:A;X=1:A	CONSISTENT
occ:movefirst_modification:1.4.0.0@layout_body#empty+not	move-modification	layout_body	empty+not	admitted		B7b-1	empty-semantic-rejected	X=0:A;X=1:A	CONSISTENT
occ:movefirst_modification:1.4.0.0@layout_body#empty-list	move-modification	layout_body	empty-list	admitted		B7b-1	empty-semantic-rejected	X=0:R;X=1:A	MIXED:X=0:REJECTED/semantic/over-accepts;X=1:CONSISTENT
occ:movefirst_modification:1.4.0.0@layout_body#empty-list+comments	move-modification	layout_body	empty-list+comments	admitted		B7b-1	empty-semantic-rejected	X=0:R;X=1:A	MIXED:X=0:REJECTED/semantic/over-accepts;X=1:CONSISTENT
occ:movefirst_modification:1.4.0.0@layout_body#empty-list+not	move-modification	layout_body	empty-list+not	admitted		B7b-1	empty-semantic-rejected	X=0:A;X=1:R	MIXED:X=0:CONSISTENT;X=1:REJECTED/semantic/over-accepts
occ:movefirst_modification:1.4.0.0@layout_body#holes-lead	move-modification	layout_body	holes-lead	admitted		B7b-1	empty-semantic-rejected	X=0:A;X=1:R	MIXED:X=0:CONSISTENT;X=1:REJECTED/syntax/over-accepts
occ:movefirst_modification:1.4.0.0@layout_body#holes-lead+comments	move-modification	layout_body	holes-lead+comments	admitted		B7b-1	empty-semantic-rejected	X=0:A;X=1:R	MIXED:X=0:CONSISTENT;X=1:REJECTED/syntax/over-accepts
occ:movefirst_modification:1.4.0.0@layout_body#holes-lead+not	move-modification	layout_body	holes-lead+not	admitted		B7b-1	empty-semantic-rejected	X=0:R;X=1:A	MIXED:X=0:REJECTED/syntax/over-accepts;X=1:CONSISTENT
occ:movefirst_modification:1.4.0.0@layout_body#holes-mid	move-modification	layout_body	holes-mid	admitted		B7b-1	empty-semantic-rejected	X=0:A;X=1:R	MIXED:X=0:CONSISTENT;X=1:REJECTED/syntax/over-accepts
occ:movefirst_modification:1.4.0.0@layout_body#holes-mid+comments	move-modification	layout_body	holes-mid+comments	admitted		B7b-1	empty-semantic-rejected	X=0:A;X=1:R	MIXED:X=0:CONSISTENT;X=1:REJECTED/syntax/over-accepts
occ:movefirst_modification:1.4.0.0@layout_body#holes-mid+not	move-modification	layout_body	holes-mid+not	admitted		B7b-1	empty-semantic-rejected	X=0:R;X=1:A	MIXED:X=0:REJECTED/syntax/over-accepts;X=1:CONSISTENT
occ:movefirst_modification:1.4.0.0@layout_body#holes-trail	move-modification	layout_body	holes-trail	admitted		B7b-1	empty-semantic-rejected	X=0:A;X=1:R	MIXED:X=0:CONSISTENT;X=1:REJECTED/semantic/over-accepts
occ:movefirst_modification:1.4.0.0@layout_body#holes-trail+comments	move-modification	layout_body	holes-trail+comments	admitted		B7b-1	empty-semantic-rejected	X=0:A;X=1:R	MIXED:X=0:CONSISTENT;X=1:REJECTED/semantic/over-accepts
occ:movefirst_modification:1.4.0.0@layout_body#holes-trail+not	move-modification	layout_body	holes-trail+not	admitted		B7b-1	empty-semantic-rejected	X=0:R;X=1:A	MIXED:X=0:REJECTED/semantic/over-accepts;X=1:CONSISTENT
occ:movefirst_modification:1.4.0.0@layout_body#lead-optional	move-modification	layout_body	lead-optional	admitted		B7b-1	empty-semantic-rejected	X=0:A;X=1:A	CONSISTENT
occ:movefirst_modification:1.4.0.0@layout_body#lead-optional+comments	move-modification	layout_body	lead-optional+comments	admitted		B7b-1	empty-semantic-rejected	X=0:A;X=1:A	CONSISTENT
occ:movefirst_modification:1.4.0.0@layout_body#lead-optional+not	move-modification	layout_body	lead-optional+not	admitted		B7b-1	empty-semantic-rejected	X=0:A;X=1:A	CONSISTENT
occ:movefirst_modification:1.4.0.0@layout_body#sep-before-end	move-modification	layout_body	sep-before-end	admitted		B7b-1	empty-semantic-rejected	X=0:A;X=1:A	CONSISTENT
occ:movefirst_modification:1.4.0.0@layout_body#sep-before-end+comments	move-modification	layout_body	sep-before-end+comments	admitted		B7b-1	empty-semantic-rejected	X=0:A;X=1:A	CONSISTENT
occ:movefirst_modification:1.4.0.0@layout_body#sep-before-end+not	move-modification	layout_body	sep-before-end+not	admitted		B7b-1	empty-semantic-rejected	X=0:A;X=1:A	CONSISTENT
occ:movefirst_modification:1.4.0.0@layout_body#sep-only	move-modification	layout_body	sep-only	admitted		B7b-1	empty-semantic-rejected	X=0:A;X=1:A	CONSISTENT
occ:movefirst_modification:1.4.0.0@layout_body#sep-only+comments	move-modification	layout_body	sep-only+comments	admitted		B7b-1	empty-semantic-rejected	X=0:A;X=1:A	CONSISTENT
occ:movefirst_modification:1.4.0.0@layout_body#sep-only+not	move-modification	layout_body	sep-only+not	admitted		B7b-1	empty-semantic-rejected	X=0:A;X=1:A	CONSISTENT
occ:movefirst_modification:1.4.0.0@layout_body#trail	move-modification	layout_body	trail	admitted		B7b-1	empty-semantic-rejected	X=0:R;X=1:A	MIXED:X=0:REJECTED/semantic/over-accepts;X=1:CONSISTENT
occ:movefirst_modification:1.4.0.0@layout_body#trail+comments	move-modification	layout_body	trail+comments	admitted		B7b-1	empty-semantic-rejected	X=0:R;X=1:A	MIXED:X=0:REJECTED/semantic/over-accepts;X=1:CONSISTENT
occ:movefirst_modification:1.4.0.0@layout_body#trail+not	move-modification	layout_body	trail+not	admitted		B7b-1	empty-semantic-rejected	X=0:A;X=1:R	MIXED:X=0:CONSISTENT;X=1:REJECTED/semantic/over-accepts
occ:movefirst_modification:1.4.0.0@preproc_conditional_actions#empty	move-modification	preproc_conditional_actions	empty	admitted		B7b-1	empty-semantic-rejected	TPL2=0,X=0:A;TPL2=0,X=1:A;TPL2=1,X=0:A;TPL2=1,X=1:A	CONSISTENT
occ:movefirst_modification:1.4.0.0@preproc_conditional_actions#empty+comments	move-modification	preproc_conditional_actions	empty+comments	admitted		B7b-1	empty-semantic-rejected	TPL2=0,X=0:A;TPL2=0,X=1:A;TPL2=1,X=0:A;TPL2=1,X=1:A	CONSISTENT
occ:movefirst_modification:1.4.0.0@preproc_conditional_actions#empty+not	move-modification	preproc_conditional_actions	empty+not	admitted		B7b-1	empty-semantic-rejected	TPL2=0,X=0:A;TPL2=0,X=1:A;TPL2=1,X=0:A;TPL2=1,X=1:A	CONSISTENT
occ:movefirst_modification:1.4.0.0@preproc_conditional_actions#empty-list	move-modification	preproc_conditional_actions	empty-list	admitted		B7b-1	empty-semantic-rejected	TPL2=0,X=0:A;TPL2=0,X=1:A;TPL2=1,X=0:R;TPL2=1,X=1:A	MIXED:TPL2=0,X=0:CONSISTENT;TPL2=0,X=1:CONSISTENT;TPL2=1,X=0:REJECTED/semantic/over-accepts;TPL2=1,X=1:CONSISTENT
occ:movefirst_modification:1.4.0.0@preproc_conditional_actions#empty-list+comments	move-modification	preproc_conditional_actions	empty-list+comments	admitted		B7b-1	empty-semantic-rejected	TPL2=0,X=0:A;TPL2=0,X=1:A;TPL2=1,X=0:R;TPL2=1,X=1:A	MIXED:TPL2=0,X=0:CONSISTENT;TPL2=0,X=1:CONSISTENT;TPL2=1,X=0:REJECTED/semantic/over-accepts;TPL2=1,X=1:CONSISTENT
occ:movefirst_modification:1.4.0.0@preproc_conditional_actions#empty-list+not	move-modification	preproc_conditional_actions	empty-list+not	admitted		B7b-1	empty-semantic-rejected	TPL2=0,X=0:A;TPL2=0,X=1:A;TPL2=1,X=0:A;TPL2=1,X=1:R	MIXED:TPL2=0,X=0:CONSISTENT;TPL2=0,X=1:CONSISTENT;TPL2=1,X=0:CONSISTENT;TPL2=1,X=1:REJECTED/semantic/over-accepts
occ:movefirst_modification:1.4.0.0@preproc_conditional_actions#holes-lead	move-modification	preproc_conditional_actions	holes-lead	admitted		B7b-1	empty-semantic-rejected	TPL2=0,X=0:A;TPL2=0,X=1:A;TPL2=1,X=0:A;TPL2=1,X=1:R	MIXED:TPL2=0,X=0:CONSISTENT;TPL2=0,X=1:CONSISTENT;TPL2=1,X=0:CONSISTENT;TPL2=1,X=1:REJECTED/syntax/over-accepts
occ:movefirst_modification:1.4.0.0@preproc_conditional_actions#holes-lead+comments	move-modification	preproc_conditional_actions	holes-lead+comments	admitted		B7b-1	empty-semantic-rejected	TPL2=0,X=0:A;TPL2=0,X=1:A;TPL2=1,X=0:A;TPL2=1,X=1:R	MIXED:TPL2=0,X=0:CONSISTENT;TPL2=0,X=1:CONSISTENT;TPL2=1,X=0:CONSISTENT;TPL2=1,X=1:REJECTED/syntax/over-accepts
occ:movefirst_modification:1.4.0.0@preproc_conditional_actions#holes-lead+not	move-modification	preproc_conditional_actions	holes-lead+not	admitted		B7b-1	empty-semantic-rejected	TPL2=0,X=0:A;TPL2=0,X=1:A;TPL2=1,X=0:R;TPL2=1,X=1:A	MIXED:TPL2=0,X=0:CONSISTENT;TPL2=0,X=1:CONSISTENT;TPL2=1,X=0:REJECTED/syntax/over-accepts;TPL2=1,X=1:CONSISTENT
occ:movefirst_modification:1.4.0.0@preproc_conditional_actions#holes-mid	move-modification	preproc_conditional_actions	holes-mid	admitted		B7b-1	empty-semantic-rejected	TPL2=0,X=0:A;TPL2=0,X=1:A;TPL2=1,X=0:A;TPL2=1,X=1:R	MIXED:TPL2=0,X=0:CONSISTENT;TPL2=0,X=1:CONSISTENT;TPL2=1,X=0:CONSISTENT;TPL2=1,X=1:REJECTED/syntax/over-accepts
occ:movefirst_modification:1.4.0.0@preproc_conditional_actions#holes-mid+comments	move-modification	preproc_conditional_actions	holes-mid+comments	admitted		B7b-1	empty-semantic-rejected	TPL2=0,X=0:A;TPL2=0,X=1:A;TPL2=1,X=0:A;TPL2=1,X=1:R	MIXED:TPL2=0,X=0:CONSISTENT;TPL2=0,X=1:CONSISTENT;TPL2=1,X=0:CONSISTENT;TPL2=1,X=1:REJECTED/syntax/over-accepts
occ:movefirst_modification:1.4.0.0@preproc_conditional_actions#holes-mid+not	move-modification	preproc_conditional_actions	holes-mid+not	admitted		B7b-1	empty-semantic-rejected	TPL2=0,X=0:A;TPL2=0,X=1:A;TPL2=1,X=0:R;TPL2=1,X=1:A	MIXED:TPL2=0,X=0:CONSISTENT;TPL2=0,X=1:CONSISTENT;TPL2=1,X=0:REJECTED/syntax/over-accepts;TPL2=1,X=1:CONSISTENT
occ:movefirst_modification:1.4.0.0@preproc_conditional_actions#holes-trail	move-modification	preproc_conditional_actions	holes-trail	admitted		B7b-1	empty-semantic-rejected	TPL2=0,X=0:A;TPL2=0,X=1:A;TPL2=1,X=0:A;TPL2=1,X=1:R	MIXED:TPL2=0,X=0:CONSISTENT;TPL2=0,X=1:CONSISTENT;TPL2=1,X=0:CONSISTENT;TPL2=1,X=1:REJECTED/semantic/over-accepts
occ:movefirst_modification:1.4.0.0@preproc_conditional_actions#holes-trail+comments	move-modification	preproc_conditional_actions	holes-trail+comments	admitted		B7b-1	empty-semantic-rejected	TPL2=0,X=0:A;TPL2=0,X=1:A;TPL2=1,X=0:A;TPL2=1,X=1:R	MIXED:TPL2=0,X=0:CONSISTENT;TPL2=0,X=1:CONSISTENT;TPL2=1,X=0:CONSISTENT;TPL2=1,X=1:REJECTED/semantic/over-accepts
occ:movefirst_modification:1.4.0.0@preproc_conditional_actions#holes-trail+not	move-modification	preproc_conditional_actions	holes-trail+not	admitted		B7b-1	empty-semantic-rejected	TPL2=0,X=0:A;TPL2=0,X=1:A;TPL2=1,X=0:R;TPL2=1,X=1:A	MIXED:TPL2=0,X=0:CONSISTENT;TPL2=0,X=1:CONSISTENT;TPL2=1,X=0:REJECTED/semantic/over-accepts;TPL2=1,X=1:CONSISTENT
occ:movefirst_modification:1.4.0.0@preproc_conditional_actions#lead-optional	move-modification	preproc_conditional_actions	lead-optional	admitted		B7b-1	empty-semantic-rejected	TPL2=0,X=0:A;TPL2=0,X=1:A;TPL2=1,X=0:A;TPL2=1,X=1:A	CONSISTENT
occ:movefirst_modification:1.4.0.0@preproc_conditional_actions#lead-optional+comments	move-modification	preproc_conditional_actions	lead-optional+comments	admitted		B7b-1	empty-semantic-rejected	TPL2=0,X=0:A;TPL2=0,X=1:A;TPL2=1,X=0:A;TPL2=1,X=1:A	CONSISTENT
occ:movefirst_modification:1.4.0.0@preproc_conditional_actions#lead-optional+not	move-modification	preproc_conditional_actions	lead-optional+not	admitted		B7b-1	empty-semantic-rejected	TPL2=0,X=0:A;TPL2=0,X=1:A;TPL2=1,X=0:A;TPL2=1,X=1:A	CONSISTENT
occ:movefirst_modification:1.4.0.0@preproc_conditional_actions#sep-before-end	move-modification	preproc_conditional_actions	sep-before-end	admitted		B7b-1	empty-semantic-rejected	TPL2=0,X=0:A;TPL2=0,X=1:A;TPL2=1,X=0:A;TPL2=1,X=1:A	CONSISTENT
occ:movefirst_modification:1.4.0.0@preproc_conditional_actions#sep-before-end+comments	move-modification	preproc_conditional_actions	sep-before-end+comments	admitted		B7b-1	empty-semantic-rejected	TPL2=0,X=0:A;TPL2=0,X=1:A;TPL2=1,X=0:A;TPL2=1,X=1:A	CONSISTENT
occ:movefirst_modification:1.4.0.0@preproc_conditional_actions#sep-before-end+not	move-modification	preproc_conditional_actions	sep-before-end+not	admitted		B7b-1	empty-semantic-rejected	TPL2=0,X=0:A;TPL2=0,X=1:A;TPL2=1,X=0:A;TPL2=1,X=1:A	CONSISTENT
occ:movefirst_modification:1.4.0.0@preproc_conditional_actions#sep-only	move-modification	preproc_conditional_actions	sep-only	admitted		B7b-1	empty-semantic-rejected	TPL2=0,X=0:A;TPL2=0,X=1:A;TPL2=1,X=0:A;TPL2=1,X=1:A	CONSISTENT
occ:movefirst_modification:1.4.0.0@preproc_conditional_actions#sep-only+comments	move-modification	preproc_conditional_actions	sep-only+comments	admitted		B7b-1	empty-semantic-rejected	TPL2=0,X=0:A;TPL2=0,X=1:A;TPL2=1,X=0:A;TPL2=1,X=1:A	CONSISTENT
occ:movefirst_modification:1.4.0.0@preproc_conditional_actions#sep-only+not	move-modification	preproc_conditional_actions	sep-only+not	admitted		B7b-1	empty-semantic-rejected	TPL2=0,X=0:A;TPL2=0,X=1:A;TPL2=1,X=0:A;TPL2=1,X=1:A	CONSISTENT
occ:movefirst_modification:1.4.0.0@preproc_conditional_actions#trail	move-modification	preproc_conditional_actions	trail	admitted		B7b-1	empty-semantic-rejected	TPL2=0,X=0:A;TPL2=0,X=1:A;TPL2=1,X=0:R;TPL2=1,X=1:A	MIXED:TPL2=0,X=0:CONSISTENT;TPL2=0,X=1:CONSISTENT;TPL2=1,X=0:REJECTED/semantic/over-accepts;TPL2=1,X=1:CONSISTENT
occ:movefirst_modification:1.4.0.0@preproc_conditional_actions#trail+comments	move-modification	preproc_conditional_actions	trail+comments	admitted		B7b-1	empty-semantic-rejected	TPL2=0,X=0:A;TPL2=0,X=1:A;TPL2=1,X=0:R;TPL2=1,X=1:A	MIXED:TPL2=0,X=0:CONSISTENT;TPL2=0,X=1:CONSISTENT;TPL2=1,X=0:REJECTED/semantic/over-accepts;TPL2=1,X=1:CONSISTENT
occ:movefirst_modification:1.4.0.0@preproc_conditional_actions#trail+not	move-modification	preproc_conditional_actions	trail+not	admitted		B7b-1	empty-semantic-rejected	TPL2=0,X=0:A;TPL2=0,X=1:A;TPL2=1,X=0:A;TPL2=1,X=1:R	MIXED:TPL2=0,X=0:CONSISTENT;TPL2=0,X=1:CONSISTENT;TPL2=1,X=0:CONSISTENT;TPL2=1,X=1:REJECTED/semantic/over-accepts
occ:movefirst_modification:1.4.0.0@preproc_conditional_layout#empty	move-modification	preproc_conditional_layout	empty	admitted		B7b-1	empty-semantic-rejected	TPL2=0,X=0:A;TPL2=0,X=1:A;TPL2=1,X=0:A;TPL2=1,X=1:A	CONSISTENT
occ:movefirst_modification:1.4.0.0@preproc_conditional_layout#empty+comments	move-modification	preproc_conditional_layout	empty+comments	admitted		B7b-1	empty-semantic-rejected	TPL2=0,X=0:A;TPL2=0,X=1:A;TPL2=1,X=0:A;TPL2=1,X=1:A	CONSISTENT
occ:movefirst_modification:1.4.0.0@preproc_conditional_layout#empty+not	move-modification	preproc_conditional_layout	empty+not	admitted		B7b-1	empty-semantic-rejected	TPL2=0,X=0:A;TPL2=0,X=1:A;TPL2=1,X=0:A;TPL2=1,X=1:A	CONSISTENT
occ:movefirst_modification:1.4.0.0@preproc_conditional_layout#empty-list	move-modification	preproc_conditional_layout	empty-list	admitted		B7b-1	empty-semantic-rejected	TPL2=0,X=0:A;TPL2=0,X=1:A;TPL2=1,X=0:R;TPL2=1,X=1:A	MIXED:TPL2=0,X=0:CONSISTENT;TPL2=0,X=1:CONSISTENT;TPL2=1,X=0:REJECTED/semantic/over-accepts;TPL2=1,X=1:CONSISTENT
occ:movefirst_modification:1.4.0.0@preproc_conditional_layout#empty-list+comments	move-modification	preproc_conditional_layout	empty-list+comments	admitted		B7b-1	empty-semantic-rejected	TPL2=0,X=0:A;TPL2=0,X=1:A;TPL2=1,X=0:R;TPL2=1,X=1:A	MIXED:TPL2=0,X=0:CONSISTENT;TPL2=0,X=1:CONSISTENT;TPL2=1,X=0:REJECTED/semantic/over-accepts;TPL2=1,X=1:CONSISTENT
occ:movefirst_modification:1.4.0.0@preproc_conditional_layout#empty-list+not	move-modification	preproc_conditional_layout	empty-list+not	admitted		B7b-1	empty-semantic-rejected	TPL2=0,X=0:A;TPL2=0,X=1:A;TPL2=1,X=0:A;TPL2=1,X=1:R	MIXED:TPL2=0,X=0:CONSISTENT;TPL2=0,X=1:CONSISTENT;TPL2=1,X=0:CONSISTENT;TPL2=1,X=1:REJECTED/semantic/over-accepts
occ:movefirst_modification:1.4.0.0@preproc_conditional_layout#holes-lead	move-modification	preproc_conditional_layout	holes-lead	admitted		B7b-1	empty-semantic-rejected	TPL2=0,X=0:A;TPL2=0,X=1:A;TPL2=1,X=0:A;TPL2=1,X=1:R	MIXED:TPL2=0,X=0:CONSISTENT;TPL2=0,X=1:CONSISTENT;TPL2=1,X=0:CONSISTENT;TPL2=1,X=1:REJECTED/syntax/over-accepts
occ:movefirst_modification:1.4.0.0@preproc_conditional_layout#holes-lead+comments	move-modification	preproc_conditional_layout	holes-lead+comments	admitted		B7b-1	empty-semantic-rejected	TPL2=0,X=0:A;TPL2=0,X=1:A;TPL2=1,X=0:A;TPL2=1,X=1:R	MIXED:TPL2=0,X=0:CONSISTENT;TPL2=0,X=1:CONSISTENT;TPL2=1,X=0:CONSISTENT;TPL2=1,X=1:REJECTED/syntax/over-accepts
occ:movefirst_modification:1.4.0.0@preproc_conditional_layout#holes-lead+not	move-modification	preproc_conditional_layout	holes-lead+not	admitted		B7b-1	empty-semantic-rejected	TPL2=0,X=0:A;TPL2=0,X=1:A;TPL2=1,X=0:R;TPL2=1,X=1:A	MIXED:TPL2=0,X=0:CONSISTENT;TPL2=0,X=1:CONSISTENT;TPL2=1,X=0:REJECTED/syntax/over-accepts;TPL2=1,X=1:CONSISTENT
occ:movefirst_modification:1.4.0.0@preproc_conditional_layout#holes-mid	move-modification	preproc_conditional_layout	holes-mid	admitted		B7b-1	empty-semantic-rejected	TPL2=0,X=0:A;TPL2=0,X=1:A;TPL2=1,X=0:A;TPL2=1,X=1:R	MIXED:TPL2=0,X=0:CONSISTENT;TPL2=0,X=1:CONSISTENT;TPL2=1,X=0:CONSISTENT;TPL2=1,X=1:REJECTED/syntax/over-accepts
occ:movefirst_modification:1.4.0.0@preproc_conditional_layout#holes-mid+comments	move-modification	preproc_conditional_layout	holes-mid+comments	admitted		B7b-1	empty-semantic-rejected	TPL2=0,X=0:A;TPL2=0,X=1:A;TPL2=1,X=0:A;TPL2=1,X=1:R	MIXED:TPL2=0,X=0:CONSISTENT;TPL2=0,X=1:CONSISTENT;TPL2=1,X=0:CONSISTENT;TPL2=1,X=1:REJECTED/syntax/over-accepts
occ:movefirst_modification:1.4.0.0@preproc_conditional_layout#holes-mid+not	move-modification	preproc_conditional_layout	holes-mid+not	admitted		B7b-1	empty-semantic-rejected	TPL2=0,X=0:A;TPL2=0,X=1:A;TPL2=1,X=0:R;TPL2=1,X=1:A	MIXED:TPL2=0,X=0:CONSISTENT;TPL2=0,X=1:CONSISTENT;TPL2=1,X=0:REJECTED/syntax/over-accepts;TPL2=1,X=1:CONSISTENT
occ:movefirst_modification:1.4.0.0@preproc_conditional_layout#holes-trail	move-modification	preproc_conditional_layout	holes-trail	admitted		B7b-1	empty-semantic-rejected	TPL2=0,X=0:A;TPL2=0,X=1:A;TPL2=1,X=0:A;TPL2=1,X=1:R	MIXED:TPL2=0,X=0:CONSISTENT;TPL2=0,X=1:CONSISTENT;TPL2=1,X=0:CONSISTENT;TPL2=1,X=1:REJECTED/semantic/over-accepts
occ:movefirst_modification:1.4.0.0@preproc_conditional_layout#holes-trail+comments	move-modification	preproc_conditional_layout	holes-trail+comments	admitted		B7b-1	empty-semantic-rejected	TPL2=0,X=0:A;TPL2=0,X=1:A;TPL2=1,X=0:A;TPL2=1,X=1:R	MIXED:TPL2=0,X=0:CONSISTENT;TPL2=0,X=1:CONSISTENT;TPL2=1,X=0:CONSISTENT;TPL2=1,X=1:REJECTED/semantic/over-accepts
occ:movefirst_modification:1.4.0.0@preproc_conditional_layout#holes-trail+not	move-modification	preproc_conditional_layout	holes-trail+not	admitted		B7b-1	empty-semantic-rejected	TPL2=0,X=0:A;TPL2=0,X=1:A;TPL2=1,X=0:R;TPL2=1,X=1:A	MIXED:TPL2=0,X=0:CONSISTENT;TPL2=0,X=1:CONSISTENT;TPL2=1,X=0:REJECTED/semantic/over-accepts;TPL2=1,X=1:CONSISTENT
occ:movefirst_modification:1.4.0.0@preproc_conditional_layout#lead-optional	move-modification	preproc_conditional_layout	lead-optional	admitted		B7b-1	empty-semantic-rejected	TPL2=0,X=0:A;TPL2=0,X=1:A;TPL2=1,X=0:A;TPL2=1,X=1:A	CONSISTENT
occ:movefirst_modification:1.4.0.0@preproc_conditional_layout#lead-optional+comments	move-modification	preproc_conditional_layout	lead-optional+comments	admitted		B7b-1	empty-semantic-rejected	TPL2=0,X=0:A;TPL2=0,X=1:A;TPL2=1,X=0:A;TPL2=1,X=1:A	CONSISTENT
occ:movefirst_modification:1.4.0.0@preproc_conditional_layout#lead-optional+not	move-modification	preproc_conditional_layout	lead-optional+not	admitted		B7b-1	empty-semantic-rejected	TPL2=0,X=0:A;TPL2=0,X=1:A;TPL2=1,X=0:A;TPL2=1,X=1:A	CONSISTENT
occ:movefirst_modification:1.4.0.0@preproc_conditional_layout#sep-before-end	move-modification	preproc_conditional_layout	sep-before-end	admitted		B7b-1	empty-semantic-rejected	TPL2=0,X=0:A;TPL2=0,X=1:A;TPL2=1,X=0:A;TPL2=1,X=1:A	CONSISTENT
occ:movefirst_modification:1.4.0.0@preproc_conditional_layout#sep-before-end+comments	move-modification	preproc_conditional_layout	sep-before-end+comments	admitted		B7b-1	empty-semantic-rejected	TPL2=0,X=0:A;TPL2=0,X=1:A;TPL2=1,X=0:A;TPL2=1,X=1:A	CONSISTENT
occ:movefirst_modification:1.4.0.0@preproc_conditional_layout#sep-before-end+not	move-modification	preproc_conditional_layout	sep-before-end+not	admitted		B7b-1	empty-semantic-rejected	TPL2=0,X=0:A;TPL2=0,X=1:A;TPL2=1,X=0:A;TPL2=1,X=1:A	CONSISTENT
occ:movefirst_modification:1.4.0.0@preproc_conditional_layout#sep-only	move-modification	preproc_conditional_layout	sep-only	admitted		B7b-1	empty-semantic-rejected	TPL2=0,X=0:A;TPL2=0,X=1:A;TPL2=1,X=0:A;TPL2=1,X=1:A	CONSISTENT
occ:movefirst_modification:1.4.0.0@preproc_conditional_layout#sep-only+comments	move-modification	preproc_conditional_layout	sep-only+comments	admitted		B7b-1	empty-semantic-rejected	TPL2=0,X=0:A;TPL2=0,X=1:A;TPL2=1,X=0:A;TPL2=1,X=1:A	CONSISTENT
occ:movefirst_modification:1.4.0.0@preproc_conditional_layout#sep-only+not	move-modification	preproc_conditional_layout	sep-only+not	admitted		B7b-1	empty-semantic-rejected	TPL2=0,X=0:A;TPL2=0,X=1:A;TPL2=1,X=0:A;TPL2=1,X=1:A	CONSISTENT
occ:movefirst_modification:1.4.0.0@preproc_conditional_layout#trail	move-modification	preproc_conditional_layout	trail	admitted		B7b-1	empty-semantic-rejected	TPL2=0,X=0:A;TPL2=0,X=1:A;TPL2=1,X=0:R;TPL2=1,X=1:A	MIXED:TPL2=0,X=0:CONSISTENT;TPL2=0,X=1:CONSISTENT;TPL2=1,X=0:REJECTED/semantic/over-accepts;TPL2=1,X=1:CONSISTENT
occ:movefirst_modification:1.4.0.0@preproc_conditional_layout#trail+comments	move-modification	preproc_conditional_layout	trail+comments	admitted		B7b-1	empty-semantic-rejected	TPL2=0,X=0:A;TPL2=0,X=1:A;TPL2=1,X=0:R;TPL2=1,X=1:A	MIXED:TPL2=0,X=0:CONSISTENT;TPL2=0,X=1:CONSISTENT;TPL2=1,X=0:REJECTED/semantic/over-accepts;TPL2=1,X=1:CONSISTENT
occ:movefirst_modification:1.4.0.0@preproc_conditional_layout#trail+not	move-modification	preproc_conditional_layout	trail+not	admitted		B7b-1	empty-semantic-rejected	TPL2=0,X=0:A;TPL2=0,X=1:A;TPL2=1,X=0:A;TPL2=1,X=1:R	MIXED:TPL2=0,X=0:CONSISTENT;TPL2=0,X=1:CONSISTENT;TPL2=1,X=0:CONSISTENT;TPL2=1,X=1:REJECTED/semantic/over-accepts
occ:movelast_modification:1.2@action_body#adjacent-compl	move-modification	action_body	adjacent-compl	excluded	group supplies or replaces the fixed `;` (fixed-header separator, B7b-3)	B7b-3	empty-semantic-rejected	X=0:A;X=1:A	GAP
occ:movelast_modification:1.2@action_body#adjacent-compl+comments	move-modification	action_body	adjacent-compl+comments	excluded	group supplies or replaces the fixed `;` (fixed-header separator, B7b-3)	B7b-3	empty-semantic-rejected	X=0:A;X=1:A	GAP
occ:movelast_modification:1.2@action_body#adjacent-compl+not	move-modification	action_body	adjacent-compl+not	excluded	group supplies or replaces the fixed `;` (fixed-header separator, B7b-3)	B7b-3	empty-semantic-rejected	X=0:A;X=1:A	GAP
occ:movelast_modification:1.2@action_body#elif	move-modification	action_body	elif	excluded	group supplies or replaces the fixed `;` (fixed-header separator, B7b-3)	B7b-3	empty-semantic-rejected	X=0,Y=0:A;X=0,Y=1:A;X=1,Y=0:A;X=1,Y=1:A	GAP
occ:movelast_modification:1.2@action_body#elif+comments	move-modification	action_body	elif+comments	excluded	group supplies or replaces the fixed `;` (fixed-header separator, B7b-3)	B7b-3	empty-semantic-rejected	X=0,Y=0:A;X=0,Y=1:A;X=1,Y=0:A;X=1,Y=1:A	GAP
occ:movelast_modification:1.2@action_body#elif+not	move-modification	action_body	elif+not	excluded	group supplies or replaces the fixed `;` (fixed-header separator, B7b-3)	B7b-3	empty-semantic-rejected	X=0,Y=0:A;X=0,Y=1:A;X=1,Y=0:A;X=1,Y=1:A	GAP
occ:movelast_modification:1.2@action_body#empty	move-modification	action_body	empty	admitted		B7b-1	empty-semantic-rejected	X=0:A;X=1:A	CONSISTENT
occ:movelast_modification:1.2@action_body#empty+comments	move-modification	action_body	empty+comments	admitted		B7b-1	empty-semantic-rejected	X=0:A;X=1:A	CONSISTENT
occ:movelast_modification:1.2@action_body#empty+not	move-modification	action_body	empty+not	admitted		B7b-1	empty-semantic-rejected	X=0:A;X=1:A	CONSISTENT
occ:movelast_modification:1.2@action_body#first-replace	move-modification	action_body	first-replace	excluded	group replaces or supplies the fixed target slot (fixed-header slot, B7b-3)	B7b-3	empty-semantic-rejected	X=0:A;X=1:A	GAP
occ:movelast_modification:1.2@action_body#first-replace+comments	move-modification	action_body	first-replace+comments	excluded	group replaces or supplies the fixed target slot (fixed-header slot, B7b-3)	B7b-3	empty-semantic-rejected	X=0:A;X=1:A	GAP
occ:movelast_modification:1.2@action_body#first-replace+not	move-modification	action_body	first-replace+not	excluded	group replaces or supplies the fixed target slot (fixed-header slot, B7b-3)	B7b-3	empty-semantic-rejected	X=0:A;X=1:A	GAP
occ:movelast_modification:1.2@action_body#nested	move-modification	action_body	nested	excluded	group supplies or replaces the fixed `;` (fixed-header separator, B7b-3)	B7b-3	empty-semantic-rejected	X=0,Y=0:A;X=0,Y=1:A;X=1,Y=0:A;X=1,Y=1:A	GAP
occ:movelast_modification:1.2@action_body#nested+comments	move-modification	action_body	nested+comments	excluded	group supplies or replaces the fixed `;` (fixed-header separator, B7b-3)	B7b-3	empty-semantic-rejected	X=0,Y=0:A;X=0,Y=1:A;X=1,Y=0:A;X=1,Y=1:A	GAP
occ:movelast_modification:1.2@action_body#nested+not	move-modification	action_body	nested+not	excluded	group supplies or replaces the fixed `;` (fixed-header separator, B7b-3)	B7b-3	empty-semantic-rejected	X=0,Y=0:A;X=0,Y=1:A;X=1,Y=0:A;X=1,Y=1:A	GAP
occ:movelast_modification:1.2@action_body#sep-before-end	move-modification	action_body	sep-before-end	excluded	group supplies or replaces the fixed `;` (fixed-header separator, B7b-3)	B7b-3	empty-semantic-rejected	X=0:R;X=1:A	MIXED:X=0:REJECTED/syntax/agrees;X=1:GAP
occ:movelast_modification:1.2@action_body#sep-before-end+comments	move-modification	action_body	sep-before-end+comments	excluded	group supplies or replaces the fixed `;` (fixed-header separator, B7b-3)	B7b-3	empty-semantic-rejected	X=0:R;X=1:A	MIXED:X=0:REJECTED/syntax/agrees;X=1:GAP
occ:movelast_modification:1.2@action_body#sep-before-end+not	move-modification	action_body	sep-before-end+not	excluded	group supplies or replaces the fixed `;` (fixed-header separator, B7b-3)	B7b-3	empty-semantic-rejected	X=0:A;X=1:R	MIXED:X=0:GAP;X=1:REJECTED/syntax/agrees
occ:movelast_modification:1.2@action_body#sep-only	move-modification	action_body	sep-only	excluded	group supplies or replaces the fixed `;` (fixed-header separator, B7b-3)	B7b-3	empty-semantic-rejected	X=0:A;X=1:A	GAP
occ:movelast_modification:1.2@action_body#sep-only+comments	move-modification	action_body	sep-only+comments	excluded	group supplies or replaces the fixed `;` (fixed-header separator, B7b-3)	B7b-3	empty-semantic-rejected	X=0:A;X=1:A	GAP
occ:movelast_modification:1.2@action_body#sep-only+not	move-modification	action_body	sep-only+not	excluded	group supplies or replaces the fixed `;` (fixed-header separator, B7b-3)	B7b-3	empty-semantic-rejected	X=0:A;X=1:A	GAP
occ:movelast_modification:1.2@action_body#trail	move-modification	action_body	trail	admitted		B7b-1	empty-semantic-rejected	X=0:R;X=1:A	MIXED:X=0:REJECTED/semantic/over-accepts;X=1:CONSISTENT
occ:movelast_modification:1.2@action_body#trail+comments	move-modification	action_body	trail+comments	admitted		B7b-1	empty-semantic-rejected	X=0:R;X=1:A	MIXED:X=0:REJECTED/semantic/over-accepts;X=1:CONSISTENT
occ:movelast_modification:1.2@action_body#trail+not	move-modification	action_body	trail+not	admitted		B7b-1	empty-semantic-rejected	X=0:A;X=1:R	MIXED:X=0:CONSISTENT;X=1:REJECTED/semantic/over-accepts
occ:movelast_modification:1.4.0.0@action_body#empty	move-modification	action_body	empty	admitted		B7b-1	empty-semantic-rejected	X=0:A;X=1:A	CONSISTENT
occ:movelast_modification:1.4.0.0@action_body#empty+comments	move-modification	action_body	empty+comments	admitted		B7b-1	empty-semantic-rejected	X=0:A;X=1:A	CONSISTENT
occ:movelast_modification:1.4.0.0@action_body#empty+not	move-modification	action_body	empty+not	admitted		B7b-1	empty-semantic-rejected	X=0:A;X=1:A	CONSISTENT
occ:movelast_modification:1.4.0.0@action_body#empty-list	move-modification	action_body	empty-list	admitted		B7b-1	empty-semantic-rejected	X=0:R;X=1:A	MIXED:X=0:REJECTED/semantic/over-accepts;X=1:CONSISTENT
occ:movelast_modification:1.4.0.0@action_body#empty-list+comments	move-modification	action_body	empty-list+comments	admitted		B7b-1	empty-semantic-rejected	X=0:R;X=1:A	MIXED:X=0:REJECTED/semantic/over-accepts;X=1:CONSISTENT
occ:movelast_modification:1.4.0.0@action_body#empty-list+not	move-modification	action_body	empty-list+not	admitted		B7b-1	empty-semantic-rejected	X=0:A;X=1:R	MIXED:X=0:CONSISTENT;X=1:REJECTED/semantic/over-accepts
occ:movelast_modification:1.4.0.0@action_body#holes-lead	move-modification	action_body	holes-lead	admitted		B7b-1	empty-semantic-rejected	X=0:A;X=1:R	MIXED:X=0:CONSISTENT;X=1:REJECTED/syntax/over-accepts
occ:movelast_modification:1.4.0.0@action_body#holes-lead+comments	move-modification	action_body	holes-lead+comments	admitted		B7b-1	empty-semantic-rejected	X=0:A;X=1:R	MIXED:X=0:CONSISTENT;X=1:REJECTED/syntax/over-accepts
occ:movelast_modification:1.4.0.0@action_body#holes-lead+not	move-modification	action_body	holes-lead+not	admitted		B7b-1	empty-semantic-rejected	X=0:R;X=1:A	MIXED:X=0:REJECTED/syntax/over-accepts;X=1:CONSISTENT
occ:movelast_modification:1.4.0.0@action_body#holes-mid	move-modification	action_body	holes-mid	admitted		B7b-1	empty-semantic-rejected	X=0:A;X=1:R	MIXED:X=0:CONSISTENT;X=1:REJECTED/syntax/over-accepts
occ:movelast_modification:1.4.0.0@action_body#holes-mid+comments	move-modification	action_body	holes-mid+comments	admitted		B7b-1	empty-semantic-rejected	X=0:A;X=1:R	MIXED:X=0:CONSISTENT;X=1:REJECTED/syntax/over-accepts
occ:movelast_modification:1.4.0.0@action_body#holes-mid+not	move-modification	action_body	holes-mid+not	admitted		B7b-1	empty-semantic-rejected	X=0:R;X=1:A	MIXED:X=0:REJECTED/syntax/over-accepts;X=1:CONSISTENT
occ:movelast_modification:1.4.0.0@action_body#holes-trail	move-modification	action_body	holes-trail	admitted		B7b-1	empty-semantic-rejected	X=0:A;X=1:R	MIXED:X=0:CONSISTENT;X=1:REJECTED/semantic/over-accepts
occ:movelast_modification:1.4.0.0@action_body#holes-trail+comments	move-modification	action_body	holes-trail+comments	admitted		B7b-1	empty-semantic-rejected	X=0:A;X=1:R	MIXED:X=0:CONSISTENT;X=1:REJECTED/semantic/over-accepts
occ:movelast_modification:1.4.0.0@action_body#holes-trail+not	move-modification	action_body	holes-trail+not	admitted		B7b-1	empty-semantic-rejected	X=0:R;X=1:A	MIXED:X=0:REJECTED/semantic/over-accepts;X=1:CONSISTENT
occ:movelast_modification:1.4.0.0@action_body#lead-optional	move-modification	action_body	lead-optional	admitted		B7b-1	empty-semantic-rejected	X=0:A;X=1:A	CONSISTENT
occ:movelast_modification:1.4.0.0@action_body#lead-optional+comments	move-modification	action_body	lead-optional+comments	admitted		B7b-1	empty-semantic-rejected	X=0:A;X=1:A	CONSISTENT
occ:movelast_modification:1.4.0.0@action_body#lead-optional+not	move-modification	action_body	lead-optional+not	admitted		B7b-1	empty-semantic-rejected	X=0:A;X=1:A	CONSISTENT
occ:movelast_modification:1.4.0.0@action_body#sep-before-end	move-modification	action_body	sep-before-end	admitted		B7b-1	empty-semantic-rejected	X=0:A;X=1:A	CONSISTENT
occ:movelast_modification:1.4.0.0@action_body#sep-before-end+comments	move-modification	action_body	sep-before-end+comments	admitted		B7b-1	empty-semantic-rejected	X=0:A;X=1:A	CONSISTENT
occ:movelast_modification:1.4.0.0@action_body#sep-before-end+not	move-modification	action_body	sep-before-end+not	admitted		B7b-1	empty-semantic-rejected	X=0:A;X=1:A	CONSISTENT
occ:movelast_modification:1.4.0.0@action_body#sep-only	move-modification	action_body	sep-only	admitted		B7b-1	empty-semantic-rejected	X=0:A;X=1:A	CONSISTENT
occ:movelast_modification:1.4.0.0@action_body#sep-only+comments	move-modification	action_body	sep-only+comments	admitted		B7b-1	empty-semantic-rejected	X=0:A;X=1:A	CONSISTENT
occ:movelast_modification:1.4.0.0@action_body#sep-only+not	move-modification	action_body	sep-only+not	admitted		B7b-1	empty-semantic-rejected	X=0:A;X=1:A	CONSISTENT
occ:movelast_modification:1.4.0.0@action_body#trail	move-modification	action_body	trail	admitted		B7b-1	empty-semantic-rejected	X=0:R;X=1:A	MIXED:X=0:REJECTED/semantic/over-accepts;X=1:CONSISTENT
occ:movelast_modification:1.4.0.0@action_body#trail+comments	move-modification	action_body	trail+comments	admitted		B7b-1	empty-semantic-rejected	X=0:R;X=1:A	MIXED:X=0:REJECTED/semantic/over-accepts;X=1:CONSISTENT
occ:movelast_modification:1.4.0.0@action_body#trail+not	move-modification	action_body	trail+not	admitted		B7b-1	empty-semantic-rejected	X=0:A;X=1:R	MIXED:X=0:CONSISTENT;X=1:REJECTED/semantic/over-accepts
occ:movelast_modification:1.4.0.0@layout_body#empty	move-modification	layout_body	empty	admitted		B7b-1	empty-semantic-rejected	X=0:A;X=1:A	CONSISTENT
occ:movelast_modification:1.4.0.0@layout_body#empty+comments	move-modification	layout_body	empty+comments	admitted		B7b-1	empty-semantic-rejected	X=0:A;X=1:A	CONSISTENT
occ:movelast_modification:1.4.0.0@layout_body#empty+not	move-modification	layout_body	empty+not	admitted		B7b-1	empty-semantic-rejected	X=0:A;X=1:A	CONSISTENT
occ:movelast_modification:1.4.0.0@layout_body#empty-list	move-modification	layout_body	empty-list	admitted		B7b-1	empty-semantic-rejected	X=0:R;X=1:A	MIXED:X=0:REJECTED/semantic/over-accepts;X=1:CONSISTENT
occ:movelast_modification:1.4.0.0@layout_body#empty-list+comments	move-modification	layout_body	empty-list+comments	admitted		B7b-1	empty-semantic-rejected	X=0:R;X=1:A	MIXED:X=0:REJECTED/semantic/over-accepts;X=1:CONSISTENT
occ:movelast_modification:1.4.0.0@layout_body#empty-list+not	move-modification	layout_body	empty-list+not	admitted		B7b-1	empty-semantic-rejected	X=0:A;X=1:R	MIXED:X=0:CONSISTENT;X=1:REJECTED/semantic/over-accepts
occ:movelast_modification:1.4.0.0@layout_body#holes-lead	move-modification	layout_body	holes-lead	admitted		B7b-1	empty-semantic-rejected	X=0:A;X=1:R	MIXED:X=0:CONSISTENT;X=1:REJECTED/syntax/over-accepts
occ:movelast_modification:1.4.0.0@layout_body#holes-lead+comments	move-modification	layout_body	holes-lead+comments	admitted		B7b-1	empty-semantic-rejected	X=0:A;X=1:R	MIXED:X=0:CONSISTENT;X=1:REJECTED/syntax/over-accepts
occ:movelast_modification:1.4.0.0@layout_body#holes-lead+not	move-modification	layout_body	holes-lead+not	admitted		B7b-1	empty-semantic-rejected	X=0:R;X=1:A	MIXED:X=0:REJECTED/syntax/over-accepts;X=1:CONSISTENT
occ:movelast_modification:1.4.0.0@layout_body#holes-mid	move-modification	layout_body	holes-mid	admitted		B7b-1	empty-semantic-rejected	X=0:A;X=1:R	MIXED:X=0:CONSISTENT;X=1:REJECTED/syntax/over-accepts
occ:movelast_modification:1.4.0.0@layout_body#holes-mid+comments	move-modification	layout_body	holes-mid+comments	admitted		B7b-1	empty-semantic-rejected	X=0:A;X=1:R	MIXED:X=0:CONSISTENT;X=1:REJECTED/syntax/over-accepts
occ:movelast_modification:1.4.0.0@layout_body#holes-mid+not	move-modification	layout_body	holes-mid+not	admitted		B7b-1	empty-semantic-rejected	X=0:R;X=1:A	MIXED:X=0:REJECTED/syntax/over-accepts;X=1:CONSISTENT
occ:movelast_modification:1.4.0.0@layout_body#holes-trail	move-modification	layout_body	holes-trail	admitted		B7b-1	empty-semantic-rejected	X=0:A;X=1:R	MIXED:X=0:CONSISTENT;X=1:REJECTED/semantic/over-accepts
occ:movelast_modification:1.4.0.0@layout_body#holes-trail+comments	move-modification	layout_body	holes-trail+comments	admitted		B7b-1	empty-semantic-rejected	X=0:A;X=1:R	MIXED:X=0:CONSISTENT;X=1:REJECTED/semantic/over-accepts
occ:movelast_modification:1.4.0.0@layout_body#holes-trail+not	move-modification	layout_body	holes-trail+not	admitted		B7b-1	empty-semantic-rejected	X=0:R;X=1:A	MIXED:X=0:REJECTED/semantic/over-accepts;X=1:CONSISTENT
occ:movelast_modification:1.4.0.0@layout_body#lead-optional	move-modification	layout_body	lead-optional	admitted		B7b-1	empty-semantic-rejected	X=0:A;X=1:A	CONSISTENT
occ:movelast_modification:1.4.0.0@layout_body#lead-optional+comments	move-modification	layout_body	lead-optional+comments	admitted		B7b-1	empty-semantic-rejected	X=0:A;X=1:A	CONSISTENT
occ:movelast_modification:1.4.0.0@layout_body#lead-optional+not	move-modification	layout_body	lead-optional+not	admitted		B7b-1	empty-semantic-rejected	X=0:A;X=1:A	CONSISTENT
occ:movelast_modification:1.4.0.0@layout_body#sep-before-end	move-modification	layout_body	sep-before-end	admitted		B7b-1	empty-semantic-rejected	X=0:A;X=1:A	CONSISTENT
occ:movelast_modification:1.4.0.0@layout_body#sep-before-end+comments	move-modification	layout_body	sep-before-end+comments	admitted		B7b-1	empty-semantic-rejected	X=0:A;X=1:A	CONSISTENT
occ:movelast_modification:1.4.0.0@layout_body#sep-before-end+not	move-modification	layout_body	sep-before-end+not	admitted		B7b-1	empty-semantic-rejected	X=0:A;X=1:A	CONSISTENT
occ:movelast_modification:1.4.0.0@layout_body#sep-only	move-modification	layout_body	sep-only	admitted		B7b-1	empty-semantic-rejected	X=0:A;X=1:A	CONSISTENT
occ:movelast_modification:1.4.0.0@layout_body#sep-only+comments	move-modification	layout_body	sep-only+comments	admitted		B7b-1	empty-semantic-rejected	X=0:A;X=1:A	CONSISTENT
occ:movelast_modification:1.4.0.0@layout_body#sep-only+not	move-modification	layout_body	sep-only+not	admitted		B7b-1	empty-semantic-rejected	X=0:A;X=1:A	CONSISTENT
occ:movelast_modification:1.4.0.0@layout_body#trail	move-modification	layout_body	trail	admitted		B7b-1	empty-semantic-rejected	X=0:R;X=1:A	MIXED:X=0:REJECTED/semantic/over-accepts;X=1:CONSISTENT
occ:movelast_modification:1.4.0.0@layout_body#trail+comments	move-modification	layout_body	trail+comments	admitted		B7b-1	empty-semantic-rejected	X=0:R;X=1:A	MIXED:X=0:REJECTED/semantic/over-accepts;X=1:CONSISTENT
occ:movelast_modification:1.4.0.0@layout_body#trail+not	move-modification	layout_body	trail+not	admitted		B7b-1	empty-semantic-rejected	X=0:A;X=1:R	MIXED:X=0:CONSISTENT;X=1:REJECTED/semantic/over-accepts
occ:movelast_modification:1.4.0.0@preproc_conditional_actions#empty	move-modification	preproc_conditional_actions	empty	admitted		B7b-1	empty-semantic-rejected	TPL2=0,X=0:A;TPL2=0,X=1:A;TPL2=1,X=0:A;TPL2=1,X=1:A	CONSISTENT
occ:movelast_modification:1.4.0.0@preproc_conditional_actions#empty+comments	move-modification	preproc_conditional_actions	empty+comments	admitted		B7b-1	empty-semantic-rejected	TPL2=0,X=0:A;TPL2=0,X=1:A;TPL2=1,X=0:A;TPL2=1,X=1:A	CONSISTENT
occ:movelast_modification:1.4.0.0@preproc_conditional_actions#empty+not	move-modification	preproc_conditional_actions	empty+not	admitted		B7b-1	empty-semantic-rejected	TPL2=0,X=0:A;TPL2=0,X=1:A;TPL2=1,X=0:A;TPL2=1,X=1:A	CONSISTENT
occ:movelast_modification:1.4.0.0@preproc_conditional_actions#empty-list	move-modification	preproc_conditional_actions	empty-list	admitted		B7b-1	empty-semantic-rejected	TPL2=0,X=0:A;TPL2=0,X=1:A;TPL2=1,X=0:R;TPL2=1,X=1:A	MIXED:TPL2=0,X=0:CONSISTENT;TPL2=0,X=1:CONSISTENT;TPL2=1,X=0:REJECTED/semantic/over-accepts;TPL2=1,X=1:CONSISTENT
occ:movelast_modification:1.4.0.0@preproc_conditional_actions#empty-list+comments	move-modification	preproc_conditional_actions	empty-list+comments	admitted		B7b-1	empty-semantic-rejected	TPL2=0,X=0:A;TPL2=0,X=1:A;TPL2=1,X=0:R;TPL2=1,X=1:A	MIXED:TPL2=0,X=0:CONSISTENT;TPL2=0,X=1:CONSISTENT;TPL2=1,X=0:REJECTED/semantic/over-accepts;TPL2=1,X=1:CONSISTENT
occ:movelast_modification:1.4.0.0@preproc_conditional_actions#empty-list+not	move-modification	preproc_conditional_actions	empty-list+not	admitted		B7b-1	empty-semantic-rejected	TPL2=0,X=0:A;TPL2=0,X=1:A;TPL2=1,X=0:A;TPL2=1,X=1:R	MIXED:TPL2=0,X=0:CONSISTENT;TPL2=0,X=1:CONSISTENT;TPL2=1,X=0:CONSISTENT;TPL2=1,X=1:REJECTED/semantic/over-accepts
occ:movelast_modification:1.4.0.0@preproc_conditional_actions#holes-lead	move-modification	preproc_conditional_actions	holes-lead	admitted		B7b-1	empty-semantic-rejected	TPL2=0,X=0:A;TPL2=0,X=1:A;TPL2=1,X=0:A;TPL2=1,X=1:R	MIXED:TPL2=0,X=0:CONSISTENT;TPL2=0,X=1:CONSISTENT;TPL2=1,X=0:CONSISTENT;TPL2=1,X=1:REJECTED/syntax/over-accepts
occ:movelast_modification:1.4.0.0@preproc_conditional_actions#holes-lead+comments	move-modification	preproc_conditional_actions	holes-lead+comments	admitted		B7b-1	empty-semantic-rejected	TPL2=0,X=0:A;TPL2=0,X=1:A;TPL2=1,X=0:A;TPL2=1,X=1:R	MIXED:TPL2=0,X=0:CONSISTENT;TPL2=0,X=1:CONSISTENT;TPL2=1,X=0:CONSISTENT;TPL2=1,X=1:REJECTED/syntax/over-accepts
occ:movelast_modification:1.4.0.0@preproc_conditional_actions#holes-lead+not	move-modification	preproc_conditional_actions	holes-lead+not	admitted		B7b-1	empty-semantic-rejected	TPL2=0,X=0:A;TPL2=0,X=1:A;TPL2=1,X=0:R;TPL2=1,X=1:A	MIXED:TPL2=0,X=0:CONSISTENT;TPL2=0,X=1:CONSISTENT;TPL2=1,X=0:REJECTED/syntax/over-accepts;TPL2=1,X=1:CONSISTENT
occ:movelast_modification:1.4.0.0@preproc_conditional_actions#holes-mid	move-modification	preproc_conditional_actions	holes-mid	admitted		B7b-1	empty-semantic-rejected	TPL2=0,X=0:A;TPL2=0,X=1:A;TPL2=1,X=0:A;TPL2=1,X=1:R	MIXED:TPL2=0,X=0:CONSISTENT;TPL2=0,X=1:CONSISTENT;TPL2=1,X=0:CONSISTENT;TPL2=1,X=1:REJECTED/syntax/over-accepts
occ:movelast_modification:1.4.0.0@preproc_conditional_actions#holes-mid+comments	move-modification	preproc_conditional_actions	holes-mid+comments	admitted		B7b-1	empty-semantic-rejected	TPL2=0,X=0:A;TPL2=0,X=1:A;TPL2=1,X=0:A;TPL2=1,X=1:R	MIXED:TPL2=0,X=0:CONSISTENT;TPL2=0,X=1:CONSISTENT;TPL2=1,X=0:CONSISTENT;TPL2=1,X=1:REJECTED/syntax/over-accepts
occ:movelast_modification:1.4.0.0@preproc_conditional_actions#holes-mid+not	move-modification	preproc_conditional_actions	holes-mid+not	admitted		B7b-1	empty-semantic-rejected	TPL2=0,X=0:A;TPL2=0,X=1:A;TPL2=1,X=0:R;TPL2=1,X=1:A	MIXED:TPL2=0,X=0:CONSISTENT;TPL2=0,X=1:CONSISTENT;TPL2=1,X=0:REJECTED/syntax/over-accepts;TPL2=1,X=1:CONSISTENT
occ:movelast_modification:1.4.0.0@preproc_conditional_actions#holes-trail	move-modification	preproc_conditional_actions	holes-trail	admitted		B7b-1	empty-semantic-rejected	TPL2=0,X=0:A;TPL2=0,X=1:A;TPL2=1,X=0:A;TPL2=1,X=1:R	MIXED:TPL2=0,X=0:CONSISTENT;TPL2=0,X=1:CONSISTENT;TPL2=1,X=0:CONSISTENT;TPL2=1,X=1:REJECTED/semantic/over-accepts
occ:movelast_modification:1.4.0.0@preproc_conditional_actions#holes-trail+comments	move-modification	preproc_conditional_actions	holes-trail+comments	admitted		B7b-1	empty-semantic-rejected	TPL2=0,X=0:A;TPL2=0,X=1:A;TPL2=1,X=0:A;TPL2=1,X=1:R	MIXED:TPL2=0,X=0:CONSISTENT;TPL2=0,X=1:CONSISTENT;TPL2=1,X=0:CONSISTENT;TPL2=1,X=1:REJECTED/semantic/over-accepts
occ:movelast_modification:1.4.0.0@preproc_conditional_actions#holes-trail+not	move-modification	preproc_conditional_actions	holes-trail+not	admitted		B7b-1	empty-semantic-rejected	TPL2=0,X=0:A;TPL2=0,X=1:A;TPL2=1,X=0:R;TPL2=1,X=1:A	MIXED:TPL2=0,X=0:CONSISTENT;TPL2=0,X=1:CONSISTENT;TPL2=1,X=0:REJECTED/semantic/over-accepts;TPL2=1,X=1:CONSISTENT
occ:movelast_modification:1.4.0.0@preproc_conditional_actions#lead-optional	move-modification	preproc_conditional_actions	lead-optional	admitted		B7b-1	empty-semantic-rejected	TPL2=0,X=0:A;TPL2=0,X=1:A;TPL2=1,X=0:A;TPL2=1,X=1:A	CONSISTENT
occ:movelast_modification:1.4.0.0@preproc_conditional_actions#lead-optional+comments	move-modification	preproc_conditional_actions	lead-optional+comments	admitted		B7b-1	empty-semantic-rejected	TPL2=0,X=0:A;TPL2=0,X=1:A;TPL2=1,X=0:A;TPL2=1,X=1:A	CONSISTENT
occ:movelast_modification:1.4.0.0@preproc_conditional_actions#lead-optional+not	move-modification	preproc_conditional_actions	lead-optional+not	admitted		B7b-1	empty-semantic-rejected	TPL2=0,X=0:A;TPL2=0,X=1:A;TPL2=1,X=0:A;TPL2=1,X=1:A	CONSISTENT
occ:movelast_modification:1.4.0.0@preproc_conditional_actions#sep-before-end	move-modification	preproc_conditional_actions	sep-before-end	admitted		B7b-1	empty-semantic-rejected	TPL2=0,X=0:A;TPL2=0,X=1:A;TPL2=1,X=0:A;TPL2=1,X=1:A	CONSISTENT
occ:movelast_modification:1.4.0.0@preproc_conditional_actions#sep-before-end+comments	move-modification	preproc_conditional_actions	sep-before-end+comments	admitted		B7b-1	empty-semantic-rejected	TPL2=0,X=0:A;TPL2=0,X=1:A;TPL2=1,X=0:A;TPL2=1,X=1:A	CONSISTENT
occ:movelast_modification:1.4.0.0@preproc_conditional_actions#sep-before-end+not	move-modification	preproc_conditional_actions	sep-before-end+not	admitted		B7b-1	empty-semantic-rejected	TPL2=0,X=0:A;TPL2=0,X=1:A;TPL2=1,X=0:A;TPL2=1,X=1:A	CONSISTENT
occ:movelast_modification:1.4.0.0@preproc_conditional_actions#sep-only	move-modification	preproc_conditional_actions	sep-only	admitted		B7b-1	empty-semantic-rejected	TPL2=0,X=0:A;TPL2=0,X=1:A;TPL2=1,X=0:A;TPL2=1,X=1:A	CONSISTENT
occ:movelast_modification:1.4.0.0@preproc_conditional_actions#sep-only+comments	move-modification	preproc_conditional_actions	sep-only+comments	admitted		B7b-1	empty-semantic-rejected	TPL2=0,X=0:A;TPL2=0,X=1:A;TPL2=1,X=0:A;TPL2=1,X=1:A	CONSISTENT
occ:movelast_modification:1.4.0.0@preproc_conditional_actions#sep-only+not	move-modification	preproc_conditional_actions	sep-only+not	admitted		B7b-1	empty-semantic-rejected	TPL2=0,X=0:A;TPL2=0,X=1:A;TPL2=1,X=0:A;TPL2=1,X=1:A	CONSISTENT
occ:movelast_modification:1.4.0.0@preproc_conditional_actions#trail	move-modification	preproc_conditional_actions	trail	admitted		B7b-1	empty-semantic-rejected	TPL2=0,X=0:A;TPL2=0,X=1:A;TPL2=1,X=0:R;TPL2=1,X=1:A	MIXED:TPL2=0,X=0:CONSISTENT;TPL2=0,X=1:CONSISTENT;TPL2=1,X=0:REJECTED/semantic/over-accepts;TPL2=1,X=1:CONSISTENT
occ:movelast_modification:1.4.0.0@preproc_conditional_actions#trail+comments	move-modification	preproc_conditional_actions	trail+comments	admitted		B7b-1	empty-semantic-rejected	TPL2=0,X=0:A;TPL2=0,X=1:A;TPL2=1,X=0:R;TPL2=1,X=1:A	MIXED:TPL2=0,X=0:CONSISTENT;TPL2=0,X=1:CONSISTENT;TPL2=1,X=0:REJECTED/semantic/over-accepts;TPL2=1,X=1:CONSISTENT
occ:movelast_modification:1.4.0.0@preproc_conditional_actions#trail+not	move-modification	preproc_conditional_actions	trail+not	admitted		B7b-1	empty-semantic-rejected	TPL2=0,X=0:A;TPL2=0,X=1:A;TPL2=1,X=0:A;TPL2=1,X=1:R	MIXED:TPL2=0,X=0:CONSISTENT;TPL2=0,X=1:CONSISTENT;TPL2=1,X=0:CONSISTENT;TPL2=1,X=1:REJECTED/semantic/over-accepts
occ:movelast_modification:1.4.0.0@preproc_conditional_layout#empty	move-modification	preproc_conditional_layout	empty	admitted		B7b-1	empty-semantic-rejected	TPL2=0,X=0:A;TPL2=0,X=1:A;TPL2=1,X=0:A;TPL2=1,X=1:A	CONSISTENT
occ:movelast_modification:1.4.0.0@preproc_conditional_layout#empty+comments	move-modification	preproc_conditional_layout	empty+comments	admitted		B7b-1	empty-semantic-rejected	TPL2=0,X=0:A;TPL2=0,X=1:A;TPL2=1,X=0:A;TPL2=1,X=1:A	CONSISTENT
occ:movelast_modification:1.4.0.0@preproc_conditional_layout#empty+not	move-modification	preproc_conditional_layout	empty+not	admitted		B7b-1	empty-semantic-rejected	TPL2=0,X=0:A;TPL2=0,X=1:A;TPL2=1,X=0:A;TPL2=1,X=1:A	CONSISTENT
occ:movelast_modification:1.4.0.0@preproc_conditional_layout#empty-list	move-modification	preproc_conditional_layout	empty-list	admitted		B7b-1	empty-semantic-rejected	TPL2=0,X=0:A;TPL2=0,X=1:A;TPL2=1,X=0:R;TPL2=1,X=1:A	MIXED:TPL2=0,X=0:CONSISTENT;TPL2=0,X=1:CONSISTENT;TPL2=1,X=0:REJECTED/semantic/over-accepts;TPL2=1,X=1:CONSISTENT
occ:movelast_modification:1.4.0.0@preproc_conditional_layout#empty-list+comments	move-modification	preproc_conditional_layout	empty-list+comments	admitted		B7b-1	empty-semantic-rejected	TPL2=0,X=0:A;TPL2=0,X=1:A;TPL2=1,X=0:R;TPL2=1,X=1:A	MIXED:TPL2=0,X=0:CONSISTENT;TPL2=0,X=1:CONSISTENT;TPL2=1,X=0:REJECTED/semantic/over-accepts;TPL2=1,X=1:CONSISTENT
occ:movelast_modification:1.4.0.0@preproc_conditional_layout#empty-list+not	move-modification	preproc_conditional_layout	empty-list+not	admitted		B7b-1	empty-semantic-rejected	TPL2=0,X=0:A;TPL2=0,X=1:A;TPL2=1,X=0:A;TPL2=1,X=1:R	MIXED:TPL2=0,X=0:CONSISTENT;TPL2=0,X=1:CONSISTENT;TPL2=1,X=0:CONSISTENT;TPL2=1,X=1:REJECTED/semantic/over-accepts
occ:movelast_modification:1.4.0.0@preproc_conditional_layout#holes-lead	move-modification	preproc_conditional_layout	holes-lead	admitted		B7b-1	empty-semantic-rejected	TPL2=0,X=0:A;TPL2=0,X=1:A;TPL2=1,X=0:A;TPL2=1,X=1:R	MIXED:TPL2=0,X=0:CONSISTENT;TPL2=0,X=1:CONSISTENT;TPL2=1,X=0:CONSISTENT;TPL2=1,X=1:REJECTED/syntax/over-accepts
occ:movelast_modification:1.4.0.0@preproc_conditional_layout#holes-lead+comments	move-modification	preproc_conditional_layout	holes-lead+comments	admitted		B7b-1	empty-semantic-rejected	TPL2=0,X=0:A;TPL2=0,X=1:A;TPL2=1,X=0:A;TPL2=1,X=1:R	MIXED:TPL2=0,X=0:CONSISTENT;TPL2=0,X=1:CONSISTENT;TPL2=1,X=0:CONSISTENT;TPL2=1,X=1:REJECTED/syntax/over-accepts
occ:movelast_modification:1.4.0.0@preproc_conditional_layout#holes-lead+not	move-modification	preproc_conditional_layout	holes-lead+not	admitted		B7b-1	empty-semantic-rejected	TPL2=0,X=0:A;TPL2=0,X=1:A;TPL2=1,X=0:R;TPL2=1,X=1:A	MIXED:TPL2=0,X=0:CONSISTENT;TPL2=0,X=1:CONSISTENT;TPL2=1,X=0:REJECTED/syntax/over-accepts;TPL2=1,X=1:CONSISTENT
occ:movelast_modification:1.4.0.0@preproc_conditional_layout#holes-mid	move-modification	preproc_conditional_layout	holes-mid	admitted		B7b-1	empty-semantic-rejected	TPL2=0,X=0:A;TPL2=0,X=1:A;TPL2=1,X=0:A;TPL2=1,X=1:R	MIXED:TPL2=0,X=0:CONSISTENT;TPL2=0,X=1:CONSISTENT;TPL2=1,X=0:CONSISTENT;TPL2=1,X=1:REJECTED/syntax/over-accepts
occ:movelast_modification:1.4.0.0@preproc_conditional_layout#holes-mid+comments	move-modification	preproc_conditional_layout	holes-mid+comments	admitted		B7b-1	empty-semantic-rejected	TPL2=0,X=0:A;TPL2=0,X=1:A;TPL2=1,X=0:A;TPL2=1,X=1:R	MIXED:TPL2=0,X=0:CONSISTENT;TPL2=0,X=1:CONSISTENT;TPL2=1,X=0:CONSISTENT;TPL2=1,X=1:REJECTED/syntax/over-accepts
occ:movelast_modification:1.4.0.0@preproc_conditional_layout#holes-mid+not	move-modification	preproc_conditional_layout	holes-mid+not	admitted		B7b-1	empty-semantic-rejected	TPL2=0,X=0:A;TPL2=0,X=1:A;TPL2=1,X=0:R;TPL2=1,X=1:A	MIXED:TPL2=0,X=0:CONSISTENT;TPL2=0,X=1:CONSISTENT;TPL2=1,X=0:REJECTED/syntax/over-accepts;TPL2=1,X=1:CONSISTENT
occ:movelast_modification:1.4.0.0@preproc_conditional_layout#holes-trail	move-modification	preproc_conditional_layout	holes-trail	admitted		B7b-1	empty-semantic-rejected	TPL2=0,X=0:A;TPL2=0,X=1:A;TPL2=1,X=0:A;TPL2=1,X=1:R	MIXED:TPL2=0,X=0:CONSISTENT;TPL2=0,X=1:CONSISTENT;TPL2=1,X=0:CONSISTENT;TPL2=1,X=1:REJECTED/semantic/over-accepts
occ:movelast_modification:1.4.0.0@preproc_conditional_layout#holes-trail+comments	move-modification	preproc_conditional_layout	holes-trail+comments	admitted		B7b-1	empty-semantic-rejected	TPL2=0,X=0:A;TPL2=0,X=1:A;TPL2=1,X=0:A;TPL2=1,X=1:R	MIXED:TPL2=0,X=0:CONSISTENT;TPL2=0,X=1:CONSISTENT;TPL2=1,X=0:CONSISTENT;TPL2=1,X=1:REJECTED/semantic/over-accepts
occ:movelast_modification:1.4.0.0@preproc_conditional_layout#holes-trail+not	move-modification	preproc_conditional_layout	holes-trail+not	admitted		B7b-1	empty-semantic-rejected	TPL2=0,X=0:A;TPL2=0,X=1:A;TPL2=1,X=0:R;TPL2=1,X=1:A	MIXED:TPL2=0,X=0:CONSISTENT;TPL2=0,X=1:CONSISTENT;TPL2=1,X=0:REJECTED/semantic/over-accepts;TPL2=1,X=1:CONSISTENT
occ:movelast_modification:1.4.0.0@preproc_conditional_layout#lead-optional	move-modification	preproc_conditional_layout	lead-optional	admitted		B7b-1	empty-semantic-rejected	TPL2=0,X=0:A;TPL2=0,X=1:A;TPL2=1,X=0:A;TPL2=1,X=1:A	CONSISTENT
occ:movelast_modification:1.4.0.0@preproc_conditional_layout#lead-optional+comments	move-modification	preproc_conditional_layout	lead-optional+comments	admitted		B7b-1	empty-semantic-rejected	TPL2=0,X=0:A;TPL2=0,X=1:A;TPL2=1,X=0:A;TPL2=1,X=1:A	CONSISTENT
occ:movelast_modification:1.4.0.0@preproc_conditional_layout#lead-optional+not	move-modification	preproc_conditional_layout	lead-optional+not	admitted		B7b-1	empty-semantic-rejected	TPL2=0,X=0:A;TPL2=0,X=1:A;TPL2=1,X=0:A;TPL2=1,X=1:A	CONSISTENT
occ:movelast_modification:1.4.0.0@preproc_conditional_layout#sep-before-end	move-modification	preproc_conditional_layout	sep-before-end	admitted		B7b-1	empty-semantic-rejected	TPL2=0,X=0:A;TPL2=0,X=1:A;TPL2=1,X=0:A;TPL2=1,X=1:A	CONSISTENT
occ:movelast_modification:1.4.0.0@preproc_conditional_layout#sep-before-end+comments	move-modification	preproc_conditional_layout	sep-before-end+comments	admitted		B7b-1	empty-semantic-rejected	TPL2=0,X=0:A;TPL2=0,X=1:A;TPL2=1,X=0:A;TPL2=1,X=1:A	CONSISTENT
occ:movelast_modification:1.4.0.0@preproc_conditional_layout#sep-before-end+not	move-modification	preproc_conditional_layout	sep-before-end+not	admitted		B7b-1	empty-semantic-rejected	TPL2=0,X=0:A;TPL2=0,X=1:A;TPL2=1,X=0:A;TPL2=1,X=1:A	CONSISTENT
occ:movelast_modification:1.4.0.0@preproc_conditional_layout#sep-only	move-modification	preproc_conditional_layout	sep-only	admitted		B7b-1	empty-semantic-rejected	TPL2=0,X=0:A;TPL2=0,X=1:A;TPL2=1,X=0:A;TPL2=1,X=1:A	CONSISTENT
occ:movelast_modification:1.4.0.0@preproc_conditional_layout#sep-only+comments	move-modification	preproc_conditional_layout	sep-only+comments	admitted		B7b-1	empty-semantic-rejected	TPL2=0,X=0:A;TPL2=0,X=1:A;TPL2=1,X=0:A;TPL2=1,X=1:A	CONSISTENT
occ:movelast_modification:1.4.0.0@preproc_conditional_layout#sep-only+not	move-modification	preproc_conditional_layout	sep-only+not	admitted		B7b-1	empty-semantic-rejected	TPL2=0,X=0:A;TPL2=0,X=1:A;TPL2=1,X=0:A;TPL2=1,X=1:A	CONSISTENT
occ:movelast_modification:1.4.0.0@preproc_conditional_layout#trail	move-modification	preproc_conditional_layout	trail	admitted		B7b-1	empty-semantic-rejected	TPL2=0,X=0:A;TPL2=0,X=1:A;TPL2=1,X=0:R;TPL2=1,X=1:A	MIXED:TPL2=0,X=0:CONSISTENT;TPL2=0,X=1:CONSISTENT;TPL2=1,X=0:REJECTED/semantic/over-accepts;TPL2=1,X=1:CONSISTENT
occ:movelast_modification:1.4.0.0@preproc_conditional_layout#trail+comments	move-modification	preproc_conditional_layout	trail+comments	admitted		B7b-1	empty-semantic-rejected	TPL2=0,X=0:A;TPL2=0,X=1:A;TPL2=1,X=0:R;TPL2=1,X=1:A	MIXED:TPL2=0,X=0:CONSISTENT;TPL2=0,X=1:CONSISTENT;TPL2=1,X=0:REJECTED/semantic/over-accepts;TPL2=1,X=1:CONSISTENT
occ:movelast_modification:1.4.0.0@preproc_conditional_layout#trail+not	move-modification	preproc_conditional_layout	trail+not	admitted		B7b-1	empty-semantic-rejected	TPL2=0,X=0:A;TPL2=0,X=1:A;TPL2=1,X=0:A;TPL2=1,X=1:R	MIXED:TPL2=0,X=0:CONSISTENT;TPL2=0,X=1:CONSISTENT;TPL2=1,X=0:CONSISTENT;TPL2=1,X=1:REJECTED/semantic/over-accepts
occ:order_by_item:3.0.0@order_by_list#empty	order-by	order_by_list	empty	admitted		B7b-1	empty-interior	X=0:A;X=1:A	CONSISTENT
occ:order_by_item:3.0.0@order_by_list#empty+comments	order-by	order_by_list	empty+comments	admitted		B7b-1	empty-interior	X=0:A;X=1:A	CONSISTENT
occ:order_by_item:3.0.0@order_by_list#empty+not	order-by	order_by_list	empty+not	admitted		B7b-1	empty-interior	X=0:A;X=1:A	CONSISTENT
occ:order_by_item:3.0.0@order_by_list#empty-list	order-by	order_by_list	empty-list	admitted		B7b-1	empty-interior	X=0:A;X=1:A	CONSISTENT
occ:order_by_item:3.0.0@order_by_list#empty-list+comments	order-by	order_by_list	empty-list+comments	admitted		B7b-1	empty-interior	X=0:A;X=1:A	CONSISTENT
occ:order_by_item:3.0.0@order_by_list#empty-list+not	order-by	order_by_list	empty-list+not	admitted		B7b-1	empty-interior	X=0:A;X=1:A	CONSISTENT
occ:order_by_item:3.0.0@order_by_list#holes-lead	order-by	order_by_list	holes-lead	admitted		B7b-1	empty-interior	X=0:A;X=1:R	MIXED:X=0:CONSISTENT;X=1:REJECTED/syntax/over-accepts
occ:order_by_item:3.0.0@order_by_list#holes-lead+comments	order-by	order_by_list	holes-lead+comments	admitted		B7b-1	empty-interior	X=0:A;X=1:R	MIXED:X=0:CONSISTENT;X=1:REJECTED/syntax/over-accepts
occ:order_by_item:3.0.0@order_by_list#holes-lead+not	order-by	order_by_list	holes-lead+not	admitted		B7b-1	empty-interior	X=0:R;X=1:A	MIXED:X=0:REJECTED/syntax/over-accepts;X=1:CONSISTENT
occ:order_by_item:3.0.0@order_by_list#holes-mid	order-by	order_by_list	holes-mid	admitted		B7b-1	empty-interior	X=0:A;X=1:R	MIXED:X=0:CONSISTENT;X=1:REJECTED/syntax/over-accepts
occ:order_by_item:3.0.0@order_by_list#holes-mid+comments	order-by	order_by_list	holes-mid+comments	admitted		B7b-1	empty-interior	X=0:A;X=1:R	MIXED:X=0:CONSISTENT;X=1:REJECTED/syntax/over-accepts
occ:order_by_item:3.0.0@order_by_list#holes-mid+not	order-by	order_by_list	holes-mid+not	admitted		B7b-1	empty-interior	X=0:R;X=1:A	MIXED:X=0:REJECTED/syntax/over-accepts;X=1:CONSISTENT
occ:order_by_item:3.0.0@order_by_list#holes-trail	order-by	order_by_list	holes-trail	admitted		B7b-1	empty-interior	X=0:A;X=1:R	MIXED:X=0:CONSISTENT;X=1:REJECTED/semantic/over-accepts
occ:order_by_item:3.0.0@order_by_list#holes-trail+comments	order-by	order_by_list	holes-trail+comments	admitted		B7b-1	empty-interior	X=0:A;X=1:R	MIXED:X=0:CONSISTENT;X=1:REJECTED/semantic/over-accepts
occ:order_by_item:3.0.0@order_by_list#holes-trail+not	order-by	order_by_list	holes-trail+not	admitted		B7b-1	empty-interior	X=0:R;X=1:A	MIXED:X=0:REJECTED/semantic/over-accepts;X=1:CONSISTENT
occ:order_by_item:3.0.0@order_by_list#lead-optional	order-by	order_by_list	lead-optional	admitted		B7b-1	empty-interior	X=0:A;X=1:A	CONSISTENT
occ:order_by_item:3.0.0@order_by_list#lead-optional+comments	order-by	order_by_list	lead-optional+comments	admitted		B7b-1	empty-interior	X=0:A;X=1:A	CONSISTENT
occ:order_by_item:3.0.0@order_by_list#lead-optional+not	order-by	order_by_list	lead-optional+not	admitted		B7b-1	empty-interior	X=0:A;X=1:A	CONSISTENT
occ:order_by_item:3.0.0@order_by_list#one-elem	order-by	order_by_list	one-elem	admitted		B7b-1	empty-interior	X=0:A;X=1:A	CONSISTENT
occ:order_by_item:3.0.0@order_by_list#one-elem+comments	order-by	order_by_list	one-elem+comments	admitted		B7b-1	empty-interior	X=0:A;X=1:A	CONSISTENT
occ:order_by_item:3.0.0@order_by_list#one-elem+not	order-by	order_by_list	one-elem+not	admitted		B7b-1	empty-interior	X=0:A;X=1:A	CONSISTENT
occ:order_by_item:3.0.0@order_by_list#sep-before-end	order-by	order_by_list	sep-before-end	admitted		B7b-1	empty-interior	X=0:A;X=1:A	CONSISTENT
occ:order_by_item:3.0.0@order_by_list#sep-before-end+comments	order-by	order_by_list	sep-before-end+comments	admitted		B7b-1	empty-interior	X=0:A;X=1:A	CONSISTENT
occ:order_by_item:3.0.0@order_by_list#sep-before-end+not	order-by	order_by_list	sep-before-end+not	admitted		B7b-1	empty-interior	X=0:A;X=1:A	CONSISTENT
occ:order_by_item:3.0.0@order_by_list#sep-only	order-by	order_by_list	sep-only	admitted		B7b-1	empty-interior	X=0:A;X=1:A	CONSISTENT
occ:order_by_item:3.0.0@order_by_list#sep-only+comments	order-by	order_by_list	sep-only+comments	admitted		B7b-1	empty-interior	X=0:A;X=1:A	CONSISTENT
occ:order_by_item:3.0.0@order_by_list#sep-only+not	order-by	order_by_list	sep-only+not	admitted		B7b-1	empty-interior	X=0:A;X=1:A	CONSISTENT
occ:order_by_item:3.0.0@order_by_list#trail	order-by	order_by_list	trail	admitted		B7b-1	empty-interior	X=0:R;X=1:A	MIXED:X=0:REJECTED/semantic/over-accepts;X=1:CONSISTENT
occ:order_by_item:3.0.0@order_by_list#trail+comments	order-by	order_by_list	trail+comments	admitted		B7b-1	empty-interior	X=0:R;X=1:A	MIXED:X=0:REJECTED/semantic/over-accepts;X=1:CONSISTENT
occ:order_by_item:3.0.0@order_by_list#trail+not	order-by	order_by_list	trail+not	admitted		B7b-1	empty-interior	X=0:A;X=1:R	MIXED:X=0:CONSISTENT;X=1:REJECTED/semantic/over-accepts
occ:order_by_list:0.1.0.0@declaration_body#empty	order-by	declaration_body	empty	excluded	outer comma-separated order_by_list is property-value routing (whole-value #if, B11 runs, B13 fragments), not an inner list	B12	empty-interior	TPL=0,X=0:A;TPL=0,X=1:A;TPL=1,X=0:A;TPL=1,X=1:A	GAP
occ:order_by_list:0.1.0.0@declaration_body#empty+comments	order-by	declaration_body	empty+comments	excluded	outer comma-separated order_by_list is property-value routing (whole-value #if, B11 runs, B13 fragments), not an inner list	B12	empty-interior	TPL=0,X=0:A;TPL=0,X=1:A;TPL=1,X=0:A;TPL=1,X=1:A	GAP
occ:order_by_list:0.1.0.0@declaration_body#empty+not	order-by	declaration_body	empty+not	excluded	outer comma-separated order_by_list is property-value routing (whole-value #if, B11 runs, B13 fragments), not an inner list	B12	empty-interior	TPL=0,X=0:A;TPL=0,X=1:A;TPL=1,X=0:A;TPL=1,X=1:A	GAP
occ:order_by_list:0.1.0.0@declaration_body#empty-list	order-by	declaration_body	empty-list	excluded	outer comma-separated order_by_list is property-value routing (whole-value #if, B11 runs, B13 fragments), not an inner list	B12	empty-interior	TPL=0,X=0:A;TPL=0,X=1:A;TPL=1,X=0:A;TPL=1,X=1:A	CONSISTENT
occ:order_by_list:0.1.0.0@declaration_body#empty-list+comments	order-by	declaration_body	empty-list+comments	excluded	outer comma-separated order_by_list is property-value routing (whole-value #if, B11 runs, B13 fragments), not an inner list	B12	empty-interior	TPL=0,X=0:A;TPL=0,X=1:A;TPL=1,X=0:A;TPL=1,X=1:A	CONSISTENT
occ:order_by_list:0.1.0.0@declaration_body#empty-list+not	order-by	declaration_body	empty-list+not	excluded	outer comma-separated order_by_list is property-value routing (whole-value #if, B11 runs, B13 fragments), not an inner list	B12	empty-interior	TPL=0,X=0:A;TPL=0,X=1:A;TPL=1,X=0:A;TPL=1,X=1:A	CONSISTENT
occ:order_by_list:0.1.0.0@declaration_body#holes-lead	order-by	declaration_body	holes-lead	excluded	outer comma-separated order_by_list is property-value routing (whole-value #if, B11 runs, B13 fragments), not an inner list	B12	empty-interior	TPL=0,X=0:A;TPL=0,X=1:A;TPL=1,X=0:A;TPL=1,X=1:R	MIXED:TPL=0,X=0:GAP;TPL=0,X=1:GAP;TPL=1,X=0:GAP;TPL=1,X=1:REJECTED/syntax/agrees
occ:order_by_list:0.1.0.0@declaration_body#holes-lead+comments	order-by	declaration_body	holes-lead+comments	excluded	outer comma-separated order_by_list is property-value routing (whole-value #if, B11 runs, B13 fragments), not an inner list	B12	empty-interior	TPL=0,X=0:A;TPL=0,X=1:A;TPL=1,X=0:A;TPL=1,X=1:R	MIXED:TPL=0,X=0:GAP;TPL=0,X=1:GAP;TPL=1,X=0:GAP;TPL=1,X=1:REJECTED/syntax/agrees
occ:order_by_list:0.1.0.0@declaration_body#holes-lead+not	order-by	declaration_body	holes-lead+not	excluded	outer comma-separated order_by_list is property-value routing (whole-value #if, B11 runs, B13 fragments), not an inner list	B12	empty-interior	TPL=0,X=0:A;TPL=0,X=1:A;TPL=1,X=0:R;TPL=1,X=1:A	MIXED:TPL=0,X=0:GAP;TPL=0,X=1:GAP;TPL=1,X=0:REJECTED/syntax/agrees;TPL=1,X=1:GAP
occ:order_by_list:0.1.0.0@declaration_body#holes-mid	order-by	declaration_body	holes-mid	excluded	outer comma-separated order_by_list is property-value routing (whole-value #if, B11 runs, B13 fragments), not an inner list	B12	empty-interior	TPL=0,X=0:A;TPL=0,X=1:A;TPL=1,X=0:A;TPL=1,X=1:R	MIXED:TPL=0,X=0:GAP;TPL=0,X=1:GAP;TPL=1,X=0:GAP;TPL=1,X=1:REJECTED/syntax/agrees
occ:order_by_list:0.1.0.0@declaration_body#holes-mid+comments	order-by	declaration_body	holes-mid+comments	excluded	outer comma-separated order_by_list is property-value routing (whole-value #if, B11 runs, B13 fragments), not an inner list	B12	empty-interior	TPL=0,X=0:A;TPL=0,X=1:A;TPL=1,X=0:A;TPL=1,X=1:R	MIXED:TPL=0,X=0:GAP;TPL=0,X=1:GAP;TPL=1,X=0:GAP;TPL=1,X=1:REJECTED/syntax/agrees
occ:order_by_list:0.1.0.0@declaration_body#holes-mid+not	order-by	declaration_body	holes-mid+not	excluded	outer comma-separated order_by_list is property-value routing (whole-value #if, B11 runs, B13 fragments), not an inner list	B12	empty-interior	TPL=0,X=0:A;TPL=0,X=1:A;TPL=1,X=0:R;TPL=1,X=1:A	MIXED:TPL=0,X=0:GAP;TPL=0,X=1:GAP;TPL=1,X=0:REJECTED/syntax/agrees;TPL=1,X=1:GAP
occ:order_by_list:0.1.0.0@declaration_body#holes-trail	order-by	declaration_body	holes-trail	excluded	outer comma-separated order_by_list is property-value routing (whole-value #if, B11 runs, B13 fragments), not an inner list	B12	empty-interior	TPL=0,X=0:A;TPL=0,X=1:A;TPL=1,X=0:A;TPL=1,X=1:R	MIXED:TPL=0,X=0:GAP;TPL=0,X=1:GAP;TPL=1,X=0:GAP;TPL=1,X=1:REJECTED/semantic/agrees
occ:order_by_list:0.1.0.0@declaration_body#holes-trail+comments	order-by	declaration_body	holes-trail+comments	excluded	outer comma-separated order_by_list is property-value routing (whole-value #if, B11 runs, B13 fragments), not an inner list	B12	empty-interior	TPL=0,X=0:A;TPL=0,X=1:A;TPL=1,X=0:A;TPL=1,X=1:R	MIXED:TPL=0,X=0:GAP;TPL=0,X=1:GAP;TPL=1,X=0:GAP;TPL=1,X=1:REJECTED/semantic/agrees
occ:order_by_list:0.1.0.0@declaration_body#holes-trail+not	order-by	declaration_body	holes-trail+not	excluded	outer comma-separated order_by_list is property-value routing (whole-value #if, B11 runs, B13 fragments), not an inner list	B12	empty-interior	TPL=0,X=0:A;TPL=0,X=1:A;TPL=1,X=0:R;TPL=1,X=1:A	MIXED:TPL=0,X=0:GAP;TPL=0,X=1:GAP;TPL=1,X=0:REJECTED/semantic/agrees;TPL=1,X=1:GAP
occ:order_by_list:0.1.0.0@declaration_body#lead-optional	order-by	declaration_body	lead-optional	excluded	outer comma-separated order_by_list is property-value routing (whole-value #if, B11 runs, B13 fragments), not an inner list	B12	empty-interior	TPL=0,X=0:A;TPL=0,X=1:A;TPL=1,X=0:A;TPL=1,X=1:A	GAP
occ:order_by_list:0.1.0.0@declaration_body#lead-optional+comments	order-by	declaration_body	lead-optional+comments	excluded	outer comma-separated order_by_list is property-value routing (whole-value #if, B11 runs, B13 fragments), not an inner list	B12	empty-interior	TPL=0,X=0:A;TPL=0,X=1:A;TPL=1,X=0:A;TPL=1,X=1:A	GAP
occ:order_by_list:0.1.0.0@declaration_body#lead-optional+not	order-by	declaration_body	lead-optional+not	excluded	outer comma-separated order_by_list is property-value routing (whole-value #if, B11 runs, B13 fragments), not an inner list	B12	empty-interior	TPL=0,X=0:A;TPL=0,X=1:A;TPL=1,X=0:A;TPL=1,X=1:A	GAP
occ:order_by_list:0.1.0.0@declaration_body#one-elem	order-by	declaration_body	one-elem	excluded	outer comma-separated order_by_list is property-value routing (whole-value #if, B11 runs, B13 fragments), not an inner list	B12	empty-interior	TPL=0,X=0:A;TPL=0,X=1:A;TPL=1,X=0:A;TPL=1,X=1:A	CONSISTENT
occ:order_by_list:0.1.0.0@declaration_body#one-elem+comments	order-by	declaration_body	one-elem+comments	excluded	outer comma-separated order_by_list is property-value routing (whole-value #if, B11 runs, B13 fragments), not an inner list	B12	empty-interior	TPL=0,X=0:A;TPL=0,X=1:A;TPL=1,X=0:A;TPL=1,X=1:A	CONSISTENT
occ:order_by_list:0.1.0.0@declaration_body#one-elem+not	order-by	declaration_body	one-elem+not	excluded	outer comma-separated order_by_list is property-value routing (whole-value #if, B11 runs, B13 fragments), not an inner list	B12	empty-interior	TPL=0,X=0:A;TPL=0,X=1:A;TPL=1,X=0:A;TPL=1,X=1:A	CONSISTENT
occ:order_by_list:0.1.0.0@declaration_body#sep-before-end	order-by	declaration_body	sep-before-end	excluded	outer comma-separated order_by_list is property-value routing (whole-value #if, B11 runs, B13 fragments), not an inner list	B12	empty-interior	TPL=0,X=0:A;TPL=0,X=1:A;TPL=1,X=0:A;TPL=1,X=1:A	GAP
occ:order_by_list:0.1.0.0@declaration_body#sep-before-end+comments	order-by	declaration_body	sep-before-end+comments	excluded	outer comma-separated order_by_list is property-value routing (whole-value #if, B11 runs, B13 fragments), not an inner list	B12	empty-interior	TPL=0,X=0:A;TPL=0,X=1:A;TPL=1,X=0:A;TPL=1,X=1:A	GAP
occ:order_by_list:0.1.0.0@declaration_body#sep-before-end+not	order-by	declaration_body	sep-before-end+not	excluded	outer comma-separated order_by_list is property-value routing (whole-value #if, B11 runs, B13 fragments), not an inner list	B12	empty-interior	TPL=0,X=0:A;TPL=0,X=1:A;TPL=1,X=0:A;TPL=1,X=1:A	GAP
occ:order_by_list:0.1.0.0@declaration_body#sep-only	order-by	declaration_body	sep-only	excluded	outer comma-separated order_by_list is property-value routing (whole-value #if, B11 runs, B13 fragments), not an inner list	B12	empty-interior	TPL=0,X=0:A;TPL=0,X=1:A;TPL=1,X=0:A;TPL=1,X=1:A	GAP
occ:order_by_list:0.1.0.0@declaration_body#sep-only+comments	order-by	declaration_body	sep-only+comments	excluded	outer comma-separated order_by_list is property-value routing (whole-value #if, B11 runs, B13 fragments), not an inner list	B12	empty-interior	TPL=0,X=0:A;TPL=0,X=1:A;TPL=1,X=0:A;TPL=1,X=1:A	GAP
occ:order_by_list:0.1.0.0@declaration_body#sep-only+not	order-by	declaration_body	sep-only+not	excluded	outer comma-separated order_by_list is property-value routing (whole-value #if, B11 runs, B13 fragments), not an inner list	B12	empty-interior	TPL=0,X=0:A;TPL=0,X=1:A;TPL=1,X=0:A;TPL=1,X=1:A	GAP
occ:order_by_list:0.1.0.0@declaration_body#trail	order-by	declaration_body	trail	excluded	outer comma-separated order_by_list is property-value routing (whole-value #if, B11 runs, B13 fragments), not an inner list	B12	empty-interior	TPL=0,X=0:A;TPL=0,X=1:A;TPL=1,X=0:R;TPL=1,X=1:A	MIXED:TPL=0,X=0:GAP;TPL=0,X=1:GAP;TPL=1,X=0:REJECTED/semantic/agrees;TPL=1,X=1:GAP
occ:order_by_list:0.1.0.0@declaration_body#trail+comments	order-by	declaration_body	trail+comments	excluded	outer comma-separated order_by_list is property-value routing (whole-value #if, B11 runs, B13 fragments), not an inner list	B12	empty-interior	TPL=0,X=0:A;TPL=0,X=1:A;TPL=1,X=0:R;TPL=1,X=1:A	MIXED:TPL=0,X=0:GAP;TPL=0,X=1:GAP;TPL=1,X=0:REJECTED/semantic/agrees;TPL=1,X=1:GAP
occ:order_by_list:0.1.0.0@declaration_body#trail+not	order-by	declaration_body	trail+not	excluded	outer comma-separated order_by_list is property-value routing (whole-value #if, B11 runs, B13 fragments), not an inner list	B12	empty-interior	TPL=0,X=0:A;TPL=0,X=1:A;TPL=1,X=0:A;TPL=1,X=1:R	MIXED:TPL=0,X=0:GAP;TPL=0,X=1:GAP;TPL=1,X=0:GAP;TPL=1,X=1:REJECTED/semantic/agrees
occ:order_by_list:0.1.0.0@preproc_conditional#empty	order-by	preproc_conditional	empty	excluded	outer comma-separated order_by_list is property-value routing (whole-value #if, B11 runs, B13 fragments), not an inner list	B12	empty-interior	TPL=0,TPL2=0,X=0:A;TPL=0,TPL2=0,X=1:A;TPL=0,TPL2=1,X=0:A;TPL=0,TPL2=1,X=1:A;TPL=1,TPL2=0,X=0:A;TPL=1,TPL2=0,X=1:A;TPL=1,TPL2=1,X=0:A;TPL=1,TPL2=1,X=1:A	GAP
occ:order_by_list:0.1.0.0@preproc_conditional#empty+comments	order-by	preproc_conditional	empty+comments	excluded	outer comma-separated order_by_list is property-value routing (whole-value #if, B11 runs, B13 fragments), not an inner list	B12	empty-interior	TPL=0,TPL2=0,X=0:A;TPL=0,TPL2=0,X=1:A;TPL=0,TPL2=1,X=0:A;TPL=0,TPL2=1,X=1:A;TPL=1,TPL2=0,X=0:A;TPL=1,TPL2=0,X=1:A;TPL=1,TPL2=1,X=0:A;TPL=1,TPL2=1,X=1:A	GAP
occ:order_by_list:0.1.0.0@preproc_conditional#empty+not	order-by	preproc_conditional	empty+not	excluded	outer comma-separated order_by_list is property-value routing (whole-value #if, B11 runs, B13 fragments), not an inner list	B12	empty-interior	TPL=0,TPL2=0,X=0:A;TPL=0,TPL2=0,X=1:A;TPL=0,TPL2=1,X=0:A;TPL=0,TPL2=1,X=1:A;TPL=1,TPL2=0,X=0:A;TPL=1,TPL2=0,X=1:A;TPL=1,TPL2=1,X=0:A;TPL=1,TPL2=1,X=1:A	GAP
occ:order_by_list:0.1.0.0@preproc_conditional#empty-list	order-by	preproc_conditional	empty-list	excluded	outer comma-separated order_by_list is property-value routing (whole-value #if, B11 runs, B13 fragments), not an inner list	B12	empty-interior	TPL=0,TPL2=0,X=0:A;TPL=0,TPL2=0,X=1:A;TPL=0,TPL2=1,X=0:A;TPL=0,TPL2=1,X=1:A;TPL=1,TPL2=0,X=0:A;TPL=1,TPL2=0,X=1:A;TPL=1,TPL2=1,X=0:A;TPL=1,TPL2=1,X=1:A	CONSISTENT
occ:order_by_list:0.1.0.0@preproc_conditional#empty-list+comments	order-by	preproc_conditional	empty-list+comments	excluded	outer comma-separated order_by_list is property-value routing (whole-value #if, B11 runs, B13 fragments), not an inner list	B12	empty-interior	TPL=0,TPL2=0,X=0:A;TPL=0,TPL2=0,X=1:A;TPL=0,TPL2=1,X=0:A;TPL=0,TPL2=1,X=1:A;TPL=1,TPL2=0,X=0:A;TPL=1,TPL2=0,X=1:A;TPL=1,TPL2=1,X=0:A;TPL=1,TPL2=1,X=1:A	CONSISTENT
occ:order_by_list:0.1.0.0@preproc_conditional#empty-list+not	order-by	preproc_conditional	empty-list+not	excluded	outer comma-separated order_by_list is property-value routing (whole-value #if, B11 runs, B13 fragments), not an inner list	B12	empty-interior	TPL=0,TPL2=0,X=0:A;TPL=0,TPL2=0,X=1:A;TPL=0,TPL2=1,X=0:A;TPL=0,TPL2=1,X=1:A;TPL=1,TPL2=0,X=0:A;TPL=1,TPL2=0,X=1:A;TPL=1,TPL2=1,X=0:A;TPL=1,TPL2=1,X=1:A	CONSISTENT
occ:order_by_list:0.1.0.0@preproc_conditional#holes-lead	order-by	preproc_conditional	holes-lead	excluded	outer comma-separated order_by_list is property-value routing (whole-value #if, B11 runs, B13 fragments), not an inner list	B12	empty-interior	TPL=0,TPL2=0,X=0:A;TPL=0,TPL2=0,X=1:A;TPL=0,TPL2=1,X=0:A;TPL=0,TPL2=1,X=1:A;TPL=1,TPL2=0,X=0:A;TPL=1,TPL2=0,X=1:A;TPL=1,TPL2=1,X=0:A;TPL=1,TPL2=1,X=1:R	MIXED:TPL=0,TPL2=0,X=0:GAP;TPL=0,TPL2=0,X=1:GAP;TPL=0,TPL2=1,X=0:GAP;TPL=0,TPL2=1,X=1:GAP;TPL=1,TPL2=0,X=0:GAP;TPL=1,TPL2=0,X=1:GAP;TPL=1,TPL2=1,X=0:GAP;TPL=1,TPL2=1,X=1:REJECTED/syntax/agrees
occ:order_by_list:0.1.0.0@preproc_conditional#holes-lead+comments	order-by	preproc_conditional	holes-lead+comments	excluded	outer comma-separated order_by_list is property-value routing (whole-value #if, B11 runs, B13 fragments), not an inner list	B12	empty-interior	TPL=0,TPL2=0,X=0:A;TPL=0,TPL2=0,X=1:A;TPL=0,TPL2=1,X=0:A;TPL=0,TPL2=1,X=1:A;TPL=1,TPL2=0,X=0:A;TPL=1,TPL2=0,X=1:A;TPL=1,TPL2=1,X=0:A;TPL=1,TPL2=1,X=1:R	MIXED:TPL=0,TPL2=0,X=0:GAP;TPL=0,TPL2=0,X=1:GAP;TPL=0,TPL2=1,X=0:GAP;TPL=0,TPL2=1,X=1:GAP;TPL=1,TPL2=0,X=0:GAP;TPL=1,TPL2=0,X=1:GAP;TPL=1,TPL2=1,X=0:GAP;TPL=1,TPL2=1,X=1:REJECTED/syntax/agrees
occ:order_by_list:0.1.0.0@preproc_conditional#holes-lead+not	order-by	preproc_conditional	holes-lead+not	excluded	outer comma-separated order_by_list is property-value routing (whole-value #if, B11 runs, B13 fragments), not an inner list	B12	empty-interior	TPL=0,TPL2=0,X=0:A;TPL=0,TPL2=0,X=1:A;TPL=0,TPL2=1,X=0:A;TPL=0,TPL2=1,X=1:A;TPL=1,TPL2=0,X=0:A;TPL=1,TPL2=0,X=1:A;TPL=1,TPL2=1,X=0:R;TPL=1,TPL2=1,X=1:A	MIXED:TPL=0,TPL2=0,X=0:GAP;TPL=0,TPL2=0,X=1:GAP;TPL=0,TPL2=1,X=0:GAP;TPL=0,TPL2=1,X=1:GAP;TPL=1,TPL2=0,X=0:GAP;TPL=1,TPL2=0,X=1:GAP;TPL=1,TPL2=1,X=0:REJECTED/syntax/agrees;TPL=1,TPL2=1,X=1:GAP
occ:order_by_list:0.1.0.0@preproc_conditional#holes-mid	order-by	preproc_conditional	holes-mid	excluded	outer comma-separated order_by_list is property-value routing (whole-value #if, B11 runs, B13 fragments), not an inner list	B12	empty-interior	TPL=0,TPL2=0,X=0:A;TPL=0,TPL2=0,X=1:A;TPL=0,TPL2=1,X=0:A;TPL=0,TPL2=1,X=1:A;TPL=1,TPL2=0,X=0:A;TPL=1,TPL2=0,X=1:A;TPL=1,TPL2=1,X=0:A;TPL=1,TPL2=1,X=1:R	MIXED:TPL=0,TPL2=0,X=0:GAP;TPL=0,TPL2=0,X=1:GAP;TPL=0,TPL2=1,X=0:GAP;TPL=0,TPL2=1,X=1:GAP;TPL=1,TPL2=0,X=0:GAP;TPL=1,TPL2=0,X=1:GAP;TPL=1,TPL2=1,X=0:GAP;TPL=1,TPL2=1,X=1:REJECTED/syntax/agrees
occ:order_by_list:0.1.0.0@preproc_conditional#holes-mid+comments	order-by	preproc_conditional	holes-mid+comments	excluded	outer comma-separated order_by_list is property-value routing (whole-value #if, B11 runs, B13 fragments), not an inner list	B12	empty-interior	TPL=0,TPL2=0,X=0:A;TPL=0,TPL2=0,X=1:A;TPL=0,TPL2=1,X=0:A;TPL=0,TPL2=1,X=1:A;TPL=1,TPL2=0,X=0:A;TPL=1,TPL2=0,X=1:A;TPL=1,TPL2=1,X=0:A;TPL=1,TPL2=1,X=1:R	MIXED:TPL=0,TPL2=0,X=0:GAP;TPL=0,TPL2=0,X=1:GAP;TPL=0,TPL2=1,X=0:GAP;TPL=0,TPL2=1,X=1:GAP;TPL=1,TPL2=0,X=0:GAP;TPL=1,TPL2=0,X=1:GAP;TPL=1,TPL2=1,X=0:GAP;TPL=1,TPL2=1,X=1:REJECTED/syntax/agrees
occ:order_by_list:0.1.0.0@preproc_conditional#holes-mid+not	order-by	preproc_conditional	holes-mid+not	excluded	outer comma-separated order_by_list is property-value routing (whole-value #if, B11 runs, B13 fragments), not an inner list	B12	empty-interior	TPL=0,TPL2=0,X=0:A;TPL=0,TPL2=0,X=1:A;TPL=0,TPL2=1,X=0:A;TPL=0,TPL2=1,X=1:A;TPL=1,TPL2=0,X=0:A;TPL=1,TPL2=0,X=1:A;TPL=1,TPL2=1,X=0:R;TPL=1,TPL2=1,X=1:A	MIXED:TPL=0,TPL2=0,X=0:GAP;TPL=0,TPL2=0,X=1:GAP;TPL=0,TPL2=1,X=0:GAP;TPL=0,TPL2=1,X=1:GAP;TPL=1,TPL2=0,X=0:GAP;TPL=1,TPL2=0,X=1:GAP;TPL=1,TPL2=1,X=0:REJECTED/syntax/agrees;TPL=1,TPL2=1,X=1:GAP
occ:order_by_list:0.1.0.0@preproc_conditional#holes-trail	order-by	preproc_conditional	holes-trail	excluded	outer comma-separated order_by_list is property-value routing (whole-value #if, B11 runs, B13 fragments), not an inner list	B12	empty-interior	TPL=0,TPL2=0,X=0:A;TPL=0,TPL2=0,X=1:A;TPL=0,TPL2=1,X=0:A;TPL=0,TPL2=1,X=1:A;TPL=1,TPL2=0,X=0:A;TPL=1,TPL2=0,X=1:A;TPL=1,TPL2=1,X=0:A;TPL=1,TPL2=1,X=1:R	MIXED:TPL=0,TPL2=0,X=0:GAP;TPL=0,TPL2=0,X=1:GAP;TPL=0,TPL2=1,X=0:GAP;TPL=0,TPL2=1,X=1:GAP;TPL=1,TPL2=0,X=0:GAP;TPL=1,TPL2=0,X=1:GAP;TPL=1,TPL2=1,X=0:GAP;TPL=1,TPL2=1,X=1:REJECTED/semantic/agrees
occ:order_by_list:0.1.0.0@preproc_conditional#holes-trail+comments	order-by	preproc_conditional	holes-trail+comments	excluded	outer comma-separated order_by_list is property-value routing (whole-value #if, B11 runs, B13 fragments), not an inner list	B12	empty-interior	TPL=0,TPL2=0,X=0:A;TPL=0,TPL2=0,X=1:A;TPL=0,TPL2=1,X=0:A;TPL=0,TPL2=1,X=1:A;TPL=1,TPL2=0,X=0:A;TPL=1,TPL2=0,X=1:A;TPL=1,TPL2=1,X=0:A;TPL=1,TPL2=1,X=1:R	MIXED:TPL=0,TPL2=0,X=0:GAP;TPL=0,TPL2=0,X=1:GAP;TPL=0,TPL2=1,X=0:GAP;TPL=0,TPL2=1,X=1:GAP;TPL=1,TPL2=0,X=0:GAP;TPL=1,TPL2=0,X=1:GAP;TPL=1,TPL2=1,X=0:GAP;TPL=1,TPL2=1,X=1:REJECTED/semantic/agrees
occ:order_by_list:0.1.0.0@preproc_conditional#holes-trail+not	order-by	preproc_conditional	holes-trail+not	excluded	outer comma-separated order_by_list is property-value routing (whole-value #if, B11 runs, B13 fragments), not an inner list	B12	empty-interior	TPL=0,TPL2=0,X=0:A;TPL=0,TPL2=0,X=1:A;TPL=0,TPL2=1,X=0:A;TPL=0,TPL2=1,X=1:A;TPL=1,TPL2=0,X=0:A;TPL=1,TPL2=0,X=1:A;TPL=1,TPL2=1,X=0:R;TPL=1,TPL2=1,X=1:A	MIXED:TPL=0,TPL2=0,X=0:GAP;TPL=0,TPL2=0,X=1:GAP;TPL=0,TPL2=1,X=0:GAP;TPL=0,TPL2=1,X=1:GAP;TPL=1,TPL2=0,X=0:GAP;TPL=1,TPL2=0,X=1:GAP;TPL=1,TPL2=1,X=0:REJECTED/semantic/agrees;TPL=1,TPL2=1,X=1:GAP
occ:order_by_list:0.1.0.0@preproc_conditional#lead-optional	order-by	preproc_conditional	lead-optional	excluded	outer comma-separated order_by_list is property-value routing (whole-value #if, B11 runs, B13 fragments), not an inner list	B12	empty-interior	TPL=0,TPL2=0,X=0:A;TPL=0,TPL2=0,X=1:A;TPL=0,TPL2=1,X=0:A;TPL=0,TPL2=1,X=1:A;TPL=1,TPL2=0,X=0:A;TPL=1,TPL2=0,X=1:A;TPL=1,TPL2=1,X=0:A;TPL=1,TPL2=1,X=1:A	GAP
occ:order_by_list:0.1.0.0@preproc_conditional#lead-optional+comments	order-by	preproc_conditional	lead-optional+comments	excluded	outer comma-separated order_by_list is property-value routing (whole-value #if, B11 runs, B13 fragments), not an inner list	B12	empty-interior	TPL=0,TPL2=0,X=0:A;TPL=0,TPL2=0,X=1:A;TPL=0,TPL2=1,X=0:A;TPL=0,TPL2=1,X=1:A;TPL=1,TPL2=0,X=0:A;TPL=1,TPL2=0,X=1:A;TPL=1,TPL2=1,X=0:A;TPL=1,TPL2=1,X=1:A	GAP
occ:order_by_list:0.1.0.0@preproc_conditional#lead-optional+not	order-by	preproc_conditional	lead-optional+not	excluded	outer comma-separated order_by_list is property-value routing (whole-value #if, B11 runs, B13 fragments), not an inner list	B12	empty-interior	TPL=0,TPL2=0,X=0:A;TPL=0,TPL2=0,X=1:A;TPL=0,TPL2=1,X=0:A;TPL=0,TPL2=1,X=1:A;TPL=1,TPL2=0,X=0:A;TPL=1,TPL2=0,X=1:A;TPL=1,TPL2=1,X=0:A;TPL=1,TPL2=1,X=1:A	GAP
occ:order_by_list:0.1.0.0@preproc_conditional#one-elem	order-by	preproc_conditional	one-elem	excluded	outer comma-separated order_by_list is property-value routing (whole-value #if, B11 runs, B13 fragments), not an inner list	B12	empty-interior	TPL=0,TPL2=0,X=0:A;TPL=0,TPL2=0,X=1:A;TPL=0,TPL2=1,X=0:A;TPL=0,TPL2=1,X=1:A;TPL=1,TPL2=0,X=0:A;TPL=1,TPL2=0,X=1:A;TPL=1,TPL2=1,X=0:A;TPL=1,TPL2=1,X=1:A	CONSISTENT
occ:order_by_list:0.1.0.0@preproc_conditional#one-elem+comments	order-by	preproc_conditional	one-elem+comments	excluded	outer comma-separated order_by_list is property-value routing (whole-value #if, B11 runs, B13 fragments), not an inner list	B12	empty-interior	TPL=0,TPL2=0,X=0:A;TPL=0,TPL2=0,X=1:A;TPL=0,TPL2=1,X=0:A;TPL=0,TPL2=1,X=1:A;TPL=1,TPL2=0,X=0:A;TPL=1,TPL2=0,X=1:A;TPL=1,TPL2=1,X=0:A;TPL=1,TPL2=1,X=1:A	CONSISTENT
occ:order_by_list:0.1.0.0@preproc_conditional#one-elem+not	order-by	preproc_conditional	one-elem+not	excluded	outer comma-separated order_by_list is property-value routing (whole-value #if, B11 runs, B13 fragments), not an inner list	B12	empty-interior	TPL=0,TPL2=0,X=0:A;TPL=0,TPL2=0,X=1:A;TPL=0,TPL2=1,X=0:A;TPL=0,TPL2=1,X=1:A;TPL=1,TPL2=0,X=0:A;TPL=1,TPL2=0,X=1:A;TPL=1,TPL2=1,X=0:A;TPL=1,TPL2=1,X=1:A	CONSISTENT
occ:order_by_list:0.1.0.0@preproc_conditional#sep-before-end	order-by	preproc_conditional	sep-before-end	excluded	outer comma-separated order_by_list is property-value routing (whole-value #if, B11 runs, B13 fragments), not an inner list	B12	empty-interior	TPL=0,TPL2=0,X=0:A;TPL=0,TPL2=0,X=1:A;TPL=0,TPL2=1,X=0:A;TPL=0,TPL2=1,X=1:A;TPL=1,TPL2=0,X=0:A;TPL=1,TPL2=0,X=1:A;TPL=1,TPL2=1,X=0:A;TPL=1,TPL2=1,X=1:A	GAP
occ:order_by_list:0.1.0.0@preproc_conditional#sep-before-end+comments	order-by	preproc_conditional	sep-before-end+comments	excluded	outer comma-separated order_by_list is property-value routing (whole-value #if, B11 runs, B13 fragments), not an inner list	B12	empty-interior	TPL=0,TPL2=0,X=0:A;TPL=0,TPL2=0,X=1:A;TPL=0,TPL2=1,X=0:A;TPL=0,TPL2=1,X=1:A;TPL=1,TPL2=0,X=0:A;TPL=1,TPL2=0,X=1:A;TPL=1,TPL2=1,X=0:A;TPL=1,TPL2=1,X=1:A	GAP
occ:order_by_list:0.1.0.0@preproc_conditional#sep-before-end+not	order-by	preproc_conditional	sep-before-end+not	excluded	outer comma-separated order_by_list is property-value routing (whole-value #if, B11 runs, B13 fragments), not an inner list	B12	empty-interior	TPL=0,TPL2=0,X=0:A;TPL=0,TPL2=0,X=1:A;TPL=0,TPL2=1,X=0:A;TPL=0,TPL2=1,X=1:A;TPL=1,TPL2=0,X=0:A;TPL=1,TPL2=0,X=1:A;TPL=1,TPL2=1,X=0:A;TPL=1,TPL2=1,X=1:A	GAP
occ:order_by_list:0.1.0.0@preproc_conditional#sep-only	order-by	preproc_conditional	sep-only	excluded	outer comma-separated order_by_list is property-value routing (whole-value #if, B11 runs, B13 fragments), not an inner list	B12	empty-interior	TPL=0,TPL2=0,X=0:A;TPL=0,TPL2=0,X=1:A;TPL=0,TPL2=1,X=0:A;TPL=0,TPL2=1,X=1:A;TPL=1,TPL2=0,X=0:A;TPL=1,TPL2=0,X=1:A;TPL=1,TPL2=1,X=0:A;TPL=1,TPL2=1,X=1:A	GAP
occ:order_by_list:0.1.0.0@preproc_conditional#sep-only+comments	order-by	preproc_conditional	sep-only+comments	excluded	outer comma-separated order_by_list is property-value routing (whole-value #if, B11 runs, B13 fragments), not an inner list	B12	empty-interior	TPL=0,TPL2=0,X=0:A;TPL=0,TPL2=0,X=1:A;TPL=0,TPL2=1,X=0:A;TPL=0,TPL2=1,X=1:A;TPL=1,TPL2=0,X=0:A;TPL=1,TPL2=0,X=1:A;TPL=1,TPL2=1,X=0:A;TPL=1,TPL2=1,X=1:A	GAP
occ:order_by_list:0.1.0.0@preproc_conditional#sep-only+not	order-by	preproc_conditional	sep-only+not	excluded	outer comma-separated order_by_list is property-value routing (whole-value #if, B11 runs, B13 fragments), not an inner list	B12	empty-interior	TPL=0,TPL2=0,X=0:A;TPL=0,TPL2=0,X=1:A;TPL=0,TPL2=1,X=0:A;TPL=0,TPL2=1,X=1:A;TPL=1,TPL2=0,X=0:A;TPL=1,TPL2=0,X=1:A;TPL=1,TPL2=1,X=0:A;TPL=1,TPL2=1,X=1:A	GAP
occ:order_by_list:0.1.0.0@preproc_conditional#trail	order-by	preproc_conditional	trail	excluded	outer comma-separated order_by_list is property-value routing (whole-value #if, B11 runs, B13 fragments), not an inner list	B12	empty-interior	TPL=0,TPL2=0,X=0:A;TPL=0,TPL2=0,X=1:A;TPL=0,TPL2=1,X=0:A;TPL=0,TPL2=1,X=1:A;TPL=1,TPL2=0,X=0:A;TPL=1,TPL2=0,X=1:A;TPL=1,TPL2=1,X=0:R;TPL=1,TPL2=1,X=1:A	MIXED:TPL=0,TPL2=0,X=0:GAP;TPL=0,TPL2=0,X=1:GAP;TPL=0,TPL2=1,X=0:GAP;TPL=0,TPL2=1,X=1:GAP;TPL=1,TPL2=0,X=0:GAP;TPL=1,TPL2=0,X=1:GAP;TPL=1,TPL2=1,X=0:REJECTED/semantic/agrees;TPL=1,TPL2=1,X=1:GAP
occ:order_by_list:0.1.0.0@preproc_conditional#trail+comments	order-by	preproc_conditional	trail+comments	excluded	outer comma-separated order_by_list is property-value routing (whole-value #if, B11 runs, B13 fragments), not an inner list	B12	empty-interior	TPL=0,TPL2=0,X=0:A;TPL=0,TPL2=0,X=1:A;TPL=0,TPL2=1,X=0:A;TPL=0,TPL2=1,X=1:A;TPL=1,TPL2=0,X=0:A;TPL=1,TPL2=0,X=1:A;TPL=1,TPL2=1,X=0:R;TPL=1,TPL2=1,X=1:A	MIXED:TPL=0,TPL2=0,X=0:GAP;TPL=0,TPL2=0,X=1:GAP;TPL=0,TPL2=1,X=0:GAP;TPL=0,TPL2=1,X=1:GAP;TPL=1,TPL2=0,X=0:GAP;TPL=1,TPL2=0,X=1:GAP;TPL=1,TPL2=1,X=0:REJECTED/semantic/agrees;TPL=1,TPL2=1,X=1:GAP
occ:order_by_list:0.1.0.0@preproc_conditional#trail+not	order-by	preproc_conditional	trail+not	excluded	outer comma-separated order_by_list is property-value routing (whole-value #if, B11 runs, B13 fragments), not an inner list	B12	empty-interior	TPL=0,TPL2=0,X=0:A;TPL=0,TPL2=0,X=1:A;TPL=0,TPL2=1,X=0:A;TPL=0,TPL2=1,X=1:A;TPL=1,TPL2=0,X=0:A;TPL=1,TPL2=0,X=1:A;TPL=1,TPL2=1,X=0:A;TPL=1,TPL2=1,X=1:R	MIXED:TPL=0,TPL2=0,X=0:GAP;TPL=0,TPL2=0,X=1:GAP;TPL=0,TPL2=1,X=0:GAP;TPL=0,TPL2=1,X=1:GAP;TPL=1,TPL2=0,X=0:GAP;TPL=1,TPL2=0,X=1:GAP;TPL=1,TPL2=1,X=0:GAP;TPL=1,TPL2=1,X=1:REJECTED/semantic/agrees
occ:order_by_list:0.1.0.0@property#empty	order-by	property	empty	excluded	outer comma-separated order_by_list is property-value routing (whole-value #if, B11 runs, B13 fragments), not an inner list	B12	empty-interior	X=0:A;X=1:A	GAP
occ:order_by_list:0.1.0.0@property#empty+comments	order-by	property	empty+comments	excluded	outer comma-separated order_by_list is property-value routing (whole-value #if, B11 runs, B13 fragments), not an inner list	B12	empty-interior	X=0:A;X=1:A	GAP
occ:order_by_list:0.1.0.0@property#empty+not	order-by	property	empty+not	excluded	outer comma-separated order_by_list is property-value routing (whole-value #if, B11 runs, B13 fragments), not an inner list	B12	empty-interior	X=0:A;X=1:A	GAP
occ:order_by_list:0.1.0.0@property#empty-list	order-by	property	empty-list	excluded	outer comma-separated order_by_list is property-value routing (whole-value #if, B11 runs, B13 fragments), not an inner list	B12	empty-interior	X=0:A;X=1:A	CONSISTENT
occ:order_by_list:0.1.0.0@property#empty-list+comments	order-by	property	empty-list+comments	excluded	outer comma-separated order_by_list is property-value routing (whole-value #if, B11 runs, B13 fragments), not an inner list	B12	empty-interior	X=0:A;X=1:A	CONSISTENT
occ:order_by_list:0.1.0.0@property#empty-list+not	order-by	property	empty-list+not	excluded	outer comma-separated order_by_list is property-value routing (whole-value #if, B11 runs, B13 fragments), not an inner list	B12	empty-interior	X=0:A;X=1:A	CONSISTENT
occ:order_by_list:0.1.0.0@property#holes-lead	order-by	property	holes-lead	excluded	outer comma-separated order_by_list is property-value routing (whole-value #if, B11 runs, B13 fragments), not an inner list	B12	empty-interior	X=0:A;X=1:R	MIXED:X=0:GAP;X=1:REJECTED/syntax/agrees
occ:order_by_list:0.1.0.0@property#holes-lead+comments	order-by	property	holes-lead+comments	excluded	outer comma-separated order_by_list is property-value routing (whole-value #if, B11 runs, B13 fragments), not an inner list	B12	empty-interior	X=0:A;X=1:R	MIXED:X=0:GAP;X=1:REJECTED/syntax/agrees
occ:order_by_list:0.1.0.0@property#holes-lead+not	order-by	property	holes-lead+not	excluded	outer comma-separated order_by_list is property-value routing (whole-value #if, B11 runs, B13 fragments), not an inner list	B12	empty-interior	X=0:R;X=1:A	MIXED:X=0:REJECTED/syntax/agrees;X=1:GAP
occ:order_by_list:0.1.0.0@property#holes-mid	order-by	property	holes-mid	excluded	outer comma-separated order_by_list is property-value routing (whole-value #if, B11 runs, B13 fragments), not an inner list	B12	empty-interior	X=0:A;X=1:R	MIXED:X=0:GAP;X=1:REJECTED/syntax/agrees
occ:order_by_list:0.1.0.0@property#holes-mid+comments	order-by	property	holes-mid+comments	excluded	outer comma-separated order_by_list is property-value routing (whole-value #if, B11 runs, B13 fragments), not an inner list	B12	empty-interior	X=0:A;X=1:R	MIXED:X=0:GAP;X=1:REJECTED/syntax/agrees
occ:order_by_list:0.1.0.0@property#holes-mid+not	order-by	property	holes-mid+not	excluded	outer comma-separated order_by_list is property-value routing (whole-value #if, B11 runs, B13 fragments), not an inner list	B12	empty-interior	X=0:R;X=1:A	MIXED:X=0:REJECTED/syntax/agrees;X=1:GAP
occ:order_by_list:0.1.0.0@property#holes-trail	order-by	property	holes-trail	excluded	outer comma-separated order_by_list is property-value routing (whole-value #if, B11 runs, B13 fragments), not an inner list	B12	empty-interior	X=0:A;X=1:R	MIXED:X=0:GAP;X=1:REJECTED/semantic/agrees
occ:order_by_list:0.1.0.0@property#holes-trail+comments	order-by	property	holes-trail+comments	excluded	outer comma-separated order_by_list is property-value routing (whole-value #if, B11 runs, B13 fragments), not an inner list	B12	empty-interior	X=0:A;X=1:R	MIXED:X=0:GAP;X=1:REJECTED/semantic/agrees
occ:order_by_list:0.1.0.0@property#holes-trail+not	order-by	property	holes-trail+not	excluded	outer comma-separated order_by_list is property-value routing (whole-value #if, B11 runs, B13 fragments), not an inner list	B12	empty-interior	X=0:R;X=1:A	MIXED:X=0:REJECTED/semantic/agrees;X=1:GAP
occ:order_by_list:0.1.0.0@property#lead-optional	order-by	property	lead-optional	excluded	outer comma-separated order_by_list is property-value routing (whole-value #if, B11 runs, B13 fragments), not an inner list	B12	empty-interior	X=0:A;X=1:A	GAP
occ:order_by_list:0.1.0.0@property#lead-optional+comments	order-by	property	lead-optional+comments	excluded	outer comma-separated order_by_list is property-value routing (whole-value #if, B11 runs, B13 fragments), not an inner list	B12	empty-interior	X=0:A;X=1:A	GAP
occ:order_by_list:0.1.0.0@property#lead-optional+not	order-by	property	lead-optional+not	excluded	outer comma-separated order_by_list is property-value routing (whole-value #if, B11 runs, B13 fragments), not an inner list	B12	empty-interior	X=0:A;X=1:A	GAP
occ:order_by_list:0.1.0.0@property#one-elem	order-by	property	one-elem	excluded	outer comma-separated order_by_list is property-value routing (whole-value #if, B11 runs, B13 fragments), not an inner list	B12	empty-interior	X=0:A;X=1:A	CONSISTENT
occ:order_by_list:0.1.0.0@property#one-elem+comments	order-by	property	one-elem+comments	excluded	outer comma-separated order_by_list is property-value routing (whole-value #if, B11 runs, B13 fragments), not an inner list	B12	empty-interior	X=0:A;X=1:A	CONSISTENT
occ:order_by_list:0.1.0.0@property#one-elem+not	order-by	property	one-elem+not	excluded	outer comma-separated order_by_list is property-value routing (whole-value #if, B11 runs, B13 fragments), not an inner list	B12	empty-interior	X=0:A;X=1:A	CONSISTENT
occ:order_by_list:0.1.0.0@property#sep-before-end	order-by	property	sep-before-end	excluded	outer comma-separated order_by_list is property-value routing (whole-value #if, B11 runs, B13 fragments), not an inner list	B12	empty-interior	X=0:A;X=1:A	GAP
occ:order_by_list:0.1.0.0@property#sep-before-end+comments	order-by	property	sep-before-end+comments	excluded	outer comma-separated order_by_list is property-value routing (whole-value #if, B11 runs, B13 fragments), not an inner list	B12	empty-interior	X=0:A;X=1:A	GAP
occ:order_by_list:0.1.0.0@property#sep-before-end+not	order-by	property	sep-before-end+not	excluded	outer comma-separated order_by_list is property-value routing (whole-value #if, B11 runs, B13 fragments), not an inner list	B12	empty-interior	X=0:A;X=1:A	GAP
occ:order_by_list:0.1.0.0@property#sep-only	order-by	property	sep-only	excluded	outer comma-separated order_by_list is property-value routing (whole-value #if, B11 runs, B13 fragments), not an inner list	B12	empty-interior	X=0:A;X=1:A	GAP
occ:order_by_list:0.1.0.0@property#sep-only+comments	order-by	property	sep-only+comments	excluded	outer comma-separated order_by_list is property-value routing (whole-value #if, B11 runs, B13 fragments), not an inner list	B12	empty-interior	X=0:A;X=1:A	GAP
occ:order_by_list:0.1.0.0@property#sep-only+not	order-by	property	sep-only+not	excluded	outer comma-separated order_by_list is property-value routing (whole-value #if, B11 runs, B13 fragments), not an inner list	B12	empty-interior	X=0:A;X=1:A	GAP
occ:order_by_list:0.1.0.0@property#trail	order-by	property	trail	excluded	outer comma-separated order_by_list is property-value routing (whole-value #if, B11 runs, B13 fragments), not an inner list	B12	empty-interior	X=0:R;X=1:A	MIXED:X=0:REJECTED/semantic/agrees;X=1:GAP
occ:order_by_list:0.1.0.0@property#trail+comments	order-by	property	trail+comments	excluded	outer comma-separated order_by_list is property-value routing (whole-value #if, B11 runs, B13 fragments), not an inner list	B12	empty-interior	X=0:R;X=1:A	MIXED:X=0:REJECTED/semantic/agrees;X=1:GAP
occ:order_by_list:0.1.0.0@property#trail+not	order-by	property	trail+not	excluded	outer comma-separated order_by_list is property-value routing (whole-value #if, B11 runs, B13 fragments), not an inner list	B12	empty-interior	X=0:A;X=1:R	MIXED:X=0:GAP;X=1:REJECTED/semantic/agrees
occ:sorting_value:0.0.3.0.0@action_body#adjacent-compl	sorting	action_body	adjacent-compl	admitted		B7b-1	empty-interior	TPL=0,X=0:A;TPL=0,X=1:A;TPL=1,X=0:A;TPL=1,X=1:A	CONSISTENT
occ:sorting_value:0.0.3.0.0@action_body#adjacent-compl+comments	sorting	action_body	adjacent-compl+comments	admitted		B7b-1	empty-interior	TPL=0,X=0:A;TPL=0,X=1:A;TPL=1,X=0:A;TPL=1,X=1:A	CONSISTENT
occ:sorting_value:0.0.3.0.0@action_body#adjacent-compl+not	sorting	action_body	adjacent-compl+not	admitted		B7b-1	empty-interior	TPL=0,X=0:A;TPL=0,X=1:A;TPL=1,X=0:A;TPL=1,X=1:A	CONSISTENT
occ:sorting_value:0.0.3.0.0@action_body#adjacent-indep	sorting	action_body	adjacent-indep	admitted		B7b-1	empty-interior	TPL=0,X=0,Y=0:A;TPL=0,X=0,Y=1:A;TPL=0,X=1,Y=0:A;TPL=0,X=1,Y=1:A;TPL=1,X=0,Y=0:A;TPL=1,X=0,Y=1:A;TPL=1,X=1,Y=0:A;TPL=1,X=1,Y=1:A	CONSISTENT
occ:sorting_value:0.0.3.0.0@action_body#adjacent-indep+comments	sorting	action_body	adjacent-indep+comments	admitted		B7b-1	empty-interior	TPL=0,X=0,Y=0:A;TPL=0,X=0,Y=1:A;TPL=0,X=1,Y=0:A;TPL=0,X=1,Y=1:A;TPL=1,X=0,Y=0:A;TPL=1,X=0,Y=1:A;TPL=1,X=1,Y=0:A;TPL=1,X=1,Y=1:A	CONSISTENT
occ:sorting_value:0.0.3.0.0@action_body#adjacent-indep+not	sorting	action_body	adjacent-indep+not	admitted		B7b-1	empty-interior	TPL=0,X=0,Y=0:A;TPL=0,X=0,Y=1:A;TPL=0,X=1,Y=0:A;TPL=0,X=1,Y=1:A;TPL=1,X=0,Y=0:A;TPL=1,X=0,Y=1:A;TPL=1,X=1,Y=0:A;TPL=1,X=1,Y=1:A	CONSISTENT
occ:sorting_value:0.0.3.0.0@action_body#both-in-arm	sorting	action_body	both-in-arm	admitted		B7b-1	empty-interior	TPL=0,X=0:A;TPL=0,X=1:A;TPL=1,X=0:A;TPL=1,X=1:A	CONSISTENT
occ:sorting_value:0.0.3.0.0@action_body#both-in-arm+comments	sorting	action_body	both-in-arm+comments	admitted		B7b-1	empty-interior	TPL=0,X=0:A;TPL=0,X=1:A;TPL=1,X=0:A;TPL=1,X=1:A	CONSISTENT
occ:sorting_value:0.0.3.0.0@action_body#both-in-arm+not	sorting	action_body	both-in-arm+not	admitted		B7b-1	empty-interior	TPL=0,X=0:A;TPL=0,X=1:A;TPL=1,X=0:A;TPL=1,X=1:A	CONSISTENT
occ:sorting_value:0.0.3.0.0@action_body#count-differs	sorting	action_body	count-differs	admitted		B7b-1	empty-interior	TPL=0,X=0:A;TPL=0,X=1:A;TPL=1,X=0:A;TPL=1,X=1:A	CONSISTENT
occ:sorting_value:0.0.3.0.0@action_body#count-differs+comments	sorting	action_body	count-differs+comments	admitted		B7b-1	empty-interior	TPL=0,X=0:A;TPL=0,X=1:A;TPL=1,X=0:A;TPL=1,X=1:A	CONSISTENT
occ:sorting_value:0.0.3.0.0@action_body#count-differs+not	sorting	action_body	count-differs+not	admitted		B7b-1	empty-interior	TPL=0,X=0:A;TPL=0,X=1:A;TPL=1,X=0:A;TPL=1,X=1:A	CONSISTENT
occ:sorting_value:0.0.3.0.0@action_body#elif	sorting	action_body	elif	admitted		B7b-1	empty-interior	TPL=0,X=0,Y=0:A;TPL=0,X=0,Y=1:A;TPL=0,X=1,Y=0:A;TPL=0,X=1,Y=1:A;TPL=1,X=0,Y=0:A;TPL=1,X=0,Y=1:A;TPL=1,X=1,Y=0:A;TPL=1,X=1,Y=1:A	CONSISTENT
occ:sorting_value:0.0.3.0.0@action_body#elif+comments	sorting	action_body	elif+comments	admitted		B7b-1	empty-interior	TPL=0,X=0,Y=0:A;TPL=0,X=0,Y=1:A;TPL=0,X=1,Y=0:A;TPL=0,X=1,Y=1:A;TPL=1,X=0,Y=0:A;TPL=1,X=0,Y=1:A;TPL=1,X=1,Y=0:A;TPL=1,X=1,Y=1:A	CONSISTENT
occ:sorting_value:0.0.3.0.0@action_body#elif+not	sorting	action_body	elif+not	admitted		B7b-1	empty-interior	TPL=0,X=0,Y=0:A;TPL=0,X=0,Y=1:A;TPL=0,X=1,Y=0:A;TPL=0,X=1,Y=1:A;TPL=1,X=0,Y=0:A;TPL=1,X=0,Y=1:A;TPL=1,X=1,Y=0:A;TPL=1,X=1,Y=1:A	CONSISTENT
occ:sorting_value:0.0.3.0.0@action_body#empty	sorting	action_body	empty	admitted		B7b-1	empty-interior	TPL=0,X=0:A;TPL=0,X=1:A;TPL=1,X=0:A;TPL=1,X=1:A	CONSISTENT
occ:sorting_value:0.0.3.0.0@action_body#empty+comments	sorting	action_body	empty+comments	admitted		B7b-1	empty-interior	TPL=0,X=0:A;TPL=0,X=1:A;TPL=1,X=0:A;TPL=1,X=1:A	CONSISTENT
occ:sorting_value:0.0.3.0.0@action_body#empty+not	sorting	action_body	empty+not	admitted		B7b-1	empty-interior	TPL=0,X=0:A;TPL=0,X=1:A;TPL=1,X=0:A;TPL=1,X=1:A	CONSISTENT
occ:sorting_value:0.0.3.0.0@action_body#empty-list	sorting	action_body	empty-list	admitted		B7b-1	empty-interior	TPL=0,X=0:A;TPL=0,X=1:A;TPL=1,X=0:A;TPL=1,X=1:A	CONSISTENT
occ:sorting_value:0.0.3.0.0@action_body#empty-list+comments	sorting	action_body	empty-list+comments	admitted		B7b-1	empty-interior	TPL=0,X=0:A;TPL=0,X=1:A;TPL=1,X=0:A;TPL=1,X=1:A	CONSISTENT
occ:sorting_value:0.0.3.0.0@action_body#empty-list+not	sorting	action_body	empty-list+not	admitted		B7b-1	empty-interior	TPL=0,X=0:A;TPL=0,X=1:A;TPL=1,X=0:A;TPL=1,X=1:A	CONSISTENT
occ:sorting_value:0.0.3.0.0@action_body#first-replace	sorting	action_body	first-replace	admitted		B7b-1	empty-interior	TPL=0,X=0:A;TPL=0,X=1:A;TPL=1,X=0:A;TPL=1,X=1:A	CONSISTENT
occ:sorting_value:0.0.3.0.0@action_body#first-replace+comments	sorting	action_body	first-replace+comments	admitted		B7b-1	empty-interior	TPL=0,X=0:A;TPL=0,X=1:A;TPL=1,X=0:A;TPL=1,X=1:A	CONSISTENT
occ:sorting_value:0.0.3.0.0@action_body#first-replace+not	sorting	action_body	first-replace+not	admitted		B7b-1	empty-interior	TPL=0,X=0:A;TPL=0,X=1:A;TPL=1,X=0:A;TPL=1,X=1:A	CONSISTENT
occ:sorting_value:0.0.3.0.0@action_body#holes-lead	sorting	action_body	holes-lead	admitted		B7b-1	empty-interior	TPL=0,X=0:A;TPL=0,X=1:A;TPL=1,X=0:A;TPL=1,X=1:R	MIXED:TPL=0,X=0:CONSISTENT;TPL=0,X=1:CONSISTENT;TPL=1,X=0:CONSISTENT;TPL=1,X=1:REJECTED/syntax/over-accepts
occ:sorting_value:0.0.3.0.0@action_body#holes-lead+comments	sorting	action_body	holes-lead+comments	admitted		B7b-1	empty-interior	TPL=0,X=0:A;TPL=0,X=1:A;TPL=1,X=0:A;TPL=1,X=1:R	MIXED:TPL=0,X=0:CONSISTENT;TPL=0,X=1:CONSISTENT;TPL=1,X=0:CONSISTENT;TPL=1,X=1:REJECTED/syntax/over-accepts
occ:sorting_value:0.0.3.0.0@action_body#holes-lead+not	sorting	action_body	holes-lead+not	admitted		B7b-1	empty-interior	TPL=0,X=0:A;TPL=0,X=1:A;TPL=1,X=0:R;TPL=1,X=1:A	MIXED:TPL=0,X=0:CONSISTENT;TPL=0,X=1:CONSISTENT;TPL=1,X=0:REJECTED/syntax/over-accepts;TPL=1,X=1:CONSISTENT
occ:sorting_value:0.0.3.0.0@action_body#holes-mid	sorting	action_body	holes-mid	admitted		B7b-1	empty-interior	TPL=0,X=0:A;TPL=0,X=1:A;TPL=1,X=0:A;TPL=1,X=1:R	MIXED:TPL=0,X=0:CONSISTENT;TPL=0,X=1:CONSISTENT;TPL=1,X=0:CONSISTENT;TPL=1,X=1:REJECTED/syntax/over-accepts
occ:sorting_value:0.0.3.0.0@action_body#holes-mid+comments	sorting	action_body	holes-mid+comments	admitted		B7b-1	empty-interior	TPL=0,X=0:A;TPL=0,X=1:A;TPL=1,X=0:A;TPL=1,X=1:R	MIXED:TPL=0,X=0:CONSISTENT;TPL=0,X=1:CONSISTENT;TPL=1,X=0:CONSISTENT;TPL=1,X=1:REJECTED/syntax/over-accepts
occ:sorting_value:0.0.3.0.0@action_body#holes-mid+not	sorting	action_body	holes-mid+not	admitted		B7b-1	empty-interior	TPL=0,X=0:A;TPL=0,X=1:A;TPL=1,X=0:R;TPL=1,X=1:A	MIXED:TPL=0,X=0:CONSISTENT;TPL=0,X=1:CONSISTENT;TPL=1,X=0:REJECTED/syntax/over-accepts;TPL=1,X=1:CONSISTENT
occ:sorting_value:0.0.3.0.0@action_body#holes-trail	sorting	action_body	holes-trail	admitted		B7b-1	empty-interior	TPL=0,X=0:A;TPL=0,X=1:A;TPL=1,X=0:A;TPL=1,X=1:R	MIXED:TPL=0,X=0:CONSISTENT;TPL=0,X=1:CONSISTENT;TPL=1,X=0:CONSISTENT;TPL=1,X=1:REJECTED/semantic/over-accepts
occ:sorting_value:0.0.3.0.0@action_body#holes-trail+comments	sorting	action_body	holes-trail+comments	admitted		B7b-1	empty-interior	TPL=0,X=0:A;TPL=0,X=1:A;TPL=1,X=0:A;TPL=1,X=1:R	MIXED:TPL=0,X=0:CONSISTENT;TPL=0,X=1:CONSISTENT;TPL=1,X=0:CONSISTENT;TPL=1,X=1:REJECTED/semantic/over-accepts
occ:sorting_value:0.0.3.0.0@action_body#holes-trail+not	sorting	action_body	holes-trail+not	admitted		B7b-1	empty-interior	TPL=0,X=0:A;TPL=0,X=1:A;TPL=1,X=0:R;TPL=1,X=1:A	MIXED:TPL=0,X=0:CONSISTENT;TPL=0,X=1:CONSISTENT;TPL=1,X=0:REJECTED/semantic/over-accepts;TPL=1,X=1:CONSISTENT
occ:sorting_value:0.0.3.0.0@action_body#lead-optional	sorting	action_body	lead-optional	admitted		B7b-1	empty-interior	TPL=0,X=0:A;TPL=0,X=1:A;TPL=1,X=0:A;TPL=1,X=1:A	CONSISTENT
occ:sorting_value:0.0.3.0.0@action_body#lead-optional+comments	sorting	action_body	lead-optional+comments	admitted		B7b-1	empty-interior	TPL=0,X=0:A;TPL=0,X=1:A;TPL=1,X=0:A;TPL=1,X=1:A	CONSISTENT
occ:sorting_value:0.0.3.0.0@action_body#lead-optional+not	sorting	action_body	lead-optional+not	admitted		B7b-1	empty-interior	TPL=0,X=0:A;TPL=0,X=1:A;TPL=1,X=0:A;TPL=1,X=1:A	CONSISTENT
occ:sorting_value:0.0.3.0.0@action_body#nested	sorting	action_body	nested	admitted		B7b-1	empty-interior	TPL=0,X=0,Y=0:A;TPL=0,X=0,Y=1:A;TPL=0,X=1,Y=0:A;TPL=0,X=1,Y=1:A;TPL=1,X=0,Y=0:A;TPL=1,X=0,Y=1:A;TPL=1,X=1,Y=0:A;TPL=1,X=1,Y=1:A	CONSISTENT
occ:sorting_value:0.0.3.0.0@action_body#nested+comments	sorting	action_body	nested+comments	admitted		B7b-1	empty-interior	TPL=0,X=0,Y=0:A;TPL=0,X=0,Y=1:A;TPL=0,X=1,Y=0:A;TPL=0,X=1,Y=1:A;TPL=1,X=0,Y=0:A;TPL=1,X=0,Y=1:A;TPL=1,X=1,Y=0:A;TPL=1,X=1,Y=1:A	CONSISTENT
occ:sorting_value:0.0.3.0.0@action_body#nested+not	sorting	action_body	nested+not	admitted		B7b-1	empty-interior	TPL=0,X=0,Y=0:A;TPL=0,X=0,Y=1:A;TPL=0,X=1,Y=0:A;TPL=0,X=1,Y=1:A;TPL=1,X=0,Y=0:A;TPL=1,X=0,Y=1:A;TPL=1,X=1,Y=0:A;TPL=1,X=1,Y=1:A	CONSISTENT
occ:sorting_value:0.0.3.0.0@action_body#one-elem	sorting	action_body	one-elem	admitted		B7b-1	empty-interior	TPL=0,X=0:A;TPL=0,X=1:A;TPL=1,X=0:A;TPL=1,X=1:A	CONSISTENT
occ:sorting_value:0.0.3.0.0@action_body#one-elem+comments	sorting	action_body	one-elem+comments	admitted		B7b-1	empty-interior	TPL=0,X=0:A;TPL=0,X=1:A;TPL=1,X=0:A;TPL=1,X=1:A	CONSISTENT
occ:sorting_value:0.0.3.0.0@action_body#one-elem+not	sorting	action_body	one-elem+not	admitted		B7b-1	empty-interior	TPL=0,X=0:A;TPL=0,X=1:A;TPL=1,X=0:A;TPL=1,X=1:A	CONSISTENT
occ:sorting_value:0.0.3.0.0@action_body#sep-after	sorting	action_body	sep-after	admitted		B7b-1	empty-interior	TPL=0,X=0:A;TPL=0,X=1:A;TPL=1,X=0:A;TPL=1,X=1:A	CONSISTENT
occ:sorting_value:0.0.3.0.0@action_body#sep-after+comments	sorting	action_body	sep-after+comments	admitted		B7b-1	empty-interior	TPL=0,X=0:A;TPL=0,X=1:A;TPL=1,X=0:A;TPL=1,X=1:A	CONSISTENT
occ:sorting_value:0.0.3.0.0@action_body#sep-after+not	sorting	action_body	sep-after+not	admitted		B7b-1	empty-interior	TPL=0,X=0:A;TPL=0,X=1:A;TPL=1,X=0:A;TPL=1,X=1:A	CONSISTENT
occ:sorting_value:0.0.3.0.0@action_body#sep-before	sorting	action_body	sep-before	admitted		B7b-1	empty-interior	TPL=0,X=0:A;TPL=0,X=1:A;TPL=1,X=0:A;TPL=1,X=1:A	CONSISTENT
occ:sorting_value:0.0.3.0.0@action_body#sep-before+comments	sorting	action_body	sep-before+comments	admitted		B7b-1	empty-interior	TPL=0,X=0:A;TPL=0,X=1:A;TPL=1,X=0:A;TPL=1,X=1:A	CONSISTENT
occ:sorting_value:0.0.3.0.0@action_body#sep-before+not	sorting	action_body	sep-before+not	admitted		B7b-1	empty-interior	TPL=0,X=0:A;TPL=0,X=1:A;TPL=1,X=0:A;TPL=1,X=1:A	CONSISTENT
occ:sorting_value:0.0.3.0.0@action_body#sep-before-end	sorting	action_body	sep-before-end	admitted		B7b-1	empty-interior	TPL=0,X=0:A;TPL=0,X=1:A;TPL=1,X=0:A;TPL=1,X=1:A	CONSISTENT
occ:sorting_value:0.0.3.0.0@action_body#sep-before-end+comments	sorting	action_body	sep-before-end+comments	admitted		B7b-1	empty-interior	TPL=0,X=0:A;TPL=0,X=1:A;TPL=1,X=0:A;TPL=1,X=1:A	CONSISTENT
occ:sorting_value:0.0.3.0.0@action_body#sep-before-end+not	sorting	action_body	sep-before-end+not	admitted		B7b-1	empty-interior	TPL=0,X=0:A;TPL=0,X=1:A;TPL=1,X=0:A;TPL=1,X=1:A	CONSISTENT
occ:sorting_value:0.0.3.0.0@action_body#sep-only	sorting	action_body	sep-only	admitted		B7b-1	empty-interior	TPL=0,X=0:A;TPL=0,X=1:A;TPL=1,X=0:A;TPL=1,X=1:A	CONSISTENT
occ:sorting_value:0.0.3.0.0@action_body#sep-only+comments	sorting	action_body	sep-only+comments	admitted		B7b-1	empty-interior	TPL=0,X=0:A;TPL=0,X=1:A;TPL=1,X=0:A;TPL=1,X=1:A	CONSISTENT
occ:sorting_value:0.0.3.0.0@action_body#sep-only+not	sorting	action_body	sep-only+not	admitted		B7b-1	empty-interior	TPL=0,X=0:A;TPL=0,X=1:A;TPL=1,X=0:A;TPL=1,X=1:A	CONSISTENT
occ:sorting_value:0.0.3.0.0@action_body#trail	sorting	action_body	trail	admitted		B7b-1	empty-interior	TPL=0,X=0:A;TPL=0,X=1:A;TPL=1,X=0:R;TPL=1,X=1:A	MIXED:TPL=0,X=0:CONSISTENT;TPL=0,X=1:CONSISTENT;TPL=1,X=0:REJECTED/semantic/over-accepts;TPL=1,X=1:CONSISTENT
occ:sorting_value:0.0.3.0.0@action_body#trail+comments	sorting	action_body	trail+comments	admitted		B7b-1	empty-interior	TPL=0,X=0:A;TPL=0,X=1:A;TPL=1,X=0:R;TPL=1,X=1:A	MIXED:TPL=0,X=0:CONSISTENT;TPL=0,X=1:CONSISTENT;TPL=1,X=0:REJECTED/semantic/over-accepts;TPL=1,X=1:CONSISTENT
occ:sorting_value:0.0.3.0.0@action_body#trail+not	sorting	action_body	trail+not	admitted		B7b-1	empty-interior	TPL=0,X=0:A;TPL=0,X=1:A;TPL=1,X=0:A;TPL=1,X=1:R	MIXED:TPL=0,X=0:CONSISTENT;TPL=0,X=1:CONSISTENT;TPL=1,X=0:CONSISTENT;TPL=1,X=1:REJECTED/semantic/over-accepts
occ:sorting_value:0.0.3.0.0@declaration_body#adjacent-compl	sorting	declaration_body	adjacent-compl	admitted		B7b-1	empty-interior	TPL=0,X=0:A;TPL=0,X=1:A;TPL=1,X=0:A;TPL=1,X=1:A	CONSISTENT
occ:sorting_value:0.0.3.0.0@declaration_body#adjacent-compl+comments	sorting	declaration_body	adjacent-compl+comments	admitted		B7b-1	empty-interior	TPL=0,X=0:A;TPL=0,X=1:A;TPL=1,X=0:A;TPL=1,X=1:A	CONSISTENT
occ:sorting_value:0.0.3.0.0@declaration_body#adjacent-compl+not	sorting	declaration_body	adjacent-compl+not	admitted		B7b-1	empty-interior	TPL=0,X=0:A;TPL=0,X=1:A;TPL=1,X=0:A;TPL=1,X=1:A	CONSISTENT
occ:sorting_value:0.0.3.0.0@declaration_body#adjacent-indep	sorting	declaration_body	adjacent-indep	admitted		B7b-1	empty-interior	TPL=0,X=0,Y=0:A;TPL=0,X=0,Y=1:A;TPL=0,X=1,Y=0:A;TPL=0,X=1,Y=1:A;TPL=1,X=0,Y=0:A;TPL=1,X=0,Y=1:A;TPL=1,X=1,Y=0:A;TPL=1,X=1,Y=1:A	CONSISTENT
occ:sorting_value:0.0.3.0.0@declaration_body#adjacent-indep+comments	sorting	declaration_body	adjacent-indep+comments	admitted		B7b-1	empty-interior	TPL=0,X=0,Y=0:A;TPL=0,X=0,Y=1:A;TPL=0,X=1,Y=0:A;TPL=0,X=1,Y=1:A;TPL=1,X=0,Y=0:A;TPL=1,X=0,Y=1:A;TPL=1,X=1,Y=0:A;TPL=1,X=1,Y=1:A	CONSISTENT
occ:sorting_value:0.0.3.0.0@declaration_body#adjacent-indep+not	sorting	declaration_body	adjacent-indep+not	admitted		B7b-1	empty-interior	TPL=0,X=0,Y=0:A;TPL=0,X=0,Y=1:A;TPL=0,X=1,Y=0:A;TPL=0,X=1,Y=1:A;TPL=1,X=0,Y=0:A;TPL=1,X=0,Y=1:A;TPL=1,X=1,Y=0:A;TPL=1,X=1,Y=1:A	CONSISTENT
occ:sorting_value:0.0.3.0.0@declaration_body#both-in-arm	sorting	declaration_body	both-in-arm	admitted		B7b-1	empty-interior	TPL=0,X=0:A;TPL=0,X=1:A;TPL=1,X=0:A;TPL=1,X=1:A	CONSISTENT
occ:sorting_value:0.0.3.0.0@declaration_body#both-in-arm+comments	sorting	declaration_body	both-in-arm+comments	admitted		B7b-1	empty-interior	TPL=0,X=0:A;TPL=0,X=1:A;TPL=1,X=0:A;TPL=1,X=1:A	CONSISTENT
occ:sorting_value:0.0.3.0.0@declaration_body#both-in-arm+not	sorting	declaration_body	both-in-arm+not	admitted		B7b-1	empty-interior	TPL=0,X=0:A;TPL=0,X=1:A;TPL=1,X=0:A;TPL=1,X=1:A	CONSISTENT
occ:sorting_value:0.0.3.0.0@declaration_body#count-differs	sorting	declaration_body	count-differs	admitted		B7b-1	empty-interior	TPL=0,X=0:A;TPL=0,X=1:A;TPL=1,X=0:A;TPL=1,X=1:A	CONSISTENT
occ:sorting_value:0.0.3.0.0@declaration_body#count-differs+comments	sorting	declaration_body	count-differs+comments	admitted		B7b-1	empty-interior	TPL=0,X=0:A;TPL=0,X=1:A;TPL=1,X=0:A;TPL=1,X=1:A	CONSISTENT
occ:sorting_value:0.0.3.0.0@declaration_body#count-differs+not	sorting	declaration_body	count-differs+not	admitted		B7b-1	empty-interior	TPL=0,X=0:A;TPL=0,X=1:A;TPL=1,X=0:A;TPL=1,X=1:A	CONSISTENT
occ:sorting_value:0.0.3.0.0@declaration_body#elif	sorting	declaration_body	elif	admitted		B7b-1	empty-interior	TPL=0,X=0,Y=0:A;TPL=0,X=0,Y=1:A;TPL=0,X=1,Y=0:A;TPL=0,X=1,Y=1:A;TPL=1,X=0,Y=0:A;TPL=1,X=0,Y=1:A;TPL=1,X=1,Y=0:A;TPL=1,X=1,Y=1:A	CONSISTENT
occ:sorting_value:0.0.3.0.0@declaration_body#elif+comments	sorting	declaration_body	elif+comments	admitted		B7b-1	empty-interior	TPL=0,X=0,Y=0:A;TPL=0,X=0,Y=1:A;TPL=0,X=1,Y=0:A;TPL=0,X=1,Y=1:A;TPL=1,X=0,Y=0:A;TPL=1,X=0,Y=1:A;TPL=1,X=1,Y=0:A;TPL=1,X=1,Y=1:A	CONSISTENT
occ:sorting_value:0.0.3.0.0@declaration_body#elif+not	sorting	declaration_body	elif+not	admitted		B7b-1	empty-interior	TPL=0,X=0,Y=0:A;TPL=0,X=0,Y=1:A;TPL=0,X=1,Y=0:A;TPL=0,X=1,Y=1:A;TPL=1,X=0,Y=0:A;TPL=1,X=0,Y=1:A;TPL=1,X=1,Y=0:A;TPL=1,X=1,Y=1:A	CONSISTENT
occ:sorting_value:0.0.3.0.0@declaration_body#empty	sorting	declaration_body	empty	admitted		B7b-1	empty-interior	TPL=0,X=0:A;TPL=0,X=1:A;TPL=1,X=0:A;TPL=1,X=1:A	CONSISTENT
occ:sorting_value:0.0.3.0.0@declaration_body#empty+comments	sorting	declaration_body	empty+comments	admitted		B7b-1	empty-interior	TPL=0,X=0:A;TPL=0,X=1:A;TPL=1,X=0:A;TPL=1,X=1:A	CONSISTENT
occ:sorting_value:0.0.3.0.0@declaration_body#empty+not	sorting	declaration_body	empty+not	admitted		B7b-1	empty-interior	TPL=0,X=0:A;TPL=0,X=1:A;TPL=1,X=0:A;TPL=1,X=1:A	CONSISTENT
occ:sorting_value:0.0.3.0.0@declaration_body#empty-list	sorting	declaration_body	empty-list	admitted		B7b-1	empty-interior	TPL=0,X=0:A;TPL=0,X=1:A;TPL=1,X=0:A;TPL=1,X=1:A	CONSISTENT
occ:sorting_value:0.0.3.0.0@declaration_body#empty-list+comments	sorting	declaration_body	empty-list+comments	admitted		B7b-1	empty-interior	TPL=0,X=0:A;TPL=0,X=1:A;TPL=1,X=0:A;TPL=1,X=1:A	CONSISTENT
occ:sorting_value:0.0.3.0.0@declaration_body#empty-list+not	sorting	declaration_body	empty-list+not	admitted		B7b-1	empty-interior	TPL=0,X=0:A;TPL=0,X=1:A;TPL=1,X=0:A;TPL=1,X=1:A	CONSISTENT
occ:sorting_value:0.0.3.0.0@declaration_body#first-replace	sorting	declaration_body	first-replace	admitted		B7b-1	empty-interior	TPL=0,X=0:A;TPL=0,X=1:A;TPL=1,X=0:A;TPL=1,X=1:A	CONSISTENT
occ:sorting_value:0.0.3.0.0@declaration_body#first-replace+comments	sorting	declaration_body	first-replace+comments	admitted		B7b-1	empty-interior	TPL=0,X=0:A;TPL=0,X=1:A;TPL=1,X=0:A;TPL=1,X=1:A	CONSISTENT
occ:sorting_value:0.0.3.0.0@declaration_body#first-replace+not	sorting	declaration_body	first-replace+not	admitted		B7b-1	empty-interior	TPL=0,X=0:A;TPL=0,X=1:A;TPL=1,X=0:A;TPL=1,X=1:A	CONSISTENT
occ:sorting_value:0.0.3.0.0@declaration_body#holes-lead	sorting	declaration_body	holes-lead	admitted		B7b-1	empty-interior	TPL=0,X=0:A;TPL=0,X=1:A;TPL=1,X=0:A;TPL=1,X=1:R	MIXED:TPL=0,X=0:CONSISTENT;TPL=0,X=1:CONSISTENT;TPL=1,X=0:CONSISTENT;TPL=1,X=1:REJECTED/syntax/over-accepts
occ:sorting_value:0.0.3.0.0@declaration_body#holes-lead+comments	sorting	declaration_body	holes-lead+comments	admitted		B7b-1	empty-interior	TPL=0,X=0:A;TPL=0,X=1:A;TPL=1,X=0:A;TPL=1,X=1:R	MIXED:TPL=0,X=0:CONSISTENT;TPL=0,X=1:CONSISTENT;TPL=1,X=0:CONSISTENT;TPL=1,X=1:REJECTED/syntax/over-accepts
occ:sorting_value:0.0.3.0.0@declaration_body#holes-lead+not	sorting	declaration_body	holes-lead+not	admitted		B7b-1	empty-interior	TPL=0,X=0:A;TPL=0,X=1:A;TPL=1,X=0:R;TPL=1,X=1:A	MIXED:TPL=0,X=0:CONSISTENT;TPL=0,X=1:CONSISTENT;TPL=1,X=0:REJECTED/syntax/over-accepts;TPL=1,X=1:CONSISTENT
occ:sorting_value:0.0.3.0.0@declaration_body#holes-mid	sorting	declaration_body	holes-mid	admitted		B7b-1	empty-interior	TPL=0,X=0:A;TPL=0,X=1:A;TPL=1,X=0:A;TPL=1,X=1:R	MIXED:TPL=0,X=0:CONSISTENT;TPL=0,X=1:CONSISTENT;TPL=1,X=0:CONSISTENT;TPL=1,X=1:REJECTED/syntax/over-accepts
occ:sorting_value:0.0.3.0.0@declaration_body#holes-mid+comments	sorting	declaration_body	holes-mid+comments	admitted		B7b-1	empty-interior	TPL=0,X=0:A;TPL=0,X=1:A;TPL=1,X=0:A;TPL=1,X=1:R	MIXED:TPL=0,X=0:CONSISTENT;TPL=0,X=1:CONSISTENT;TPL=1,X=0:CONSISTENT;TPL=1,X=1:REJECTED/syntax/over-accepts
occ:sorting_value:0.0.3.0.0@declaration_body#holes-mid+not	sorting	declaration_body	holes-mid+not	admitted		B7b-1	empty-interior	TPL=0,X=0:A;TPL=0,X=1:A;TPL=1,X=0:R;TPL=1,X=1:A	MIXED:TPL=0,X=0:CONSISTENT;TPL=0,X=1:CONSISTENT;TPL=1,X=0:REJECTED/syntax/over-accepts;TPL=1,X=1:CONSISTENT
occ:sorting_value:0.0.3.0.0@declaration_body#holes-trail	sorting	declaration_body	holes-trail	admitted		B7b-1	empty-interior	TPL=0,X=0:A;TPL=0,X=1:A;TPL=1,X=0:A;TPL=1,X=1:R	MIXED:TPL=0,X=0:CONSISTENT;TPL=0,X=1:CONSISTENT;TPL=1,X=0:CONSISTENT;TPL=1,X=1:REJECTED/semantic/over-accepts
occ:sorting_value:0.0.3.0.0@declaration_body#holes-trail+comments	sorting	declaration_body	holes-trail+comments	admitted		B7b-1	empty-interior	TPL=0,X=0:A;TPL=0,X=1:A;TPL=1,X=0:A;TPL=1,X=1:R	MIXED:TPL=0,X=0:CONSISTENT;TPL=0,X=1:CONSISTENT;TPL=1,X=0:CONSISTENT;TPL=1,X=1:REJECTED/semantic/over-accepts
occ:sorting_value:0.0.3.0.0@declaration_body#holes-trail+not	sorting	declaration_body	holes-trail+not	admitted		B7b-1	empty-interior	TPL=0,X=0:A;TPL=0,X=1:A;TPL=1,X=0:R;TPL=1,X=1:A	MIXED:TPL=0,X=0:CONSISTENT;TPL=0,X=1:CONSISTENT;TPL=1,X=0:REJECTED/semantic/over-accepts;TPL=1,X=1:CONSISTENT
occ:sorting_value:0.0.3.0.0@declaration_body#lead-optional	sorting	declaration_body	lead-optional	admitted		B7b-1	empty-interior	TPL=0,X=0:A;TPL=0,X=1:A;TPL=1,X=0:A;TPL=1,X=1:A	CONSISTENT
occ:sorting_value:0.0.3.0.0@declaration_body#lead-optional+comments	sorting	declaration_body	lead-optional+comments	admitted		B7b-1	empty-interior	TPL=0,X=0:A;TPL=0,X=1:A;TPL=1,X=0:A;TPL=1,X=1:A	CONSISTENT
occ:sorting_value:0.0.3.0.0@declaration_body#lead-optional+not	sorting	declaration_body	lead-optional+not	admitted		B7b-1	empty-interior	TPL=0,X=0:A;TPL=0,X=1:A;TPL=1,X=0:A;TPL=1,X=1:A	CONSISTENT
occ:sorting_value:0.0.3.0.0@declaration_body#nested	sorting	declaration_body	nested	admitted		B7b-1	empty-interior	TPL=0,X=0,Y=0:A;TPL=0,X=0,Y=1:A;TPL=0,X=1,Y=0:A;TPL=0,X=1,Y=1:A;TPL=1,X=0,Y=0:A;TPL=1,X=0,Y=1:A;TPL=1,X=1,Y=0:A;TPL=1,X=1,Y=1:A	CONSISTENT
occ:sorting_value:0.0.3.0.0@declaration_body#nested+comments	sorting	declaration_body	nested+comments	admitted		B7b-1	empty-interior	TPL=0,X=0,Y=0:A;TPL=0,X=0,Y=1:A;TPL=0,X=1,Y=0:A;TPL=0,X=1,Y=1:A;TPL=1,X=0,Y=0:A;TPL=1,X=0,Y=1:A;TPL=1,X=1,Y=0:A;TPL=1,X=1,Y=1:A	CONSISTENT
occ:sorting_value:0.0.3.0.0@declaration_body#nested+not	sorting	declaration_body	nested+not	admitted		B7b-1	empty-interior	TPL=0,X=0,Y=0:A;TPL=0,X=0,Y=1:A;TPL=0,X=1,Y=0:A;TPL=0,X=1,Y=1:A;TPL=1,X=0,Y=0:A;TPL=1,X=0,Y=1:A;TPL=1,X=1,Y=0:A;TPL=1,X=1,Y=1:A	CONSISTENT
occ:sorting_value:0.0.3.0.0@declaration_body#one-elem	sorting	declaration_body	one-elem	admitted		B7b-1	empty-interior	TPL=0,X=0:A;TPL=0,X=1:A;TPL=1,X=0:A;TPL=1,X=1:A	CONSISTENT
occ:sorting_value:0.0.3.0.0@declaration_body#one-elem+comments	sorting	declaration_body	one-elem+comments	admitted		B7b-1	empty-interior	TPL=0,X=0:A;TPL=0,X=1:A;TPL=1,X=0:A;TPL=1,X=1:A	CONSISTENT
occ:sorting_value:0.0.3.0.0@declaration_body#one-elem+not	sorting	declaration_body	one-elem+not	admitted		B7b-1	empty-interior	TPL=0,X=0:A;TPL=0,X=1:A;TPL=1,X=0:A;TPL=1,X=1:A	CONSISTENT
occ:sorting_value:0.0.3.0.0@declaration_body#sep-after	sorting	declaration_body	sep-after	admitted		B7b-1	empty-interior	TPL=0,X=0:A;TPL=0,X=1:A;TPL=1,X=0:A;TPL=1,X=1:A	CONSISTENT
occ:sorting_value:0.0.3.0.0@declaration_body#sep-after+comments	sorting	declaration_body	sep-after+comments	admitted		B7b-1	empty-interior	TPL=0,X=0:A;TPL=0,X=1:A;TPL=1,X=0:A;TPL=1,X=1:A	CONSISTENT
occ:sorting_value:0.0.3.0.0@declaration_body#sep-after+not	sorting	declaration_body	sep-after+not	admitted		B7b-1	empty-interior	TPL=0,X=0:A;TPL=0,X=1:A;TPL=1,X=0:A;TPL=1,X=1:A	CONSISTENT
occ:sorting_value:0.0.3.0.0@declaration_body#sep-before	sorting	declaration_body	sep-before	admitted		B7b-1	empty-interior	TPL=0,X=0:A;TPL=0,X=1:A;TPL=1,X=0:A;TPL=1,X=1:A	CONSISTENT
occ:sorting_value:0.0.3.0.0@declaration_body#sep-before+comments	sorting	declaration_body	sep-before+comments	admitted		B7b-1	empty-interior	TPL=0,X=0:A;TPL=0,X=1:A;TPL=1,X=0:A;TPL=1,X=1:A	CONSISTENT
occ:sorting_value:0.0.3.0.0@declaration_body#sep-before+not	sorting	declaration_body	sep-before+not	admitted		B7b-1	empty-interior	TPL=0,X=0:A;TPL=0,X=1:A;TPL=1,X=0:A;TPL=1,X=1:A	CONSISTENT
occ:sorting_value:0.0.3.0.0@declaration_body#sep-before-end	sorting	declaration_body	sep-before-end	admitted		B7b-1	empty-interior	TPL=0,X=0:A;TPL=0,X=1:A;TPL=1,X=0:A;TPL=1,X=1:A	CONSISTENT
occ:sorting_value:0.0.3.0.0@declaration_body#sep-before-end+comments	sorting	declaration_body	sep-before-end+comments	admitted		B7b-1	empty-interior	TPL=0,X=0:A;TPL=0,X=1:A;TPL=1,X=0:A;TPL=1,X=1:A	CONSISTENT
occ:sorting_value:0.0.3.0.0@declaration_body#sep-before-end+not	sorting	declaration_body	sep-before-end+not	admitted		B7b-1	empty-interior	TPL=0,X=0:A;TPL=0,X=1:A;TPL=1,X=0:A;TPL=1,X=1:A	CONSISTENT
occ:sorting_value:0.0.3.0.0@declaration_body#sep-only	sorting	declaration_body	sep-only	admitted		B7b-1	empty-interior	TPL=0,X=0:A;TPL=0,X=1:A;TPL=1,X=0:A;TPL=1,X=1:A	CONSISTENT
occ:sorting_value:0.0.3.0.0@declaration_body#sep-only+comments	sorting	declaration_body	sep-only+comments	admitted		B7b-1	empty-interior	TPL=0,X=0:A;TPL=0,X=1:A;TPL=1,X=0:A;TPL=1,X=1:A	CONSISTENT
occ:sorting_value:0.0.3.0.0@declaration_body#sep-only+not	sorting	declaration_body	sep-only+not	admitted		B7b-1	empty-interior	TPL=0,X=0:A;TPL=0,X=1:A;TPL=1,X=0:A;TPL=1,X=1:A	CONSISTENT
occ:sorting_value:0.0.3.0.0@declaration_body#trail	sorting	declaration_body	trail	admitted		B7b-1	empty-interior	TPL=0,X=0:A;TPL=0,X=1:A;TPL=1,X=0:R;TPL=1,X=1:A	MIXED:TPL=0,X=0:CONSISTENT;TPL=0,X=1:CONSISTENT;TPL=1,X=0:REJECTED/semantic/over-accepts;TPL=1,X=1:CONSISTENT
occ:sorting_value:0.0.3.0.0@declaration_body#trail+comments	sorting	declaration_body	trail+comments	admitted		B7b-1	empty-interior	TPL=0,X=0:A;TPL=0,X=1:A;TPL=1,X=0:R;TPL=1,X=1:A	MIXED:TPL=0,X=0:CONSISTENT;TPL=0,X=1:CONSISTENT;TPL=1,X=0:REJECTED/semantic/over-accepts;TPL=1,X=1:CONSISTENT
occ:sorting_value:0.0.3.0.0@declaration_body#trail+not	sorting	declaration_body	trail+not	admitted		B7b-1	empty-interior	TPL=0,X=0:A;TPL=0,X=1:A;TPL=1,X=0:A;TPL=1,X=1:R	MIXED:TPL=0,X=0:CONSISTENT;TPL=0,X=1:CONSISTENT;TPL=1,X=0:CONSISTENT;TPL=1,X=1:REJECTED/semantic/over-accepts
occ:sorting_value:0.0.3.0.0@preproc_conditional#adjacent-compl	sorting	preproc_conditional	adjacent-compl	admitted		B7b-1	empty-interior	TPL=0,TPL2=0,X=0:A;TPL=0,TPL2=0,X=1:A;TPL=0,TPL2=1,X=0:A;TPL=0,TPL2=1,X=1:A;TPL=1,TPL2=0,X=0:A;TPL=1,TPL2=0,X=1:A;TPL=1,TPL2=1,X=0:A;TPL=1,TPL2=1,X=1:A	CONSISTENT
occ:sorting_value:0.0.3.0.0@preproc_conditional#adjacent-compl+comments	sorting	preproc_conditional	adjacent-compl+comments	admitted		B7b-1	empty-interior	TPL=0,TPL2=0,X=0:A;TPL=0,TPL2=0,X=1:A;TPL=0,TPL2=1,X=0:A;TPL=0,TPL2=1,X=1:A;TPL=1,TPL2=0,X=0:A;TPL=1,TPL2=0,X=1:A;TPL=1,TPL2=1,X=0:A;TPL=1,TPL2=1,X=1:A	CONSISTENT
occ:sorting_value:0.0.3.0.0@preproc_conditional#adjacent-compl+not	sorting	preproc_conditional	adjacent-compl+not	admitted		B7b-1	empty-interior	TPL=0,TPL2=0,X=0:A;TPL=0,TPL2=0,X=1:A;TPL=0,TPL2=1,X=0:A;TPL=0,TPL2=1,X=1:A;TPL=1,TPL2=0,X=0:A;TPL=1,TPL2=0,X=1:A;TPL=1,TPL2=1,X=0:A;TPL=1,TPL2=1,X=1:A	CONSISTENT
occ:sorting_value:0.0.3.0.0@preproc_conditional#adjacent-indep	sorting	preproc_conditional	adjacent-indep	admitted		B7b-1	empty-interior	TPL=0,TPL2=0,X=0,Y=0:A;TPL=0,TPL2=0,X=0,Y=1:A;TPL=0,TPL2=0,X=1,Y=0:A;TPL=0,TPL2=0,X=1,Y=1:A;TPL=0,TPL2=1,X=0,Y=0:A;TPL=0,TPL2=1,X=0,Y=1:A;TPL=0,TPL2=1,X=1,Y=0:A;TPL=0,TPL2=1,X=1,Y=1:A;TPL=1,TPL2=0,X=0,Y=0:A;TPL=1,TPL2=0,X=0,Y=1:A;TPL=1,TPL2=0,X=1,Y=0:A;TPL=1,TPL2=0,X=1,Y=1:A;TPL=1,TPL2=1,X=0,Y=0:A;TPL=1,TPL2=1,X=0,Y=1:A;TPL=1,TPL2=1,X=1,Y=0:A;TPL=1,TPL2=1,X=1,Y=1:A	CONSISTENT
occ:sorting_value:0.0.3.0.0@preproc_conditional#adjacent-indep+comments	sorting	preproc_conditional	adjacent-indep+comments	admitted		B7b-1	empty-interior	TPL=0,TPL2=0,X=0,Y=0:A;TPL=0,TPL2=0,X=0,Y=1:A;TPL=0,TPL2=0,X=1,Y=0:A;TPL=0,TPL2=0,X=1,Y=1:A;TPL=0,TPL2=1,X=0,Y=0:A;TPL=0,TPL2=1,X=0,Y=1:A;TPL=0,TPL2=1,X=1,Y=0:A;TPL=0,TPL2=1,X=1,Y=1:A;TPL=1,TPL2=0,X=0,Y=0:A;TPL=1,TPL2=0,X=0,Y=1:A;TPL=1,TPL2=0,X=1,Y=0:A;TPL=1,TPL2=0,X=1,Y=1:A;TPL=1,TPL2=1,X=0,Y=0:A;TPL=1,TPL2=1,X=0,Y=1:A;TPL=1,TPL2=1,X=1,Y=0:A;TPL=1,TPL2=1,X=1,Y=1:A	CONSISTENT
occ:sorting_value:0.0.3.0.0@preproc_conditional#adjacent-indep+not	sorting	preproc_conditional	adjacent-indep+not	admitted		B7b-1	empty-interior	TPL=0,TPL2=0,X=0,Y=0:A;TPL=0,TPL2=0,X=0,Y=1:A;TPL=0,TPL2=0,X=1,Y=0:A;TPL=0,TPL2=0,X=1,Y=1:A;TPL=0,TPL2=1,X=0,Y=0:A;TPL=0,TPL2=1,X=0,Y=1:A;TPL=0,TPL2=1,X=1,Y=0:A;TPL=0,TPL2=1,X=1,Y=1:A;TPL=1,TPL2=0,X=0,Y=0:A;TPL=1,TPL2=0,X=0,Y=1:A;TPL=1,TPL2=0,X=1,Y=0:A;TPL=1,TPL2=0,X=1,Y=1:A;TPL=1,TPL2=1,X=0,Y=0:A;TPL=1,TPL2=1,X=0,Y=1:A;TPL=1,TPL2=1,X=1,Y=0:A;TPL=1,TPL2=1,X=1,Y=1:A	CONSISTENT
occ:sorting_value:0.0.3.0.0@preproc_conditional#both-in-arm	sorting	preproc_conditional	both-in-arm	admitted		B7b-1	empty-interior	TPL=0,TPL2=0,X=0:A;TPL=0,TPL2=0,X=1:A;TPL=0,TPL2=1,X=0:A;TPL=0,TPL2=1,X=1:A;TPL=1,TPL2=0,X=0:A;TPL=1,TPL2=0,X=1:A;TPL=1,TPL2=1,X=0:A;TPL=1,TPL2=1,X=1:A	CONSISTENT
occ:sorting_value:0.0.3.0.0@preproc_conditional#both-in-arm+comments	sorting	preproc_conditional	both-in-arm+comments	admitted		B7b-1	empty-interior	TPL=0,TPL2=0,X=0:A;TPL=0,TPL2=0,X=1:A;TPL=0,TPL2=1,X=0:A;TPL=0,TPL2=1,X=1:A;TPL=1,TPL2=0,X=0:A;TPL=1,TPL2=0,X=1:A;TPL=1,TPL2=1,X=0:A;TPL=1,TPL2=1,X=1:A	CONSISTENT
occ:sorting_value:0.0.3.0.0@preproc_conditional#both-in-arm+not	sorting	preproc_conditional	both-in-arm+not	admitted		B7b-1	empty-interior	TPL=0,TPL2=0,X=0:A;TPL=0,TPL2=0,X=1:A;TPL=0,TPL2=1,X=0:A;TPL=0,TPL2=1,X=1:A;TPL=1,TPL2=0,X=0:A;TPL=1,TPL2=0,X=1:A;TPL=1,TPL2=1,X=0:A;TPL=1,TPL2=1,X=1:A	CONSISTENT
occ:sorting_value:0.0.3.0.0@preproc_conditional#count-differs	sorting	preproc_conditional	count-differs	admitted		B7b-1	empty-interior	TPL=0,TPL2=0,X=0:A;TPL=0,TPL2=0,X=1:A;TPL=0,TPL2=1,X=0:A;TPL=0,TPL2=1,X=1:A;TPL=1,TPL2=0,X=0:A;TPL=1,TPL2=0,X=1:A;TPL=1,TPL2=1,X=0:A;TPL=1,TPL2=1,X=1:A	CONSISTENT
occ:sorting_value:0.0.3.0.0@preproc_conditional#count-differs+comments	sorting	preproc_conditional	count-differs+comments	admitted		B7b-1	empty-interior	TPL=0,TPL2=0,X=0:A;TPL=0,TPL2=0,X=1:A;TPL=0,TPL2=1,X=0:A;TPL=0,TPL2=1,X=1:A;TPL=1,TPL2=0,X=0:A;TPL=1,TPL2=0,X=1:A;TPL=1,TPL2=1,X=0:A;TPL=1,TPL2=1,X=1:A	CONSISTENT
occ:sorting_value:0.0.3.0.0@preproc_conditional#count-differs+not	sorting	preproc_conditional	count-differs+not	admitted		B7b-1	empty-interior	TPL=0,TPL2=0,X=0:A;TPL=0,TPL2=0,X=1:A;TPL=0,TPL2=1,X=0:A;TPL=0,TPL2=1,X=1:A;TPL=1,TPL2=0,X=0:A;TPL=1,TPL2=0,X=1:A;TPL=1,TPL2=1,X=0:A;TPL=1,TPL2=1,X=1:A	CONSISTENT
occ:sorting_value:0.0.3.0.0@preproc_conditional#elif	sorting	preproc_conditional	elif	admitted		B7b-1	empty-interior	TPL=0,TPL2=0,X=0,Y=0:A;TPL=0,TPL2=0,X=0,Y=1:A;TPL=0,TPL2=0,X=1,Y=0:A;TPL=0,TPL2=0,X=1,Y=1:A;TPL=0,TPL2=1,X=0,Y=0:A;TPL=0,TPL2=1,X=0,Y=1:A;TPL=0,TPL2=1,X=1,Y=0:A;TPL=0,TPL2=1,X=1,Y=1:A;TPL=1,TPL2=0,X=0,Y=0:A;TPL=1,TPL2=0,X=0,Y=1:A;TPL=1,TPL2=0,X=1,Y=0:A;TPL=1,TPL2=0,X=1,Y=1:A;TPL=1,TPL2=1,X=0,Y=0:A;TPL=1,TPL2=1,X=0,Y=1:A;TPL=1,TPL2=1,X=1,Y=0:A;TPL=1,TPL2=1,X=1,Y=1:A	CONSISTENT
occ:sorting_value:0.0.3.0.0@preproc_conditional#elif+comments	sorting	preproc_conditional	elif+comments	admitted		B7b-1	empty-interior	TPL=0,TPL2=0,X=0,Y=0:A;TPL=0,TPL2=0,X=0,Y=1:A;TPL=0,TPL2=0,X=1,Y=0:A;TPL=0,TPL2=0,X=1,Y=1:A;TPL=0,TPL2=1,X=0,Y=0:A;TPL=0,TPL2=1,X=0,Y=1:A;TPL=0,TPL2=1,X=1,Y=0:A;TPL=0,TPL2=1,X=1,Y=1:A;TPL=1,TPL2=0,X=0,Y=0:A;TPL=1,TPL2=0,X=0,Y=1:A;TPL=1,TPL2=0,X=1,Y=0:A;TPL=1,TPL2=0,X=1,Y=1:A;TPL=1,TPL2=1,X=0,Y=0:A;TPL=1,TPL2=1,X=0,Y=1:A;TPL=1,TPL2=1,X=1,Y=0:A;TPL=1,TPL2=1,X=1,Y=1:A	CONSISTENT
occ:sorting_value:0.0.3.0.0@preproc_conditional#elif+not	sorting	preproc_conditional	elif+not	admitted		B7b-1	empty-interior	TPL=0,TPL2=0,X=0,Y=0:A;TPL=0,TPL2=0,X=0,Y=1:A;TPL=0,TPL2=0,X=1,Y=0:A;TPL=0,TPL2=0,X=1,Y=1:A;TPL=0,TPL2=1,X=0,Y=0:A;TPL=0,TPL2=1,X=0,Y=1:A;TPL=0,TPL2=1,X=1,Y=0:A;TPL=0,TPL2=1,X=1,Y=1:A;TPL=1,TPL2=0,X=0,Y=0:A;TPL=1,TPL2=0,X=0,Y=1:A;TPL=1,TPL2=0,X=1,Y=0:A;TPL=1,TPL2=0,X=1,Y=1:A;TPL=1,TPL2=1,X=0,Y=0:A;TPL=1,TPL2=1,X=0,Y=1:A;TPL=1,TPL2=1,X=1,Y=0:A;TPL=1,TPL2=1,X=1,Y=1:A	CONSISTENT
occ:sorting_value:0.0.3.0.0@preproc_conditional#empty	sorting	preproc_conditional	empty	admitted		B7b-1	empty-interior	TPL=0,TPL2=0,X=0:A;TPL=0,TPL2=0,X=1:A;TPL=0,TPL2=1,X=0:A;TPL=0,TPL2=1,X=1:A;TPL=1,TPL2=0,X=0:A;TPL=1,TPL2=0,X=1:A;TPL=1,TPL2=1,X=0:A;TPL=1,TPL2=1,X=1:A	CONSISTENT
occ:sorting_value:0.0.3.0.0@preproc_conditional#empty+comments	sorting	preproc_conditional	empty+comments	admitted		B7b-1	empty-interior	TPL=0,TPL2=0,X=0:A;TPL=0,TPL2=0,X=1:A;TPL=0,TPL2=1,X=0:A;TPL=0,TPL2=1,X=1:A;TPL=1,TPL2=0,X=0:A;TPL=1,TPL2=0,X=1:A;TPL=1,TPL2=1,X=0:A;TPL=1,TPL2=1,X=1:A	CONSISTENT
occ:sorting_value:0.0.3.0.0@preproc_conditional#empty+not	sorting	preproc_conditional	empty+not	admitted		B7b-1	empty-interior	TPL=0,TPL2=0,X=0:A;TPL=0,TPL2=0,X=1:A;TPL=0,TPL2=1,X=0:A;TPL=0,TPL2=1,X=1:A;TPL=1,TPL2=0,X=0:A;TPL=1,TPL2=0,X=1:A;TPL=1,TPL2=1,X=0:A;TPL=1,TPL2=1,X=1:A	CONSISTENT
occ:sorting_value:0.0.3.0.0@preproc_conditional#empty-list	sorting	preproc_conditional	empty-list	admitted		B7b-1	empty-interior	TPL=0,TPL2=0,X=0:A;TPL=0,TPL2=0,X=1:A;TPL=0,TPL2=1,X=0:A;TPL=0,TPL2=1,X=1:A;TPL=1,TPL2=0,X=0:A;TPL=1,TPL2=0,X=1:A;TPL=1,TPL2=1,X=0:A;TPL=1,TPL2=1,X=1:A	CONSISTENT
occ:sorting_value:0.0.3.0.0@preproc_conditional#empty-list+comments	sorting	preproc_conditional	empty-list+comments	admitted		B7b-1	empty-interior	TPL=0,TPL2=0,X=0:A;TPL=0,TPL2=0,X=1:A;TPL=0,TPL2=1,X=0:A;TPL=0,TPL2=1,X=1:A;TPL=1,TPL2=0,X=0:A;TPL=1,TPL2=0,X=1:A;TPL=1,TPL2=1,X=0:A;TPL=1,TPL2=1,X=1:A	CONSISTENT
occ:sorting_value:0.0.3.0.0@preproc_conditional#empty-list+not	sorting	preproc_conditional	empty-list+not	admitted		B7b-1	empty-interior	TPL=0,TPL2=0,X=0:A;TPL=0,TPL2=0,X=1:A;TPL=0,TPL2=1,X=0:A;TPL=0,TPL2=1,X=1:A;TPL=1,TPL2=0,X=0:A;TPL=1,TPL2=0,X=1:A;TPL=1,TPL2=1,X=0:A;TPL=1,TPL2=1,X=1:A	CONSISTENT
occ:sorting_value:0.0.3.0.0@preproc_conditional#first-replace	sorting	preproc_conditional	first-replace	admitted		B7b-1	empty-interior	TPL=0,TPL2=0,X=0:A;TPL=0,TPL2=0,X=1:A;TPL=0,TPL2=1,X=0:A;TPL=0,TPL2=1,X=1:A;TPL=1,TPL2=0,X=0:A;TPL=1,TPL2=0,X=1:A;TPL=1,TPL2=1,X=0:A;TPL=1,TPL2=1,X=1:A	CONSISTENT
occ:sorting_value:0.0.3.0.0@preproc_conditional#first-replace+comments	sorting	preproc_conditional	first-replace+comments	admitted		B7b-1	empty-interior	TPL=0,TPL2=0,X=0:A;TPL=0,TPL2=0,X=1:A;TPL=0,TPL2=1,X=0:A;TPL=0,TPL2=1,X=1:A;TPL=1,TPL2=0,X=0:A;TPL=1,TPL2=0,X=1:A;TPL=1,TPL2=1,X=0:A;TPL=1,TPL2=1,X=1:A	CONSISTENT
occ:sorting_value:0.0.3.0.0@preproc_conditional#first-replace+not	sorting	preproc_conditional	first-replace+not	admitted		B7b-1	empty-interior	TPL=0,TPL2=0,X=0:A;TPL=0,TPL2=0,X=1:A;TPL=0,TPL2=1,X=0:A;TPL=0,TPL2=1,X=1:A;TPL=1,TPL2=0,X=0:A;TPL=1,TPL2=0,X=1:A;TPL=1,TPL2=1,X=0:A;TPL=1,TPL2=1,X=1:A	CONSISTENT
occ:sorting_value:0.0.3.0.0@preproc_conditional#holes-lead	sorting	preproc_conditional	holes-lead	admitted		B7b-1	empty-interior	TPL=0,TPL2=0,X=0:A;TPL=0,TPL2=0,X=1:A;TPL=0,TPL2=1,X=0:A;TPL=0,TPL2=1,X=1:A;TPL=1,TPL2=0,X=0:A;TPL=1,TPL2=0,X=1:A;TPL=1,TPL2=1,X=0:A;TPL=1,TPL2=1,X=1:R	MIXED:TPL=0,TPL2=0,X=0:CONSISTENT;TPL=0,TPL2=0,X=1:CONSISTENT;TPL=0,TPL2=1,X=0:CONSISTENT;TPL=0,TPL2=1,X=1:CONSISTENT;TPL=1,TPL2=0,X=0:CONSISTENT;TPL=1,TPL2=0,X=1:CONSISTENT;TPL=1,TPL2=1,X=0:CONSISTENT;TPL=1,TPL2=1,X=1:REJECTED/syntax/over-accepts
occ:sorting_value:0.0.3.0.0@preproc_conditional#holes-lead+comments	sorting	preproc_conditional	holes-lead+comments	admitted		B7b-1	empty-interior	TPL=0,TPL2=0,X=0:A;TPL=0,TPL2=0,X=1:A;TPL=0,TPL2=1,X=0:A;TPL=0,TPL2=1,X=1:A;TPL=1,TPL2=0,X=0:A;TPL=1,TPL2=0,X=1:A;TPL=1,TPL2=1,X=0:A;TPL=1,TPL2=1,X=1:R	MIXED:TPL=0,TPL2=0,X=0:CONSISTENT;TPL=0,TPL2=0,X=1:CONSISTENT;TPL=0,TPL2=1,X=0:CONSISTENT;TPL=0,TPL2=1,X=1:CONSISTENT;TPL=1,TPL2=0,X=0:CONSISTENT;TPL=1,TPL2=0,X=1:CONSISTENT;TPL=1,TPL2=1,X=0:CONSISTENT;TPL=1,TPL2=1,X=1:REJECTED/syntax/over-accepts
occ:sorting_value:0.0.3.0.0@preproc_conditional#holes-lead+not	sorting	preproc_conditional	holes-lead+not	admitted		B7b-1	empty-interior	TPL=0,TPL2=0,X=0:A;TPL=0,TPL2=0,X=1:A;TPL=0,TPL2=1,X=0:A;TPL=0,TPL2=1,X=1:A;TPL=1,TPL2=0,X=0:A;TPL=1,TPL2=0,X=1:A;TPL=1,TPL2=1,X=0:R;TPL=1,TPL2=1,X=1:A	MIXED:TPL=0,TPL2=0,X=0:CONSISTENT;TPL=0,TPL2=0,X=1:CONSISTENT;TPL=0,TPL2=1,X=0:CONSISTENT;TPL=0,TPL2=1,X=1:CONSISTENT;TPL=1,TPL2=0,X=0:CONSISTENT;TPL=1,TPL2=0,X=1:CONSISTENT;TPL=1,TPL2=1,X=0:REJECTED/syntax/over-accepts;TPL=1,TPL2=1,X=1:CONSISTENT
occ:sorting_value:0.0.3.0.0@preproc_conditional#holes-mid	sorting	preproc_conditional	holes-mid	admitted		B7b-1	empty-interior	TPL=0,TPL2=0,X=0:A;TPL=0,TPL2=0,X=1:A;TPL=0,TPL2=1,X=0:A;TPL=0,TPL2=1,X=1:A;TPL=1,TPL2=0,X=0:A;TPL=1,TPL2=0,X=1:A;TPL=1,TPL2=1,X=0:A;TPL=1,TPL2=1,X=1:R	MIXED:TPL=0,TPL2=0,X=0:CONSISTENT;TPL=0,TPL2=0,X=1:CONSISTENT;TPL=0,TPL2=1,X=0:CONSISTENT;TPL=0,TPL2=1,X=1:CONSISTENT;TPL=1,TPL2=0,X=0:CONSISTENT;TPL=1,TPL2=0,X=1:CONSISTENT;TPL=1,TPL2=1,X=0:CONSISTENT;TPL=1,TPL2=1,X=1:REJECTED/syntax/over-accepts
occ:sorting_value:0.0.3.0.0@preproc_conditional#holes-mid+comments	sorting	preproc_conditional	holes-mid+comments	admitted		B7b-1	empty-interior	TPL=0,TPL2=0,X=0:A;TPL=0,TPL2=0,X=1:A;TPL=0,TPL2=1,X=0:A;TPL=0,TPL2=1,X=1:A;TPL=1,TPL2=0,X=0:A;TPL=1,TPL2=0,X=1:A;TPL=1,TPL2=1,X=0:A;TPL=1,TPL2=1,X=1:R	MIXED:TPL=0,TPL2=0,X=0:CONSISTENT;TPL=0,TPL2=0,X=1:CONSISTENT;TPL=0,TPL2=1,X=0:CONSISTENT;TPL=0,TPL2=1,X=1:CONSISTENT;TPL=1,TPL2=0,X=0:CONSISTENT;TPL=1,TPL2=0,X=1:CONSISTENT;TPL=1,TPL2=1,X=0:CONSISTENT;TPL=1,TPL2=1,X=1:REJECTED/syntax/over-accepts
occ:sorting_value:0.0.3.0.0@preproc_conditional#holes-mid+not	sorting	preproc_conditional	holes-mid+not	admitted		B7b-1	empty-interior	TPL=0,TPL2=0,X=0:A;TPL=0,TPL2=0,X=1:A;TPL=0,TPL2=1,X=0:A;TPL=0,TPL2=1,X=1:A;TPL=1,TPL2=0,X=0:A;TPL=1,TPL2=0,X=1:A;TPL=1,TPL2=1,X=0:R;TPL=1,TPL2=1,X=1:A	MIXED:TPL=0,TPL2=0,X=0:CONSISTENT;TPL=0,TPL2=0,X=1:CONSISTENT;TPL=0,TPL2=1,X=0:CONSISTENT;TPL=0,TPL2=1,X=1:CONSISTENT;TPL=1,TPL2=0,X=0:CONSISTENT;TPL=1,TPL2=0,X=1:CONSISTENT;TPL=1,TPL2=1,X=0:REJECTED/syntax/over-accepts;TPL=1,TPL2=1,X=1:CONSISTENT
occ:sorting_value:0.0.3.0.0@preproc_conditional#holes-trail	sorting	preproc_conditional	holes-trail	admitted		B7b-1	empty-interior	TPL=0,TPL2=0,X=0:A;TPL=0,TPL2=0,X=1:A;TPL=0,TPL2=1,X=0:A;TPL=0,TPL2=1,X=1:A;TPL=1,TPL2=0,X=0:A;TPL=1,TPL2=0,X=1:A;TPL=1,TPL2=1,X=0:A;TPL=1,TPL2=1,X=1:R	MIXED:TPL=0,TPL2=0,X=0:CONSISTENT;TPL=0,TPL2=0,X=1:CONSISTENT;TPL=0,TPL2=1,X=0:CONSISTENT;TPL=0,TPL2=1,X=1:CONSISTENT;TPL=1,TPL2=0,X=0:CONSISTENT;TPL=1,TPL2=0,X=1:CONSISTENT;TPL=1,TPL2=1,X=0:CONSISTENT;TPL=1,TPL2=1,X=1:REJECTED/semantic/over-accepts
occ:sorting_value:0.0.3.0.0@preproc_conditional#holes-trail+comments	sorting	preproc_conditional	holes-trail+comments	admitted		B7b-1	empty-interior	TPL=0,TPL2=0,X=0:A;TPL=0,TPL2=0,X=1:A;TPL=0,TPL2=1,X=0:A;TPL=0,TPL2=1,X=1:A;TPL=1,TPL2=0,X=0:A;TPL=1,TPL2=0,X=1:A;TPL=1,TPL2=1,X=0:A;TPL=1,TPL2=1,X=1:R	MIXED:TPL=0,TPL2=0,X=0:CONSISTENT;TPL=0,TPL2=0,X=1:CONSISTENT;TPL=0,TPL2=1,X=0:CONSISTENT;TPL=0,TPL2=1,X=1:CONSISTENT;TPL=1,TPL2=0,X=0:CONSISTENT;TPL=1,TPL2=0,X=1:CONSISTENT;TPL=1,TPL2=1,X=0:CONSISTENT;TPL=1,TPL2=1,X=1:REJECTED/semantic/over-accepts
occ:sorting_value:0.0.3.0.0@preproc_conditional#holes-trail+not	sorting	preproc_conditional	holes-trail+not	admitted		B7b-1	empty-interior	TPL=0,TPL2=0,X=0:A;TPL=0,TPL2=0,X=1:A;TPL=0,TPL2=1,X=0:A;TPL=0,TPL2=1,X=1:A;TPL=1,TPL2=0,X=0:A;TPL=1,TPL2=0,X=1:A;TPL=1,TPL2=1,X=0:R;TPL=1,TPL2=1,X=1:A	MIXED:TPL=0,TPL2=0,X=0:CONSISTENT;TPL=0,TPL2=0,X=1:CONSISTENT;TPL=0,TPL2=1,X=0:CONSISTENT;TPL=0,TPL2=1,X=1:CONSISTENT;TPL=1,TPL2=0,X=0:CONSISTENT;TPL=1,TPL2=0,X=1:CONSISTENT;TPL=1,TPL2=1,X=0:REJECTED/semantic/over-accepts;TPL=1,TPL2=1,X=1:CONSISTENT
occ:sorting_value:0.0.3.0.0@preproc_conditional#lead-optional	sorting	preproc_conditional	lead-optional	admitted		B7b-1	empty-interior	TPL=0,TPL2=0,X=0:A;TPL=0,TPL2=0,X=1:A;TPL=0,TPL2=1,X=0:A;TPL=0,TPL2=1,X=1:A;TPL=1,TPL2=0,X=0:A;TPL=1,TPL2=0,X=1:A;TPL=1,TPL2=1,X=0:A;TPL=1,TPL2=1,X=1:A	CONSISTENT
occ:sorting_value:0.0.3.0.0@preproc_conditional#lead-optional+comments	sorting	preproc_conditional	lead-optional+comments	admitted		B7b-1	empty-interior	TPL=0,TPL2=0,X=0:A;TPL=0,TPL2=0,X=1:A;TPL=0,TPL2=1,X=0:A;TPL=0,TPL2=1,X=1:A;TPL=1,TPL2=0,X=0:A;TPL=1,TPL2=0,X=1:A;TPL=1,TPL2=1,X=0:A;TPL=1,TPL2=1,X=1:A	CONSISTENT
occ:sorting_value:0.0.3.0.0@preproc_conditional#lead-optional+not	sorting	preproc_conditional	lead-optional+not	admitted		B7b-1	empty-interior	TPL=0,TPL2=0,X=0:A;TPL=0,TPL2=0,X=1:A;TPL=0,TPL2=1,X=0:A;TPL=0,TPL2=1,X=1:A;TPL=1,TPL2=0,X=0:A;TPL=1,TPL2=0,X=1:A;TPL=1,TPL2=1,X=0:A;TPL=1,TPL2=1,X=1:A	CONSISTENT
occ:sorting_value:0.0.3.0.0@preproc_conditional#nested	sorting	preproc_conditional	nested	admitted		B7b-1	empty-interior	TPL=0,TPL2=0,X=0,Y=0:A;TPL=0,TPL2=0,X=0,Y=1:A;TPL=0,TPL2=0,X=1,Y=0:A;TPL=0,TPL2=0,X=1,Y=1:A;TPL=0,TPL2=1,X=0,Y=0:A;TPL=0,TPL2=1,X=0,Y=1:A;TPL=0,TPL2=1,X=1,Y=0:A;TPL=0,TPL2=1,X=1,Y=1:A;TPL=1,TPL2=0,X=0,Y=0:A;TPL=1,TPL2=0,X=0,Y=1:A;TPL=1,TPL2=0,X=1,Y=0:A;TPL=1,TPL2=0,X=1,Y=1:A;TPL=1,TPL2=1,X=0,Y=0:A;TPL=1,TPL2=1,X=0,Y=1:A;TPL=1,TPL2=1,X=1,Y=0:A;TPL=1,TPL2=1,X=1,Y=1:A	CONSISTENT
occ:sorting_value:0.0.3.0.0@preproc_conditional#nested+comments	sorting	preproc_conditional	nested+comments	admitted		B7b-1	empty-interior	TPL=0,TPL2=0,X=0,Y=0:A;TPL=0,TPL2=0,X=0,Y=1:A;TPL=0,TPL2=0,X=1,Y=0:A;TPL=0,TPL2=0,X=1,Y=1:A;TPL=0,TPL2=1,X=0,Y=0:A;TPL=0,TPL2=1,X=0,Y=1:A;TPL=0,TPL2=1,X=1,Y=0:A;TPL=0,TPL2=1,X=1,Y=1:A;TPL=1,TPL2=0,X=0,Y=0:A;TPL=1,TPL2=0,X=0,Y=1:A;TPL=1,TPL2=0,X=1,Y=0:A;TPL=1,TPL2=0,X=1,Y=1:A;TPL=1,TPL2=1,X=0,Y=0:A;TPL=1,TPL2=1,X=0,Y=1:A;TPL=1,TPL2=1,X=1,Y=0:A;TPL=1,TPL2=1,X=1,Y=1:A	CONSISTENT
occ:sorting_value:0.0.3.0.0@preproc_conditional#nested+not	sorting	preproc_conditional	nested+not	admitted		B7b-1	empty-interior	TPL=0,TPL2=0,X=0,Y=0:A;TPL=0,TPL2=0,X=0,Y=1:A;TPL=0,TPL2=0,X=1,Y=0:A;TPL=0,TPL2=0,X=1,Y=1:A;TPL=0,TPL2=1,X=0,Y=0:A;TPL=0,TPL2=1,X=0,Y=1:A;TPL=0,TPL2=1,X=1,Y=0:A;TPL=0,TPL2=1,X=1,Y=1:A;TPL=1,TPL2=0,X=0,Y=0:A;TPL=1,TPL2=0,X=0,Y=1:A;TPL=1,TPL2=0,X=1,Y=0:A;TPL=1,TPL2=0,X=1,Y=1:A;TPL=1,TPL2=1,X=0,Y=0:A;TPL=1,TPL2=1,X=0,Y=1:A;TPL=1,TPL2=1,X=1,Y=0:A;TPL=1,TPL2=1,X=1,Y=1:A	CONSISTENT
occ:sorting_value:0.0.3.0.0@preproc_conditional#one-elem	sorting	preproc_conditional	one-elem	admitted		B7b-1	empty-interior	TPL=0,TPL2=0,X=0:A;TPL=0,TPL2=0,X=1:A;TPL=0,TPL2=1,X=0:A;TPL=0,TPL2=1,X=1:A;TPL=1,TPL2=0,X=0:A;TPL=1,TPL2=0,X=1:A;TPL=1,TPL2=1,X=0:A;TPL=1,TPL2=1,X=1:A	CONSISTENT
occ:sorting_value:0.0.3.0.0@preproc_conditional#one-elem+comments	sorting	preproc_conditional	one-elem+comments	admitted		B7b-1	empty-interior	TPL=0,TPL2=0,X=0:A;TPL=0,TPL2=0,X=1:A;TPL=0,TPL2=1,X=0:A;TPL=0,TPL2=1,X=1:A;TPL=1,TPL2=0,X=0:A;TPL=1,TPL2=0,X=1:A;TPL=1,TPL2=1,X=0:A;TPL=1,TPL2=1,X=1:A	CONSISTENT
occ:sorting_value:0.0.3.0.0@preproc_conditional#one-elem+not	sorting	preproc_conditional	one-elem+not	admitted		B7b-1	empty-interior	TPL=0,TPL2=0,X=0:A;TPL=0,TPL2=0,X=1:A;TPL=0,TPL2=1,X=0:A;TPL=0,TPL2=1,X=1:A;TPL=1,TPL2=0,X=0:A;TPL=1,TPL2=0,X=1:A;TPL=1,TPL2=1,X=0:A;TPL=1,TPL2=1,X=1:A	CONSISTENT
occ:sorting_value:0.0.3.0.0@preproc_conditional#sep-after	sorting	preproc_conditional	sep-after	admitted		B7b-1	empty-interior	TPL=0,TPL2=0,X=0:A;TPL=0,TPL2=0,X=1:A;TPL=0,TPL2=1,X=0:A;TPL=0,TPL2=1,X=1:A;TPL=1,TPL2=0,X=0:A;TPL=1,TPL2=0,X=1:A;TPL=1,TPL2=1,X=0:A;TPL=1,TPL2=1,X=1:A	CONSISTENT
occ:sorting_value:0.0.3.0.0@preproc_conditional#sep-after+comments	sorting	preproc_conditional	sep-after+comments	admitted		B7b-1	empty-interior	TPL=0,TPL2=0,X=0:A;TPL=0,TPL2=0,X=1:A;TPL=0,TPL2=1,X=0:A;TPL=0,TPL2=1,X=1:A;TPL=1,TPL2=0,X=0:A;TPL=1,TPL2=0,X=1:A;TPL=1,TPL2=1,X=0:A;TPL=1,TPL2=1,X=1:A	CONSISTENT
occ:sorting_value:0.0.3.0.0@preproc_conditional#sep-after+not	sorting	preproc_conditional	sep-after+not	admitted		B7b-1	empty-interior	TPL=0,TPL2=0,X=0:A;TPL=0,TPL2=0,X=1:A;TPL=0,TPL2=1,X=0:A;TPL=0,TPL2=1,X=1:A;TPL=1,TPL2=0,X=0:A;TPL=1,TPL2=0,X=1:A;TPL=1,TPL2=1,X=0:A;TPL=1,TPL2=1,X=1:A	CONSISTENT
occ:sorting_value:0.0.3.0.0@preproc_conditional#sep-before	sorting	preproc_conditional	sep-before	admitted		B7b-1	empty-interior	TPL=0,TPL2=0,X=0:A;TPL=0,TPL2=0,X=1:A;TPL=0,TPL2=1,X=0:A;TPL=0,TPL2=1,X=1:A;TPL=1,TPL2=0,X=0:A;TPL=1,TPL2=0,X=1:A;TPL=1,TPL2=1,X=0:A;TPL=1,TPL2=1,X=1:A	CONSISTENT
occ:sorting_value:0.0.3.0.0@preproc_conditional#sep-before+comments	sorting	preproc_conditional	sep-before+comments	admitted		B7b-1	empty-interior	TPL=0,TPL2=0,X=0:A;TPL=0,TPL2=0,X=1:A;TPL=0,TPL2=1,X=0:A;TPL=0,TPL2=1,X=1:A;TPL=1,TPL2=0,X=0:A;TPL=1,TPL2=0,X=1:A;TPL=1,TPL2=1,X=0:A;TPL=1,TPL2=1,X=1:A	CONSISTENT
occ:sorting_value:0.0.3.0.0@preproc_conditional#sep-before+not	sorting	preproc_conditional	sep-before+not	admitted		B7b-1	empty-interior	TPL=0,TPL2=0,X=0:A;TPL=0,TPL2=0,X=1:A;TPL=0,TPL2=1,X=0:A;TPL=0,TPL2=1,X=1:A;TPL=1,TPL2=0,X=0:A;TPL=1,TPL2=0,X=1:A;TPL=1,TPL2=1,X=0:A;TPL=1,TPL2=1,X=1:A	CONSISTENT
occ:sorting_value:0.0.3.0.0@preproc_conditional#sep-before-end	sorting	preproc_conditional	sep-before-end	admitted		B7b-1	empty-interior	TPL=0,TPL2=0,X=0:A;TPL=0,TPL2=0,X=1:A;TPL=0,TPL2=1,X=0:A;TPL=0,TPL2=1,X=1:A;TPL=1,TPL2=0,X=0:A;TPL=1,TPL2=0,X=1:A;TPL=1,TPL2=1,X=0:A;TPL=1,TPL2=1,X=1:A	CONSISTENT
occ:sorting_value:0.0.3.0.0@preproc_conditional#sep-before-end+comments	sorting	preproc_conditional	sep-before-end+comments	admitted		B7b-1	empty-interior	TPL=0,TPL2=0,X=0:A;TPL=0,TPL2=0,X=1:A;TPL=0,TPL2=1,X=0:A;TPL=0,TPL2=1,X=1:A;TPL=1,TPL2=0,X=0:A;TPL=1,TPL2=0,X=1:A;TPL=1,TPL2=1,X=0:A;TPL=1,TPL2=1,X=1:A	CONSISTENT
occ:sorting_value:0.0.3.0.0@preproc_conditional#sep-before-end+not	sorting	preproc_conditional	sep-before-end+not	admitted		B7b-1	empty-interior	TPL=0,TPL2=0,X=0:A;TPL=0,TPL2=0,X=1:A;TPL=0,TPL2=1,X=0:A;TPL=0,TPL2=1,X=1:A;TPL=1,TPL2=0,X=0:A;TPL=1,TPL2=0,X=1:A;TPL=1,TPL2=1,X=0:A;TPL=1,TPL2=1,X=1:A	CONSISTENT
occ:sorting_value:0.0.3.0.0@preproc_conditional#sep-only	sorting	preproc_conditional	sep-only	admitted		B7b-1	empty-interior	TPL=0,TPL2=0,X=0:A;TPL=0,TPL2=0,X=1:A;TPL=0,TPL2=1,X=0:A;TPL=0,TPL2=1,X=1:A;TPL=1,TPL2=0,X=0:A;TPL=1,TPL2=0,X=1:A;TPL=1,TPL2=1,X=0:A;TPL=1,TPL2=1,X=1:A	CONSISTENT
occ:sorting_value:0.0.3.0.0@preproc_conditional#sep-only+comments	sorting	preproc_conditional	sep-only+comments	admitted		B7b-1	empty-interior	TPL=0,TPL2=0,X=0:A;TPL=0,TPL2=0,X=1:A;TPL=0,TPL2=1,X=0:A;TPL=0,TPL2=1,X=1:A;TPL=1,TPL2=0,X=0:A;TPL=1,TPL2=0,X=1:A;TPL=1,TPL2=1,X=0:A;TPL=1,TPL2=1,X=1:A	CONSISTENT
occ:sorting_value:0.0.3.0.0@preproc_conditional#sep-only+not	sorting	preproc_conditional	sep-only+not	admitted		B7b-1	empty-interior	TPL=0,TPL2=0,X=0:A;TPL=0,TPL2=0,X=1:A;TPL=0,TPL2=1,X=0:A;TPL=0,TPL2=1,X=1:A;TPL=1,TPL2=0,X=0:A;TPL=1,TPL2=0,X=1:A;TPL=1,TPL2=1,X=0:A;TPL=1,TPL2=1,X=1:A	CONSISTENT
occ:sorting_value:0.0.3.0.0@preproc_conditional#trail	sorting	preproc_conditional	trail	admitted		B7b-1	empty-interior	TPL=0,TPL2=0,X=0:A;TPL=0,TPL2=0,X=1:A;TPL=0,TPL2=1,X=0:A;TPL=0,TPL2=1,X=1:A;TPL=1,TPL2=0,X=0:A;TPL=1,TPL2=0,X=1:A;TPL=1,TPL2=1,X=0:R;TPL=1,TPL2=1,X=1:A	MIXED:TPL=0,TPL2=0,X=0:CONSISTENT;TPL=0,TPL2=0,X=1:CONSISTENT;TPL=0,TPL2=1,X=0:CONSISTENT;TPL=0,TPL2=1,X=1:CONSISTENT;TPL=1,TPL2=0,X=0:CONSISTENT;TPL=1,TPL2=0,X=1:CONSISTENT;TPL=1,TPL2=1,X=0:REJECTED/semantic/over-accepts;TPL=1,TPL2=1,X=1:CONSISTENT
occ:sorting_value:0.0.3.0.0@preproc_conditional#trail+comments	sorting	preproc_conditional	trail+comments	admitted		B7b-1	empty-interior	TPL=0,TPL2=0,X=0:A;TPL=0,TPL2=0,X=1:A;TPL=0,TPL2=1,X=0:A;TPL=0,TPL2=1,X=1:A;TPL=1,TPL2=0,X=0:A;TPL=1,TPL2=0,X=1:A;TPL=1,TPL2=1,X=0:R;TPL=1,TPL2=1,X=1:A	MIXED:TPL=0,TPL2=0,X=0:CONSISTENT;TPL=0,TPL2=0,X=1:CONSISTENT;TPL=0,TPL2=1,X=0:CONSISTENT;TPL=0,TPL2=1,X=1:CONSISTENT;TPL=1,TPL2=0,X=0:CONSISTENT;TPL=1,TPL2=0,X=1:CONSISTENT;TPL=1,TPL2=1,X=0:REJECTED/semantic/over-accepts;TPL=1,TPL2=1,X=1:CONSISTENT
occ:sorting_value:0.0.3.0.0@preproc_conditional#trail+not	sorting	preproc_conditional	trail+not	admitted		B7b-1	empty-interior	TPL=0,TPL2=0,X=0:A;TPL=0,TPL2=0,X=1:A;TPL=0,TPL2=1,X=0:A;TPL=0,TPL2=1,X=1:A;TPL=1,TPL2=0,X=0:A;TPL=1,TPL2=0,X=1:A;TPL=1,TPL2=1,X=0:A;TPL=1,TPL2=1,X=1:R	MIXED:TPL=0,TPL2=0,X=0:CONSISTENT;TPL=0,TPL2=0,X=1:CONSISTENT;TPL=0,TPL2=1,X=0:CONSISTENT;TPL=0,TPL2=1,X=1:CONSISTENT;TPL=1,TPL2=0,X=0:CONSISTENT;TPL=1,TPL2=0,X=1:CONSISTENT;TPL=1,TPL2=1,X=0:CONSISTENT;TPL=1,TPL2=1,X=1:REJECTED/semantic/over-accepts
occ:sorting_value:0.0.3.0.0@preproc_conditional_report#adjacent-compl	sorting	preproc_conditional_report	adjacent-compl	admitted		B7b-1	empty-interior	TPL=0,TPL2=0,X=0:A;TPL=0,TPL2=0,X=1:A;TPL=0,TPL2=1,X=0:A;TPL=0,TPL2=1,X=1:A;TPL=1,TPL2=0,X=0:A;TPL=1,TPL2=0,X=1:A;TPL=1,TPL2=1,X=0:A;TPL=1,TPL2=1,X=1:A	CONSISTENT
occ:sorting_value:0.0.3.0.0@preproc_conditional_report#adjacent-compl+comments	sorting	preproc_conditional_report	adjacent-compl+comments	admitted		B7b-1	empty-interior	TPL=0,TPL2=0,X=0:A;TPL=0,TPL2=0,X=1:A;TPL=0,TPL2=1,X=0:A;TPL=0,TPL2=1,X=1:A;TPL=1,TPL2=0,X=0:A;TPL=1,TPL2=0,X=1:A;TPL=1,TPL2=1,X=0:A;TPL=1,TPL2=1,X=1:A	CONSISTENT
occ:sorting_value:0.0.3.0.0@preproc_conditional_report#adjacent-compl+not	sorting	preproc_conditional_report	adjacent-compl+not	admitted		B7b-1	empty-interior	TPL=0,TPL2=0,X=0:A;TPL=0,TPL2=0,X=1:A;TPL=0,TPL2=1,X=0:A;TPL=0,TPL2=1,X=1:A;TPL=1,TPL2=0,X=0:A;TPL=1,TPL2=0,X=1:A;TPL=1,TPL2=1,X=0:A;TPL=1,TPL2=1,X=1:A	CONSISTENT
occ:sorting_value:0.0.3.0.0@preproc_conditional_report#adjacent-indep	sorting	preproc_conditional_report	adjacent-indep	admitted		B7b-1	empty-interior	TPL=0,TPL2=0,X=0,Y=0:A;TPL=0,TPL2=0,X=0,Y=1:A;TPL=0,TPL2=0,X=1,Y=0:A;TPL=0,TPL2=0,X=1,Y=1:A;TPL=0,TPL2=1,X=0,Y=0:A;TPL=0,TPL2=1,X=0,Y=1:A;TPL=0,TPL2=1,X=1,Y=0:A;TPL=0,TPL2=1,X=1,Y=1:A;TPL=1,TPL2=0,X=0,Y=0:A;TPL=1,TPL2=0,X=0,Y=1:A;TPL=1,TPL2=0,X=1,Y=0:A;TPL=1,TPL2=0,X=1,Y=1:A;TPL=1,TPL2=1,X=0,Y=0:A;TPL=1,TPL2=1,X=0,Y=1:A;TPL=1,TPL2=1,X=1,Y=0:A;TPL=1,TPL2=1,X=1,Y=1:A	CONSISTENT
occ:sorting_value:0.0.3.0.0@preproc_conditional_report#adjacent-indep+comments	sorting	preproc_conditional_report	adjacent-indep+comments	admitted		B7b-1	empty-interior	TPL=0,TPL2=0,X=0,Y=0:A;TPL=0,TPL2=0,X=0,Y=1:A;TPL=0,TPL2=0,X=1,Y=0:A;TPL=0,TPL2=0,X=1,Y=1:A;TPL=0,TPL2=1,X=0,Y=0:A;TPL=0,TPL2=1,X=0,Y=1:A;TPL=0,TPL2=1,X=1,Y=0:A;TPL=0,TPL2=1,X=1,Y=1:A;TPL=1,TPL2=0,X=0,Y=0:A;TPL=1,TPL2=0,X=0,Y=1:A;TPL=1,TPL2=0,X=1,Y=0:A;TPL=1,TPL2=0,X=1,Y=1:A;TPL=1,TPL2=1,X=0,Y=0:A;TPL=1,TPL2=1,X=0,Y=1:A;TPL=1,TPL2=1,X=1,Y=0:A;TPL=1,TPL2=1,X=1,Y=1:A	CONSISTENT
occ:sorting_value:0.0.3.0.0@preproc_conditional_report#adjacent-indep+not	sorting	preproc_conditional_report	adjacent-indep+not	admitted		B7b-1	empty-interior	TPL=0,TPL2=0,X=0,Y=0:A;TPL=0,TPL2=0,X=0,Y=1:A;TPL=0,TPL2=0,X=1,Y=0:A;TPL=0,TPL2=0,X=1,Y=1:A;TPL=0,TPL2=1,X=0,Y=0:A;TPL=0,TPL2=1,X=0,Y=1:A;TPL=0,TPL2=1,X=1,Y=0:A;TPL=0,TPL2=1,X=1,Y=1:A;TPL=1,TPL2=0,X=0,Y=0:A;TPL=1,TPL2=0,X=0,Y=1:A;TPL=1,TPL2=0,X=1,Y=0:A;TPL=1,TPL2=0,X=1,Y=1:A;TPL=1,TPL2=1,X=0,Y=0:A;TPL=1,TPL2=1,X=0,Y=1:A;TPL=1,TPL2=1,X=1,Y=0:A;TPL=1,TPL2=1,X=1,Y=1:A	CONSISTENT
occ:sorting_value:0.0.3.0.0@preproc_conditional_report#both-in-arm	sorting	preproc_conditional_report	both-in-arm	admitted		B7b-1	empty-interior	TPL=0,TPL2=0,X=0:A;TPL=0,TPL2=0,X=1:A;TPL=0,TPL2=1,X=0:A;TPL=0,TPL2=1,X=1:A;TPL=1,TPL2=0,X=0:A;TPL=1,TPL2=0,X=1:A;TPL=1,TPL2=1,X=0:A;TPL=1,TPL2=1,X=1:A	CONSISTENT
occ:sorting_value:0.0.3.0.0@preproc_conditional_report#both-in-arm+comments	sorting	preproc_conditional_report	both-in-arm+comments	admitted		B7b-1	empty-interior	TPL=0,TPL2=0,X=0:A;TPL=0,TPL2=0,X=1:A;TPL=0,TPL2=1,X=0:A;TPL=0,TPL2=1,X=1:A;TPL=1,TPL2=0,X=0:A;TPL=1,TPL2=0,X=1:A;TPL=1,TPL2=1,X=0:A;TPL=1,TPL2=1,X=1:A	CONSISTENT
occ:sorting_value:0.0.3.0.0@preproc_conditional_report#both-in-arm+not	sorting	preproc_conditional_report	both-in-arm+not	admitted		B7b-1	empty-interior	TPL=0,TPL2=0,X=0:A;TPL=0,TPL2=0,X=1:A;TPL=0,TPL2=1,X=0:A;TPL=0,TPL2=1,X=1:A;TPL=1,TPL2=0,X=0:A;TPL=1,TPL2=0,X=1:A;TPL=1,TPL2=1,X=0:A;TPL=1,TPL2=1,X=1:A	CONSISTENT
occ:sorting_value:0.0.3.0.0@preproc_conditional_report#count-differs	sorting	preproc_conditional_report	count-differs	admitted		B7b-1	empty-interior	TPL=0,TPL2=0,X=0:A;TPL=0,TPL2=0,X=1:A;TPL=0,TPL2=1,X=0:A;TPL=0,TPL2=1,X=1:A;TPL=1,TPL2=0,X=0:A;TPL=1,TPL2=0,X=1:A;TPL=1,TPL2=1,X=0:A;TPL=1,TPL2=1,X=1:A	CONSISTENT
occ:sorting_value:0.0.3.0.0@preproc_conditional_report#count-differs+comments	sorting	preproc_conditional_report	count-differs+comments	admitted		B7b-1	empty-interior	TPL=0,TPL2=0,X=0:A;TPL=0,TPL2=0,X=1:A;TPL=0,TPL2=1,X=0:A;TPL=0,TPL2=1,X=1:A;TPL=1,TPL2=0,X=0:A;TPL=1,TPL2=0,X=1:A;TPL=1,TPL2=1,X=0:A;TPL=1,TPL2=1,X=1:A	CONSISTENT
occ:sorting_value:0.0.3.0.0@preproc_conditional_report#count-differs+not	sorting	preproc_conditional_report	count-differs+not	admitted		B7b-1	empty-interior	TPL=0,TPL2=0,X=0:A;TPL=0,TPL2=0,X=1:A;TPL=0,TPL2=1,X=0:A;TPL=0,TPL2=1,X=1:A;TPL=1,TPL2=0,X=0:A;TPL=1,TPL2=0,X=1:A;TPL=1,TPL2=1,X=0:A;TPL=1,TPL2=1,X=1:A	CONSISTENT
occ:sorting_value:0.0.3.0.0@preproc_conditional_report#elif	sorting	preproc_conditional_report	elif	admitted		B7b-1	empty-interior	TPL=0,TPL2=0,X=0,Y=0:A;TPL=0,TPL2=0,X=0,Y=1:A;TPL=0,TPL2=0,X=1,Y=0:A;TPL=0,TPL2=0,X=1,Y=1:A;TPL=0,TPL2=1,X=0,Y=0:A;TPL=0,TPL2=1,X=0,Y=1:A;TPL=0,TPL2=1,X=1,Y=0:A;TPL=0,TPL2=1,X=1,Y=1:A;TPL=1,TPL2=0,X=0,Y=0:A;TPL=1,TPL2=0,X=0,Y=1:A;TPL=1,TPL2=0,X=1,Y=0:A;TPL=1,TPL2=0,X=1,Y=1:A;TPL=1,TPL2=1,X=0,Y=0:A;TPL=1,TPL2=1,X=0,Y=1:A;TPL=1,TPL2=1,X=1,Y=0:A;TPL=1,TPL2=1,X=1,Y=1:A	CONSISTENT
occ:sorting_value:0.0.3.0.0@preproc_conditional_report#elif+comments	sorting	preproc_conditional_report	elif+comments	admitted		B7b-1	empty-interior	TPL=0,TPL2=0,X=0,Y=0:A;TPL=0,TPL2=0,X=0,Y=1:A;TPL=0,TPL2=0,X=1,Y=0:A;TPL=0,TPL2=0,X=1,Y=1:A;TPL=0,TPL2=1,X=0,Y=0:A;TPL=0,TPL2=1,X=0,Y=1:A;TPL=0,TPL2=1,X=1,Y=0:A;TPL=0,TPL2=1,X=1,Y=1:A;TPL=1,TPL2=0,X=0,Y=0:A;TPL=1,TPL2=0,X=0,Y=1:A;TPL=1,TPL2=0,X=1,Y=0:A;TPL=1,TPL2=0,X=1,Y=1:A;TPL=1,TPL2=1,X=0,Y=0:A;TPL=1,TPL2=1,X=0,Y=1:A;TPL=1,TPL2=1,X=1,Y=0:A;TPL=1,TPL2=1,X=1,Y=1:A	CONSISTENT
occ:sorting_value:0.0.3.0.0@preproc_conditional_report#elif+not	sorting	preproc_conditional_report	elif+not	admitted		B7b-1	empty-interior	TPL=0,TPL2=0,X=0,Y=0:A;TPL=0,TPL2=0,X=0,Y=1:A;TPL=0,TPL2=0,X=1,Y=0:A;TPL=0,TPL2=0,X=1,Y=1:A;TPL=0,TPL2=1,X=0,Y=0:A;TPL=0,TPL2=1,X=0,Y=1:A;TPL=0,TPL2=1,X=1,Y=0:A;TPL=0,TPL2=1,X=1,Y=1:A;TPL=1,TPL2=0,X=0,Y=0:A;TPL=1,TPL2=0,X=0,Y=1:A;TPL=1,TPL2=0,X=1,Y=0:A;TPL=1,TPL2=0,X=1,Y=1:A;TPL=1,TPL2=1,X=0,Y=0:A;TPL=1,TPL2=1,X=0,Y=1:A;TPL=1,TPL2=1,X=1,Y=0:A;TPL=1,TPL2=1,X=1,Y=1:A	CONSISTENT
occ:sorting_value:0.0.3.0.0@preproc_conditional_report#empty	sorting	preproc_conditional_report	empty	admitted		B7b-1	empty-interior	TPL=0,TPL2=0,X=0:A;TPL=0,TPL2=0,X=1:A;TPL=0,TPL2=1,X=0:A;TPL=0,TPL2=1,X=1:A;TPL=1,TPL2=0,X=0:A;TPL=1,TPL2=0,X=1:A;TPL=1,TPL2=1,X=0:A;TPL=1,TPL2=1,X=1:A	CONSISTENT
occ:sorting_value:0.0.3.0.0@preproc_conditional_report#empty+comments	sorting	preproc_conditional_report	empty+comments	admitted		B7b-1	empty-interior	TPL=0,TPL2=0,X=0:A;TPL=0,TPL2=0,X=1:A;TPL=0,TPL2=1,X=0:A;TPL=0,TPL2=1,X=1:A;TPL=1,TPL2=0,X=0:A;TPL=1,TPL2=0,X=1:A;TPL=1,TPL2=1,X=0:A;TPL=1,TPL2=1,X=1:A	CONSISTENT
occ:sorting_value:0.0.3.0.0@preproc_conditional_report#empty+not	sorting	preproc_conditional_report	empty+not	admitted		B7b-1	empty-interior	TPL=0,TPL2=0,X=0:A;TPL=0,TPL2=0,X=1:A;TPL=0,TPL2=1,X=0:A;TPL=0,TPL2=1,X=1:A;TPL=1,TPL2=0,X=0:A;TPL=1,TPL2=0,X=1:A;TPL=1,TPL2=1,X=0:A;TPL=1,TPL2=1,X=1:A	CONSISTENT
occ:sorting_value:0.0.3.0.0@preproc_conditional_report#empty-list	sorting	preproc_conditional_report	empty-list	admitted		B7b-1	empty-interior	TPL=0,TPL2=0,X=0:A;TPL=0,TPL2=0,X=1:A;TPL=0,TPL2=1,X=0:A;TPL=0,TPL2=1,X=1:A;TPL=1,TPL2=0,X=0:A;TPL=1,TPL2=0,X=1:A;TPL=1,TPL2=1,X=0:A;TPL=1,TPL2=1,X=1:A	CONSISTENT
occ:sorting_value:0.0.3.0.0@preproc_conditional_report#empty-list+comments	sorting	preproc_conditional_report	empty-list+comments	admitted		B7b-1	empty-interior	TPL=0,TPL2=0,X=0:A;TPL=0,TPL2=0,X=1:A;TPL=0,TPL2=1,X=0:A;TPL=0,TPL2=1,X=1:A;TPL=1,TPL2=0,X=0:A;TPL=1,TPL2=0,X=1:A;TPL=1,TPL2=1,X=0:A;TPL=1,TPL2=1,X=1:A	CONSISTENT
occ:sorting_value:0.0.3.0.0@preproc_conditional_report#empty-list+not	sorting	preproc_conditional_report	empty-list+not	admitted		B7b-1	empty-interior	TPL=0,TPL2=0,X=0:A;TPL=0,TPL2=0,X=1:A;TPL=0,TPL2=1,X=0:A;TPL=0,TPL2=1,X=1:A;TPL=1,TPL2=0,X=0:A;TPL=1,TPL2=0,X=1:A;TPL=1,TPL2=1,X=0:A;TPL=1,TPL2=1,X=1:A	CONSISTENT
occ:sorting_value:0.0.3.0.0@preproc_conditional_report#first-replace	sorting	preproc_conditional_report	first-replace	admitted		B7b-1	empty-interior	TPL=0,TPL2=0,X=0:A;TPL=0,TPL2=0,X=1:A;TPL=0,TPL2=1,X=0:A;TPL=0,TPL2=1,X=1:A;TPL=1,TPL2=0,X=0:A;TPL=1,TPL2=0,X=1:A;TPL=1,TPL2=1,X=0:A;TPL=1,TPL2=1,X=1:A	CONSISTENT
occ:sorting_value:0.0.3.0.0@preproc_conditional_report#first-replace+comments	sorting	preproc_conditional_report	first-replace+comments	admitted		B7b-1	empty-interior	TPL=0,TPL2=0,X=0:A;TPL=0,TPL2=0,X=1:A;TPL=0,TPL2=1,X=0:A;TPL=0,TPL2=1,X=1:A;TPL=1,TPL2=0,X=0:A;TPL=1,TPL2=0,X=1:A;TPL=1,TPL2=1,X=0:A;TPL=1,TPL2=1,X=1:A	CONSISTENT
occ:sorting_value:0.0.3.0.0@preproc_conditional_report#first-replace+not	sorting	preproc_conditional_report	first-replace+not	admitted		B7b-1	empty-interior	TPL=0,TPL2=0,X=0:A;TPL=0,TPL2=0,X=1:A;TPL=0,TPL2=1,X=0:A;TPL=0,TPL2=1,X=1:A;TPL=1,TPL2=0,X=0:A;TPL=1,TPL2=0,X=1:A;TPL=1,TPL2=1,X=0:A;TPL=1,TPL2=1,X=1:A	CONSISTENT
occ:sorting_value:0.0.3.0.0@preproc_conditional_report#holes-lead	sorting	preproc_conditional_report	holes-lead	admitted		B7b-1	empty-interior	TPL=0,TPL2=0,X=0:A;TPL=0,TPL2=0,X=1:A;TPL=0,TPL2=1,X=0:A;TPL=0,TPL2=1,X=1:A;TPL=1,TPL2=0,X=0:A;TPL=1,TPL2=0,X=1:A;TPL=1,TPL2=1,X=0:A;TPL=1,TPL2=1,X=1:R	MIXED:TPL=0,TPL2=0,X=0:CONSISTENT;TPL=0,TPL2=0,X=1:CONSISTENT;TPL=0,TPL2=1,X=0:CONSISTENT;TPL=0,TPL2=1,X=1:CONSISTENT;TPL=1,TPL2=0,X=0:CONSISTENT;TPL=1,TPL2=0,X=1:CONSISTENT;TPL=1,TPL2=1,X=0:CONSISTENT;TPL=1,TPL2=1,X=1:REJECTED/syntax/over-accepts
occ:sorting_value:0.0.3.0.0@preproc_conditional_report#holes-lead+comments	sorting	preproc_conditional_report	holes-lead+comments	admitted		B7b-1	empty-interior	TPL=0,TPL2=0,X=0:A;TPL=0,TPL2=0,X=1:A;TPL=0,TPL2=1,X=0:A;TPL=0,TPL2=1,X=1:A;TPL=1,TPL2=0,X=0:A;TPL=1,TPL2=0,X=1:A;TPL=1,TPL2=1,X=0:A;TPL=1,TPL2=1,X=1:R	MIXED:TPL=0,TPL2=0,X=0:CONSISTENT;TPL=0,TPL2=0,X=1:CONSISTENT;TPL=0,TPL2=1,X=0:CONSISTENT;TPL=0,TPL2=1,X=1:CONSISTENT;TPL=1,TPL2=0,X=0:CONSISTENT;TPL=1,TPL2=0,X=1:CONSISTENT;TPL=1,TPL2=1,X=0:CONSISTENT;TPL=1,TPL2=1,X=1:REJECTED/syntax/over-accepts
occ:sorting_value:0.0.3.0.0@preproc_conditional_report#holes-lead+not	sorting	preproc_conditional_report	holes-lead+not	admitted		B7b-1	empty-interior	TPL=0,TPL2=0,X=0:A;TPL=0,TPL2=0,X=1:A;TPL=0,TPL2=1,X=0:A;TPL=0,TPL2=1,X=1:A;TPL=1,TPL2=0,X=0:A;TPL=1,TPL2=0,X=1:A;TPL=1,TPL2=1,X=0:R;TPL=1,TPL2=1,X=1:A	MIXED:TPL=0,TPL2=0,X=0:CONSISTENT;TPL=0,TPL2=0,X=1:CONSISTENT;TPL=0,TPL2=1,X=0:CONSISTENT;TPL=0,TPL2=1,X=1:CONSISTENT;TPL=1,TPL2=0,X=0:CONSISTENT;TPL=1,TPL2=0,X=1:CONSISTENT;TPL=1,TPL2=1,X=0:REJECTED/syntax/over-accepts;TPL=1,TPL2=1,X=1:CONSISTENT
occ:sorting_value:0.0.3.0.0@preproc_conditional_report#holes-mid	sorting	preproc_conditional_report	holes-mid	admitted		B7b-1	empty-interior	TPL=0,TPL2=0,X=0:A;TPL=0,TPL2=0,X=1:A;TPL=0,TPL2=1,X=0:A;TPL=0,TPL2=1,X=1:A;TPL=1,TPL2=0,X=0:A;TPL=1,TPL2=0,X=1:A;TPL=1,TPL2=1,X=0:A;TPL=1,TPL2=1,X=1:R	MIXED:TPL=0,TPL2=0,X=0:CONSISTENT;TPL=0,TPL2=0,X=1:CONSISTENT;TPL=0,TPL2=1,X=0:CONSISTENT;TPL=0,TPL2=1,X=1:CONSISTENT;TPL=1,TPL2=0,X=0:CONSISTENT;TPL=1,TPL2=0,X=1:CONSISTENT;TPL=1,TPL2=1,X=0:CONSISTENT;TPL=1,TPL2=1,X=1:REJECTED/syntax/over-accepts
occ:sorting_value:0.0.3.0.0@preproc_conditional_report#holes-mid+comments	sorting	preproc_conditional_report	holes-mid+comments	admitted		B7b-1	empty-interior	TPL=0,TPL2=0,X=0:A;TPL=0,TPL2=0,X=1:A;TPL=0,TPL2=1,X=0:A;TPL=0,TPL2=1,X=1:A;TPL=1,TPL2=0,X=0:A;TPL=1,TPL2=0,X=1:A;TPL=1,TPL2=1,X=0:A;TPL=1,TPL2=1,X=1:R	MIXED:TPL=0,TPL2=0,X=0:CONSISTENT;TPL=0,TPL2=0,X=1:CONSISTENT;TPL=0,TPL2=1,X=0:CONSISTENT;TPL=0,TPL2=1,X=1:CONSISTENT;TPL=1,TPL2=0,X=0:CONSISTENT;TPL=1,TPL2=0,X=1:CONSISTENT;TPL=1,TPL2=1,X=0:CONSISTENT;TPL=1,TPL2=1,X=1:REJECTED/syntax/over-accepts
occ:sorting_value:0.0.3.0.0@preproc_conditional_report#holes-mid+not	sorting	preproc_conditional_report	holes-mid+not	admitted		B7b-1	empty-interior	TPL=0,TPL2=0,X=0:A;TPL=0,TPL2=0,X=1:A;TPL=0,TPL2=1,X=0:A;TPL=0,TPL2=1,X=1:A;TPL=1,TPL2=0,X=0:A;TPL=1,TPL2=0,X=1:A;TPL=1,TPL2=1,X=0:R;TPL=1,TPL2=1,X=1:A	MIXED:TPL=0,TPL2=0,X=0:CONSISTENT;TPL=0,TPL2=0,X=1:CONSISTENT;TPL=0,TPL2=1,X=0:CONSISTENT;TPL=0,TPL2=1,X=1:CONSISTENT;TPL=1,TPL2=0,X=0:CONSISTENT;TPL=1,TPL2=0,X=1:CONSISTENT;TPL=1,TPL2=1,X=0:REJECTED/syntax/over-accepts;TPL=1,TPL2=1,X=1:CONSISTENT
occ:sorting_value:0.0.3.0.0@preproc_conditional_report#holes-trail	sorting	preproc_conditional_report	holes-trail	admitted		B7b-1	empty-interior	TPL=0,TPL2=0,X=0:A;TPL=0,TPL2=0,X=1:A;TPL=0,TPL2=1,X=0:A;TPL=0,TPL2=1,X=1:A;TPL=1,TPL2=0,X=0:A;TPL=1,TPL2=0,X=1:A;TPL=1,TPL2=1,X=0:A;TPL=1,TPL2=1,X=1:R	MIXED:TPL=0,TPL2=0,X=0:CONSISTENT;TPL=0,TPL2=0,X=1:CONSISTENT;TPL=0,TPL2=1,X=0:CONSISTENT;TPL=0,TPL2=1,X=1:CONSISTENT;TPL=1,TPL2=0,X=0:CONSISTENT;TPL=1,TPL2=0,X=1:CONSISTENT;TPL=1,TPL2=1,X=0:CONSISTENT;TPL=1,TPL2=1,X=1:REJECTED/semantic/over-accepts
occ:sorting_value:0.0.3.0.0@preproc_conditional_report#holes-trail+comments	sorting	preproc_conditional_report	holes-trail+comments	admitted		B7b-1	empty-interior	TPL=0,TPL2=0,X=0:A;TPL=0,TPL2=0,X=1:A;TPL=0,TPL2=1,X=0:A;TPL=0,TPL2=1,X=1:A;TPL=1,TPL2=0,X=0:A;TPL=1,TPL2=0,X=1:A;TPL=1,TPL2=1,X=0:A;TPL=1,TPL2=1,X=1:R	MIXED:TPL=0,TPL2=0,X=0:CONSISTENT;TPL=0,TPL2=0,X=1:CONSISTENT;TPL=0,TPL2=1,X=0:CONSISTENT;TPL=0,TPL2=1,X=1:CONSISTENT;TPL=1,TPL2=0,X=0:CONSISTENT;TPL=1,TPL2=0,X=1:CONSISTENT;TPL=1,TPL2=1,X=0:CONSISTENT;TPL=1,TPL2=1,X=1:REJECTED/semantic/over-accepts
occ:sorting_value:0.0.3.0.0@preproc_conditional_report#holes-trail+not	sorting	preproc_conditional_report	holes-trail+not	admitted		B7b-1	empty-interior	TPL=0,TPL2=0,X=0:A;TPL=0,TPL2=0,X=1:A;TPL=0,TPL2=1,X=0:A;TPL=0,TPL2=1,X=1:A;TPL=1,TPL2=0,X=0:A;TPL=1,TPL2=0,X=1:A;TPL=1,TPL2=1,X=0:R;TPL=1,TPL2=1,X=1:A	MIXED:TPL=0,TPL2=0,X=0:CONSISTENT;TPL=0,TPL2=0,X=1:CONSISTENT;TPL=0,TPL2=1,X=0:CONSISTENT;TPL=0,TPL2=1,X=1:CONSISTENT;TPL=1,TPL2=0,X=0:CONSISTENT;TPL=1,TPL2=0,X=1:CONSISTENT;TPL=1,TPL2=1,X=0:REJECTED/semantic/over-accepts;TPL=1,TPL2=1,X=1:CONSISTENT
occ:sorting_value:0.0.3.0.0@preproc_conditional_report#lead-optional	sorting	preproc_conditional_report	lead-optional	admitted		B7b-1	empty-interior	TPL=0,TPL2=0,X=0:A;TPL=0,TPL2=0,X=1:A;TPL=0,TPL2=1,X=0:A;TPL=0,TPL2=1,X=1:A;TPL=1,TPL2=0,X=0:A;TPL=1,TPL2=0,X=1:A;TPL=1,TPL2=1,X=0:A;TPL=1,TPL2=1,X=1:A	CONSISTENT
occ:sorting_value:0.0.3.0.0@preproc_conditional_report#lead-optional+comments	sorting	preproc_conditional_report	lead-optional+comments	admitted		B7b-1	empty-interior	TPL=0,TPL2=0,X=0:A;TPL=0,TPL2=0,X=1:A;TPL=0,TPL2=1,X=0:A;TPL=0,TPL2=1,X=1:A;TPL=1,TPL2=0,X=0:A;TPL=1,TPL2=0,X=1:A;TPL=1,TPL2=1,X=0:A;TPL=1,TPL2=1,X=1:A	CONSISTENT
occ:sorting_value:0.0.3.0.0@preproc_conditional_report#lead-optional+not	sorting	preproc_conditional_report	lead-optional+not	admitted		B7b-1	empty-interior	TPL=0,TPL2=0,X=0:A;TPL=0,TPL2=0,X=1:A;TPL=0,TPL2=1,X=0:A;TPL=0,TPL2=1,X=1:A;TPL=1,TPL2=0,X=0:A;TPL=1,TPL2=0,X=1:A;TPL=1,TPL2=1,X=0:A;TPL=1,TPL2=1,X=1:A	CONSISTENT
occ:sorting_value:0.0.3.0.0@preproc_conditional_report#nested	sorting	preproc_conditional_report	nested	admitted		B7b-1	empty-interior	TPL=0,TPL2=0,X=0,Y=0:A;TPL=0,TPL2=0,X=0,Y=1:A;TPL=0,TPL2=0,X=1,Y=0:A;TPL=0,TPL2=0,X=1,Y=1:A;TPL=0,TPL2=1,X=0,Y=0:A;TPL=0,TPL2=1,X=0,Y=1:A;TPL=0,TPL2=1,X=1,Y=0:A;TPL=0,TPL2=1,X=1,Y=1:A;TPL=1,TPL2=0,X=0,Y=0:A;TPL=1,TPL2=0,X=0,Y=1:A;TPL=1,TPL2=0,X=1,Y=0:A;TPL=1,TPL2=0,X=1,Y=1:A;TPL=1,TPL2=1,X=0,Y=0:A;TPL=1,TPL2=1,X=0,Y=1:A;TPL=1,TPL2=1,X=1,Y=0:A;TPL=1,TPL2=1,X=1,Y=1:A	CONSISTENT
occ:sorting_value:0.0.3.0.0@preproc_conditional_report#nested+comments	sorting	preproc_conditional_report	nested+comments	admitted		B7b-1	empty-interior	TPL=0,TPL2=0,X=0,Y=0:A;TPL=0,TPL2=0,X=0,Y=1:A;TPL=0,TPL2=0,X=1,Y=0:A;TPL=0,TPL2=0,X=1,Y=1:A;TPL=0,TPL2=1,X=0,Y=0:A;TPL=0,TPL2=1,X=0,Y=1:A;TPL=0,TPL2=1,X=1,Y=0:A;TPL=0,TPL2=1,X=1,Y=1:A;TPL=1,TPL2=0,X=0,Y=0:A;TPL=1,TPL2=0,X=0,Y=1:A;TPL=1,TPL2=0,X=1,Y=0:A;TPL=1,TPL2=0,X=1,Y=1:A;TPL=1,TPL2=1,X=0,Y=0:A;TPL=1,TPL2=1,X=0,Y=1:A;TPL=1,TPL2=1,X=1,Y=0:A;TPL=1,TPL2=1,X=1,Y=1:A	CONSISTENT
occ:sorting_value:0.0.3.0.0@preproc_conditional_report#nested+not	sorting	preproc_conditional_report	nested+not	admitted		B7b-1	empty-interior	TPL=0,TPL2=0,X=0,Y=0:A;TPL=0,TPL2=0,X=0,Y=1:A;TPL=0,TPL2=0,X=1,Y=0:A;TPL=0,TPL2=0,X=1,Y=1:A;TPL=0,TPL2=1,X=0,Y=0:A;TPL=0,TPL2=1,X=0,Y=1:A;TPL=0,TPL2=1,X=1,Y=0:A;TPL=0,TPL2=1,X=1,Y=1:A;TPL=1,TPL2=0,X=0,Y=0:A;TPL=1,TPL2=0,X=0,Y=1:A;TPL=1,TPL2=0,X=1,Y=0:A;TPL=1,TPL2=0,X=1,Y=1:A;TPL=1,TPL2=1,X=0,Y=0:A;TPL=1,TPL2=1,X=0,Y=1:A;TPL=1,TPL2=1,X=1,Y=0:A;TPL=1,TPL2=1,X=1,Y=1:A	CONSISTENT
occ:sorting_value:0.0.3.0.0@preproc_conditional_report#one-elem	sorting	preproc_conditional_report	one-elem	admitted		B7b-1	empty-interior	TPL=0,TPL2=0,X=0:A;TPL=0,TPL2=0,X=1:A;TPL=0,TPL2=1,X=0:A;TPL=0,TPL2=1,X=1:A;TPL=1,TPL2=0,X=0:A;TPL=1,TPL2=0,X=1:A;TPL=1,TPL2=1,X=0:A;TPL=1,TPL2=1,X=1:A	CONSISTENT
occ:sorting_value:0.0.3.0.0@preproc_conditional_report#one-elem+comments	sorting	preproc_conditional_report	one-elem+comments	admitted		B7b-1	empty-interior	TPL=0,TPL2=0,X=0:A;TPL=0,TPL2=0,X=1:A;TPL=0,TPL2=1,X=0:A;TPL=0,TPL2=1,X=1:A;TPL=1,TPL2=0,X=0:A;TPL=1,TPL2=0,X=1:A;TPL=1,TPL2=1,X=0:A;TPL=1,TPL2=1,X=1:A	CONSISTENT
occ:sorting_value:0.0.3.0.0@preproc_conditional_report#one-elem+not	sorting	preproc_conditional_report	one-elem+not	admitted		B7b-1	empty-interior	TPL=0,TPL2=0,X=0:A;TPL=0,TPL2=0,X=1:A;TPL=0,TPL2=1,X=0:A;TPL=0,TPL2=1,X=1:A;TPL=1,TPL2=0,X=0:A;TPL=1,TPL2=0,X=1:A;TPL=1,TPL2=1,X=0:A;TPL=1,TPL2=1,X=1:A	CONSISTENT
occ:sorting_value:0.0.3.0.0@preproc_conditional_report#sep-after	sorting	preproc_conditional_report	sep-after	admitted		B7b-1	empty-interior	TPL=0,TPL2=0,X=0:A;TPL=0,TPL2=0,X=1:A;TPL=0,TPL2=1,X=0:A;TPL=0,TPL2=1,X=1:A;TPL=1,TPL2=0,X=0:A;TPL=1,TPL2=0,X=1:A;TPL=1,TPL2=1,X=0:A;TPL=1,TPL2=1,X=1:A	CONSISTENT
occ:sorting_value:0.0.3.0.0@preproc_conditional_report#sep-after+comments	sorting	preproc_conditional_report	sep-after+comments	admitted		B7b-1	empty-interior	TPL=0,TPL2=0,X=0:A;TPL=0,TPL2=0,X=1:A;TPL=0,TPL2=1,X=0:A;TPL=0,TPL2=1,X=1:A;TPL=1,TPL2=0,X=0:A;TPL=1,TPL2=0,X=1:A;TPL=1,TPL2=1,X=0:A;TPL=1,TPL2=1,X=1:A	CONSISTENT
occ:sorting_value:0.0.3.0.0@preproc_conditional_report#sep-after+not	sorting	preproc_conditional_report	sep-after+not	admitted		B7b-1	empty-interior	TPL=0,TPL2=0,X=0:A;TPL=0,TPL2=0,X=1:A;TPL=0,TPL2=1,X=0:A;TPL=0,TPL2=1,X=1:A;TPL=1,TPL2=0,X=0:A;TPL=1,TPL2=0,X=1:A;TPL=1,TPL2=1,X=0:A;TPL=1,TPL2=1,X=1:A	CONSISTENT
occ:sorting_value:0.0.3.0.0@preproc_conditional_report#sep-before	sorting	preproc_conditional_report	sep-before	admitted		B7b-1	empty-interior	TPL=0,TPL2=0,X=0:A;TPL=0,TPL2=0,X=1:A;TPL=0,TPL2=1,X=0:A;TPL=0,TPL2=1,X=1:A;TPL=1,TPL2=0,X=0:A;TPL=1,TPL2=0,X=1:A;TPL=1,TPL2=1,X=0:A;TPL=1,TPL2=1,X=1:A	CONSISTENT
occ:sorting_value:0.0.3.0.0@preproc_conditional_report#sep-before+comments	sorting	preproc_conditional_report	sep-before+comments	admitted		B7b-1	empty-interior	TPL=0,TPL2=0,X=0:A;TPL=0,TPL2=0,X=1:A;TPL=0,TPL2=1,X=0:A;TPL=0,TPL2=1,X=1:A;TPL=1,TPL2=0,X=0:A;TPL=1,TPL2=0,X=1:A;TPL=1,TPL2=1,X=0:A;TPL=1,TPL2=1,X=1:A	CONSISTENT
occ:sorting_value:0.0.3.0.0@preproc_conditional_report#sep-before+not	sorting	preproc_conditional_report	sep-before+not	admitted		B7b-1	empty-interior	TPL=0,TPL2=0,X=0:A;TPL=0,TPL2=0,X=1:A;TPL=0,TPL2=1,X=0:A;TPL=0,TPL2=1,X=1:A;TPL=1,TPL2=0,X=0:A;TPL=1,TPL2=0,X=1:A;TPL=1,TPL2=1,X=0:A;TPL=1,TPL2=1,X=1:A	CONSISTENT
occ:sorting_value:0.0.3.0.0@preproc_conditional_report#sep-before-end	sorting	preproc_conditional_report	sep-before-end	admitted		B7b-1	empty-interior	TPL=0,TPL2=0,X=0:A;TPL=0,TPL2=0,X=1:A;TPL=0,TPL2=1,X=0:A;TPL=0,TPL2=1,X=1:A;TPL=1,TPL2=0,X=0:A;TPL=1,TPL2=0,X=1:A;TPL=1,TPL2=1,X=0:A;TPL=1,TPL2=1,X=1:A	CONSISTENT
occ:sorting_value:0.0.3.0.0@preproc_conditional_report#sep-before-end+comments	sorting	preproc_conditional_report	sep-before-end+comments	admitted		B7b-1	empty-interior	TPL=0,TPL2=0,X=0:A;TPL=0,TPL2=0,X=1:A;TPL=0,TPL2=1,X=0:A;TPL=0,TPL2=1,X=1:A;TPL=1,TPL2=0,X=0:A;TPL=1,TPL2=0,X=1:A;TPL=1,TPL2=1,X=0:A;TPL=1,TPL2=1,X=1:A	CONSISTENT
occ:sorting_value:0.0.3.0.0@preproc_conditional_report#sep-before-end+not	sorting	preproc_conditional_report	sep-before-end+not	admitted		B7b-1	empty-interior	TPL=0,TPL2=0,X=0:A;TPL=0,TPL2=0,X=1:A;TPL=0,TPL2=1,X=0:A;TPL=0,TPL2=1,X=1:A;TPL=1,TPL2=0,X=0:A;TPL=1,TPL2=0,X=1:A;TPL=1,TPL2=1,X=0:A;TPL=1,TPL2=1,X=1:A	CONSISTENT
occ:sorting_value:0.0.3.0.0@preproc_conditional_report#sep-only	sorting	preproc_conditional_report	sep-only	admitted		B7b-1	empty-interior	TPL=0,TPL2=0,X=0:A;TPL=0,TPL2=0,X=1:A;TPL=0,TPL2=1,X=0:A;TPL=0,TPL2=1,X=1:A;TPL=1,TPL2=0,X=0:A;TPL=1,TPL2=0,X=1:A;TPL=1,TPL2=1,X=0:A;TPL=1,TPL2=1,X=1:A	CONSISTENT
occ:sorting_value:0.0.3.0.0@preproc_conditional_report#sep-only+comments	sorting	preproc_conditional_report	sep-only+comments	admitted		B7b-1	empty-interior	TPL=0,TPL2=0,X=0:A;TPL=0,TPL2=0,X=1:A;TPL=0,TPL2=1,X=0:A;TPL=0,TPL2=1,X=1:A;TPL=1,TPL2=0,X=0:A;TPL=1,TPL2=0,X=1:A;TPL=1,TPL2=1,X=0:A;TPL=1,TPL2=1,X=1:A	CONSISTENT
occ:sorting_value:0.0.3.0.0@preproc_conditional_report#sep-only+not	sorting	preproc_conditional_report	sep-only+not	admitted		B7b-1	empty-interior	TPL=0,TPL2=0,X=0:A;TPL=0,TPL2=0,X=1:A;TPL=0,TPL2=1,X=0:A;TPL=0,TPL2=1,X=1:A;TPL=1,TPL2=0,X=0:A;TPL=1,TPL2=0,X=1:A;TPL=1,TPL2=1,X=0:A;TPL=1,TPL2=1,X=1:A	CONSISTENT
occ:sorting_value:0.0.3.0.0@preproc_conditional_report#trail	sorting	preproc_conditional_report	trail	admitted		B7b-1	empty-interior	TPL=0,TPL2=0,X=0:A;TPL=0,TPL2=0,X=1:A;TPL=0,TPL2=1,X=0:A;TPL=0,TPL2=1,X=1:A;TPL=1,TPL2=0,X=0:A;TPL=1,TPL2=0,X=1:A;TPL=1,TPL2=1,X=0:R;TPL=1,TPL2=1,X=1:A	MIXED:TPL=0,TPL2=0,X=0:CONSISTENT;TPL=0,TPL2=0,X=1:CONSISTENT;TPL=0,TPL2=1,X=0:CONSISTENT;TPL=0,TPL2=1,X=1:CONSISTENT;TPL=1,TPL2=0,X=0:CONSISTENT;TPL=1,TPL2=0,X=1:CONSISTENT;TPL=1,TPL2=1,X=0:REJECTED/semantic/over-accepts;TPL=1,TPL2=1,X=1:CONSISTENT
occ:sorting_value:0.0.3.0.0@preproc_conditional_report#trail+comments	sorting	preproc_conditional_report	trail+comments	admitted		B7b-1	empty-interior	TPL=0,TPL2=0,X=0:A;TPL=0,TPL2=0,X=1:A;TPL=0,TPL2=1,X=0:A;TPL=0,TPL2=1,X=1:A;TPL=1,TPL2=0,X=0:A;TPL=1,TPL2=0,X=1:A;TPL=1,TPL2=1,X=0:R;TPL=1,TPL2=1,X=1:A	MIXED:TPL=0,TPL2=0,X=0:CONSISTENT;TPL=0,TPL2=0,X=1:CONSISTENT;TPL=0,TPL2=1,X=0:CONSISTENT;TPL=0,TPL2=1,X=1:CONSISTENT;TPL=1,TPL2=0,X=0:CONSISTENT;TPL=1,TPL2=0,X=1:CONSISTENT;TPL=1,TPL2=1,X=0:REJECTED/semantic/over-accepts;TPL=1,TPL2=1,X=1:CONSISTENT
occ:sorting_value:0.0.3.0.0@preproc_conditional_report#trail+not	sorting	preproc_conditional_report	trail+not	admitted		B7b-1	empty-interior	TPL=0,TPL2=0,X=0:A;TPL=0,TPL2=0,X=1:A;TPL=0,TPL2=1,X=0:A;TPL=0,TPL2=1,X=1:A;TPL=1,TPL2=0,X=0:A;TPL=1,TPL2=0,X=1:A;TPL=1,TPL2=1,X=0:A;TPL=1,TPL2=1,X=1:R	MIXED:TPL=0,TPL2=0,X=0:CONSISTENT;TPL=0,TPL2=0,X=1:CONSISTENT;TPL=0,TPL2=1,X=0:CONSISTENT;TPL=0,TPL2=1,X=1:CONSISTENT;TPL=1,TPL2=0,X=0:CONSISTENT;TPL=1,TPL2=0,X=1:CONSISTENT;TPL=1,TPL2=1,X=0:CONSISTENT;TPL=1,TPL2=1,X=1:REJECTED/semantic/over-accepts
occ:sorting_value:0.0.3.0.0@preproc_conditional_xmlport#adjacent-compl	sorting	preproc_conditional_xmlport	adjacent-compl	admitted		B7b-1	empty-interior	TPL=0,TPL2=0,X=0:A;TPL=0,TPL2=0,X=1:A;TPL=0,TPL2=1,X=0:A;TPL=0,TPL2=1,X=1:A;TPL=1,TPL2=0,X=0:A;TPL=1,TPL2=0,X=1:A;TPL=1,TPL2=1,X=0:A;TPL=1,TPL2=1,X=1:A	CONSISTENT
occ:sorting_value:0.0.3.0.0@preproc_conditional_xmlport#adjacent-compl+comments	sorting	preproc_conditional_xmlport	adjacent-compl+comments	admitted		B7b-1	empty-interior	TPL=0,TPL2=0,X=0:A;TPL=0,TPL2=0,X=1:A;TPL=0,TPL2=1,X=0:A;TPL=0,TPL2=1,X=1:A;TPL=1,TPL2=0,X=0:A;TPL=1,TPL2=0,X=1:A;TPL=1,TPL2=1,X=0:A;TPL=1,TPL2=1,X=1:A	CONSISTENT
occ:sorting_value:0.0.3.0.0@preproc_conditional_xmlport#adjacent-compl+not	sorting	preproc_conditional_xmlport	adjacent-compl+not	admitted		B7b-1	empty-interior	TPL=0,TPL2=0,X=0:A;TPL=0,TPL2=0,X=1:A;TPL=0,TPL2=1,X=0:A;TPL=0,TPL2=1,X=1:A;TPL=1,TPL2=0,X=0:A;TPL=1,TPL2=0,X=1:A;TPL=1,TPL2=1,X=0:A;TPL=1,TPL2=1,X=1:A	CONSISTENT
occ:sorting_value:0.0.3.0.0@preproc_conditional_xmlport#adjacent-indep	sorting	preproc_conditional_xmlport	adjacent-indep	admitted		B7b-1	empty-interior	TPL=0,TPL2=0,X=0,Y=0:A;TPL=0,TPL2=0,X=0,Y=1:A;TPL=0,TPL2=0,X=1,Y=0:A;TPL=0,TPL2=0,X=1,Y=1:A;TPL=0,TPL2=1,X=0,Y=0:A;TPL=0,TPL2=1,X=0,Y=1:A;TPL=0,TPL2=1,X=1,Y=0:A;TPL=0,TPL2=1,X=1,Y=1:A;TPL=1,TPL2=0,X=0,Y=0:A;TPL=1,TPL2=0,X=0,Y=1:A;TPL=1,TPL2=0,X=1,Y=0:A;TPL=1,TPL2=0,X=1,Y=1:A;TPL=1,TPL2=1,X=0,Y=0:A;TPL=1,TPL2=1,X=0,Y=1:A;TPL=1,TPL2=1,X=1,Y=0:A;TPL=1,TPL2=1,X=1,Y=1:A	CONSISTENT
occ:sorting_value:0.0.3.0.0@preproc_conditional_xmlport#adjacent-indep+comments	sorting	preproc_conditional_xmlport	adjacent-indep+comments	admitted		B7b-1	empty-interior	TPL=0,TPL2=0,X=0,Y=0:A;TPL=0,TPL2=0,X=0,Y=1:A;TPL=0,TPL2=0,X=1,Y=0:A;TPL=0,TPL2=0,X=1,Y=1:A;TPL=0,TPL2=1,X=0,Y=0:A;TPL=0,TPL2=1,X=0,Y=1:A;TPL=0,TPL2=1,X=1,Y=0:A;TPL=0,TPL2=1,X=1,Y=1:A;TPL=1,TPL2=0,X=0,Y=0:A;TPL=1,TPL2=0,X=0,Y=1:A;TPL=1,TPL2=0,X=1,Y=0:A;TPL=1,TPL2=0,X=1,Y=1:A;TPL=1,TPL2=1,X=0,Y=0:A;TPL=1,TPL2=1,X=0,Y=1:A;TPL=1,TPL2=1,X=1,Y=0:A;TPL=1,TPL2=1,X=1,Y=1:A	CONSISTENT
occ:sorting_value:0.0.3.0.0@preproc_conditional_xmlport#adjacent-indep+not	sorting	preproc_conditional_xmlport	adjacent-indep+not	admitted		B7b-1	empty-interior	TPL=0,TPL2=0,X=0,Y=0:A;TPL=0,TPL2=0,X=0,Y=1:A;TPL=0,TPL2=0,X=1,Y=0:A;TPL=0,TPL2=0,X=1,Y=1:A;TPL=0,TPL2=1,X=0,Y=0:A;TPL=0,TPL2=1,X=0,Y=1:A;TPL=0,TPL2=1,X=1,Y=0:A;TPL=0,TPL2=1,X=1,Y=1:A;TPL=1,TPL2=0,X=0,Y=0:A;TPL=1,TPL2=0,X=0,Y=1:A;TPL=1,TPL2=0,X=1,Y=0:A;TPL=1,TPL2=0,X=1,Y=1:A;TPL=1,TPL2=1,X=0,Y=0:A;TPL=1,TPL2=1,X=0,Y=1:A;TPL=1,TPL2=1,X=1,Y=0:A;TPL=1,TPL2=1,X=1,Y=1:A	CONSISTENT
occ:sorting_value:0.0.3.0.0@preproc_conditional_xmlport#both-in-arm	sorting	preproc_conditional_xmlport	both-in-arm	admitted		B7b-1	empty-interior	TPL=0,TPL2=0,X=0:A;TPL=0,TPL2=0,X=1:A;TPL=0,TPL2=1,X=0:A;TPL=0,TPL2=1,X=1:A;TPL=1,TPL2=0,X=0:A;TPL=1,TPL2=0,X=1:A;TPL=1,TPL2=1,X=0:A;TPL=1,TPL2=1,X=1:A	CONSISTENT
occ:sorting_value:0.0.3.0.0@preproc_conditional_xmlport#both-in-arm+comments	sorting	preproc_conditional_xmlport	both-in-arm+comments	admitted		B7b-1	empty-interior	TPL=0,TPL2=0,X=0:A;TPL=0,TPL2=0,X=1:A;TPL=0,TPL2=1,X=0:A;TPL=0,TPL2=1,X=1:A;TPL=1,TPL2=0,X=0:A;TPL=1,TPL2=0,X=1:A;TPL=1,TPL2=1,X=0:A;TPL=1,TPL2=1,X=1:A	CONSISTENT
occ:sorting_value:0.0.3.0.0@preproc_conditional_xmlport#both-in-arm+not	sorting	preproc_conditional_xmlport	both-in-arm+not	admitted		B7b-1	empty-interior	TPL=0,TPL2=0,X=0:A;TPL=0,TPL2=0,X=1:A;TPL=0,TPL2=1,X=0:A;TPL=0,TPL2=1,X=1:A;TPL=1,TPL2=0,X=0:A;TPL=1,TPL2=0,X=1:A;TPL=1,TPL2=1,X=0:A;TPL=1,TPL2=1,X=1:A	CONSISTENT
occ:sorting_value:0.0.3.0.0@preproc_conditional_xmlport#count-differs	sorting	preproc_conditional_xmlport	count-differs	admitted		B7b-1	empty-interior	TPL=0,TPL2=0,X=0:A;TPL=0,TPL2=0,X=1:A;TPL=0,TPL2=1,X=0:A;TPL=0,TPL2=1,X=1:A;TPL=1,TPL2=0,X=0:A;TPL=1,TPL2=0,X=1:A;TPL=1,TPL2=1,X=0:A;TPL=1,TPL2=1,X=1:A	CONSISTENT
occ:sorting_value:0.0.3.0.0@preproc_conditional_xmlport#count-differs+comments	sorting	preproc_conditional_xmlport	count-differs+comments	admitted		B7b-1	empty-interior	TPL=0,TPL2=0,X=0:A;TPL=0,TPL2=0,X=1:A;TPL=0,TPL2=1,X=0:A;TPL=0,TPL2=1,X=1:A;TPL=1,TPL2=0,X=0:A;TPL=1,TPL2=0,X=1:A;TPL=1,TPL2=1,X=0:A;TPL=1,TPL2=1,X=1:A	CONSISTENT
occ:sorting_value:0.0.3.0.0@preproc_conditional_xmlport#count-differs+not	sorting	preproc_conditional_xmlport	count-differs+not	admitted		B7b-1	empty-interior	TPL=0,TPL2=0,X=0:A;TPL=0,TPL2=0,X=1:A;TPL=0,TPL2=1,X=0:A;TPL=0,TPL2=1,X=1:A;TPL=1,TPL2=0,X=0:A;TPL=1,TPL2=0,X=1:A;TPL=1,TPL2=1,X=0:A;TPL=1,TPL2=1,X=1:A	CONSISTENT
occ:sorting_value:0.0.3.0.0@preproc_conditional_xmlport#elif	sorting	preproc_conditional_xmlport	elif	admitted		B7b-1	empty-interior	TPL=0,TPL2=0,X=0,Y=0:A;TPL=0,TPL2=0,X=0,Y=1:A;TPL=0,TPL2=0,X=1,Y=0:A;TPL=0,TPL2=0,X=1,Y=1:A;TPL=0,TPL2=1,X=0,Y=0:A;TPL=0,TPL2=1,X=0,Y=1:A;TPL=0,TPL2=1,X=1,Y=0:A;TPL=0,TPL2=1,X=1,Y=1:A;TPL=1,TPL2=0,X=0,Y=0:A;TPL=1,TPL2=0,X=0,Y=1:A;TPL=1,TPL2=0,X=1,Y=0:A;TPL=1,TPL2=0,X=1,Y=1:A;TPL=1,TPL2=1,X=0,Y=0:A;TPL=1,TPL2=1,X=0,Y=1:A;TPL=1,TPL2=1,X=1,Y=0:A;TPL=1,TPL2=1,X=1,Y=1:A	CONSISTENT
occ:sorting_value:0.0.3.0.0@preproc_conditional_xmlport#elif+comments	sorting	preproc_conditional_xmlport	elif+comments	admitted		B7b-1	empty-interior	TPL=0,TPL2=0,X=0,Y=0:A;TPL=0,TPL2=0,X=0,Y=1:A;TPL=0,TPL2=0,X=1,Y=0:A;TPL=0,TPL2=0,X=1,Y=1:A;TPL=0,TPL2=1,X=0,Y=0:A;TPL=0,TPL2=1,X=0,Y=1:A;TPL=0,TPL2=1,X=1,Y=0:A;TPL=0,TPL2=1,X=1,Y=1:A;TPL=1,TPL2=0,X=0,Y=0:A;TPL=1,TPL2=0,X=0,Y=1:A;TPL=1,TPL2=0,X=1,Y=0:A;TPL=1,TPL2=0,X=1,Y=1:A;TPL=1,TPL2=1,X=0,Y=0:A;TPL=1,TPL2=1,X=0,Y=1:A;TPL=1,TPL2=1,X=1,Y=0:A;TPL=1,TPL2=1,X=1,Y=1:A	CONSISTENT
occ:sorting_value:0.0.3.0.0@preproc_conditional_xmlport#elif+not	sorting	preproc_conditional_xmlport	elif+not	admitted		B7b-1	empty-interior	TPL=0,TPL2=0,X=0,Y=0:A;TPL=0,TPL2=0,X=0,Y=1:A;TPL=0,TPL2=0,X=1,Y=0:A;TPL=0,TPL2=0,X=1,Y=1:A;TPL=0,TPL2=1,X=0,Y=0:A;TPL=0,TPL2=1,X=0,Y=1:A;TPL=0,TPL2=1,X=1,Y=0:A;TPL=0,TPL2=1,X=1,Y=1:A;TPL=1,TPL2=0,X=0,Y=0:A;TPL=1,TPL2=0,X=0,Y=1:A;TPL=1,TPL2=0,X=1,Y=0:A;TPL=1,TPL2=0,X=1,Y=1:A;TPL=1,TPL2=1,X=0,Y=0:A;TPL=1,TPL2=1,X=0,Y=1:A;TPL=1,TPL2=1,X=1,Y=0:A;TPL=1,TPL2=1,X=1,Y=1:A	CONSISTENT
occ:sorting_value:0.0.3.0.0@preproc_conditional_xmlport#empty	sorting	preproc_conditional_xmlport	empty	admitted		B7b-1	empty-interior	TPL=0,TPL2=0,X=0:A;TPL=0,TPL2=0,X=1:A;TPL=0,TPL2=1,X=0:A;TPL=0,TPL2=1,X=1:A;TPL=1,TPL2=0,X=0:A;TPL=1,TPL2=0,X=1:A;TPL=1,TPL2=1,X=0:A;TPL=1,TPL2=1,X=1:A	CONSISTENT
occ:sorting_value:0.0.3.0.0@preproc_conditional_xmlport#empty+comments	sorting	preproc_conditional_xmlport	empty+comments	admitted		B7b-1	empty-interior	TPL=0,TPL2=0,X=0:A;TPL=0,TPL2=0,X=1:A;TPL=0,TPL2=1,X=0:A;TPL=0,TPL2=1,X=1:A;TPL=1,TPL2=0,X=0:A;TPL=1,TPL2=0,X=1:A;TPL=1,TPL2=1,X=0:A;TPL=1,TPL2=1,X=1:A	CONSISTENT
occ:sorting_value:0.0.3.0.0@preproc_conditional_xmlport#empty+not	sorting	preproc_conditional_xmlport	empty+not	admitted		B7b-1	empty-interior	TPL=0,TPL2=0,X=0:A;TPL=0,TPL2=0,X=1:A;TPL=0,TPL2=1,X=0:A;TPL=0,TPL2=1,X=1:A;TPL=1,TPL2=0,X=0:A;TPL=1,TPL2=0,X=1:A;TPL=1,TPL2=1,X=0:A;TPL=1,TPL2=1,X=1:A	CONSISTENT
occ:sorting_value:0.0.3.0.0@preproc_conditional_xmlport#empty-list	sorting	preproc_conditional_xmlport	empty-list	admitted		B7b-1	empty-interior	TPL=0,TPL2=0,X=0:A;TPL=0,TPL2=0,X=1:A;TPL=0,TPL2=1,X=0:A;TPL=0,TPL2=1,X=1:A;TPL=1,TPL2=0,X=0:A;TPL=1,TPL2=0,X=1:A;TPL=1,TPL2=1,X=0:A;TPL=1,TPL2=1,X=1:A	CONSISTENT
occ:sorting_value:0.0.3.0.0@preproc_conditional_xmlport#empty-list+comments	sorting	preproc_conditional_xmlport	empty-list+comments	admitted		B7b-1	empty-interior	TPL=0,TPL2=0,X=0:A;TPL=0,TPL2=0,X=1:A;TPL=0,TPL2=1,X=0:A;TPL=0,TPL2=1,X=1:A;TPL=1,TPL2=0,X=0:A;TPL=1,TPL2=0,X=1:A;TPL=1,TPL2=1,X=0:A;TPL=1,TPL2=1,X=1:A	CONSISTENT
occ:sorting_value:0.0.3.0.0@preproc_conditional_xmlport#empty-list+not	sorting	preproc_conditional_xmlport	empty-list+not	admitted		B7b-1	empty-interior	TPL=0,TPL2=0,X=0:A;TPL=0,TPL2=0,X=1:A;TPL=0,TPL2=1,X=0:A;TPL=0,TPL2=1,X=1:A;TPL=1,TPL2=0,X=0:A;TPL=1,TPL2=0,X=1:A;TPL=1,TPL2=1,X=0:A;TPL=1,TPL2=1,X=1:A	CONSISTENT
occ:sorting_value:0.0.3.0.0@preproc_conditional_xmlport#first-replace	sorting	preproc_conditional_xmlport	first-replace	admitted		B7b-1	empty-interior	TPL=0,TPL2=0,X=0:A;TPL=0,TPL2=0,X=1:A;TPL=0,TPL2=1,X=0:A;TPL=0,TPL2=1,X=1:A;TPL=1,TPL2=0,X=0:A;TPL=1,TPL2=0,X=1:A;TPL=1,TPL2=1,X=0:A;TPL=1,TPL2=1,X=1:A	CONSISTENT
occ:sorting_value:0.0.3.0.0@preproc_conditional_xmlport#first-replace+comments	sorting	preproc_conditional_xmlport	first-replace+comments	admitted		B7b-1	empty-interior	TPL=0,TPL2=0,X=0:A;TPL=0,TPL2=0,X=1:A;TPL=0,TPL2=1,X=0:A;TPL=0,TPL2=1,X=1:A;TPL=1,TPL2=0,X=0:A;TPL=1,TPL2=0,X=1:A;TPL=1,TPL2=1,X=0:A;TPL=1,TPL2=1,X=1:A	CONSISTENT
occ:sorting_value:0.0.3.0.0@preproc_conditional_xmlport#first-replace+not	sorting	preproc_conditional_xmlport	first-replace+not	admitted		B7b-1	empty-interior	TPL=0,TPL2=0,X=0:A;TPL=0,TPL2=0,X=1:A;TPL=0,TPL2=1,X=0:A;TPL=0,TPL2=1,X=1:A;TPL=1,TPL2=0,X=0:A;TPL=1,TPL2=0,X=1:A;TPL=1,TPL2=1,X=0:A;TPL=1,TPL2=1,X=1:A	CONSISTENT
occ:sorting_value:0.0.3.0.0@preproc_conditional_xmlport#holes-lead	sorting	preproc_conditional_xmlport	holes-lead	admitted		B7b-1	empty-interior	TPL=0,TPL2=0,X=0:A;TPL=0,TPL2=0,X=1:A;TPL=0,TPL2=1,X=0:A;TPL=0,TPL2=1,X=1:A;TPL=1,TPL2=0,X=0:A;TPL=1,TPL2=0,X=1:A;TPL=1,TPL2=1,X=0:A;TPL=1,TPL2=1,X=1:R	MIXED:TPL=0,TPL2=0,X=0:CONSISTENT;TPL=0,TPL2=0,X=1:CONSISTENT;TPL=0,TPL2=1,X=0:CONSISTENT;TPL=0,TPL2=1,X=1:CONSISTENT;TPL=1,TPL2=0,X=0:CONSISTENT;TPL=1,TPL2=0,X=1:CONSISTENT;TPL=1,TPL2=1,X=0:CONSISTENT;TPL=1,TPL2=1,X=1:REJECTED/syntax/over-accepts
occ:sorting_value:0.0.3.0.0@preproc_conditional_xmlport#holes-lead+comments	sorting	preproc_conditional_xmlport	holes-lead+comments	admitted		B7b-1	empty-interior	TPL=0,TPL2=0,X=0:A;TPL=0,TPL2=0,X=1:A;TPL=0,TPL2=1,X=0:A;TPL=0,TPL2=1,X=1:A;TPL=1,TPL2=0,X=0:A;TPL=1,TPL2=0,X=1:A;TPL=1,TPL2=1,X=0:A;TPL=1,TPL2=1,X=1:R	MIXED:TPL=0,TPL2=0,X=0:CONSISTENT;TPL=0,TPL2=0,X=1:CONSISTENT;TPL=0,TPL2=1,X=0:CONSISTENT;TPL=0,TPL2=1,X=1:CONSISTENT;TPL=1,TPL2=0,X=0:CONSISTENT;TPL=1,TPL2=0,X=1:CONSISTENT;TPL=1,TPL2=1,X=0:CONSISTENT;TPL=1,TPL2=1,X=1:REJECTED/syntax/over-accepts
occ:sorting_value:0.0.3.0.0@preproc_conditional_xmlport#holes-lead+not	sorting	preproc_conditional_xmlport	holes-lead+not	admitted		B7b-1	empty-interior	TPL=0,TPL2=0,X=0:A;TPL=0,TPL2=0,X=1:A;TPL=0,TPL2=1,X=0:A;TPL=0,TPL2=1,X=1:A;TPL=1,TPL2=0,X=0:A;TPL=1,TPL2=0,X=1:A;TPL=1,TPL2=1,X=0:R;TPL=1,TPL2=1,X=1:A	MIXED:TPL=0,TPL2=0,X=0:CONSISTENT;TPL=0,TPL2=0,X=1:CONSISTENT;TPL=0,TPL2=1,X=0:CONSISTENT;TPL=0,TPL2=1,X=1:CONSISTENT;TPL=1,TPL2=0,X=0:CONSISTENT;TPL=1,TPL2=0,X=1:CONSISTENT;TPL=1,TPL2=1,X=0:REJECTED/syntax/over-accepts;TPL=1,TPL2=1,X=1:CONSISTENT
occ:sorting_value:0.0.3.0.0@preproc_conditional_xmlport#holes-mid	sorting	preproc_conditional_xmlport	holes-mid	admitted		B7b-1	empty-interior	TPL=0,TPL2=0,X=0:A;TPL=0,TPL2=0,X=1:A;TPL=0,TPL2=1,X=0:A;TPL=0,TPL2=1,X=1:A;TPL=1,TPL2=0,X=0:A;TPL=1,TPL2=0,X=1:A;TPL=1,TPL2=1,X=0:A;TPL=1,TPL2=1,X=1:R	MIXED:TPL=0,TPL2=0,X=0:CONSISTENT;TPL=0,TPL2=0,X=1:CONSISTENT;TPL=0,TPL2=1,X=0:CONSISTENT;TPL=0,TPL2=1,X=1:CONSISTENT;TPL=1,TPL2=0,X=0:CONSISTENT;TPL=1,TPL2=0,X=1:CONSISTENT;TPL=1,TPL2=1,X=0:CONSISTENT;TPL=1,TPL2=1,X=1:REJECTED/syntax/over-accepts
occ:sorting_value:0.0.3.0.0@preproc_conditional_xmlport#holes-mid+comments	sorting	preproc_conditional_xmlport	holes-mid+comments	admitted		B7b-1	empty-interior	TPL=0,TPL2=0,X=0:A;TPL=0,TPL2=0,X=1:A;TPL=0,TPL2=1,X=0:A;TPL=0,TPL2=1,X=1:A;TPL=1,TPL2=0,X=0:A;TPL=1,TPL2=0,X=1:A;TPL=1,TPL2=1,X=0:A;TPL=1,TPL2=1,X=1:R	MIXED:TPL=0,TPL2=0,X=0:CONSISTENT;TPL=0,TPL2=0,X=1:CONSISTENT;TPL=0,TPL2=1,X=0:CONSISTENT;TPL=0,TPL2=1,X=1:CONSISTENT;TPL=1,TPL2=0,X=0:CONSISTENT;TPL=1,TPL2=0,X=1:CONSISTENT;TPL=1,TPL2=1,X=0:CONSISTENT;TPL=1,TPL2=1,X=1:REJECTED/syntax/over-accepts
occ:sorting_value:0.0.3.0.0@preproc_conditional_xmlport#holes-mid+not	sorting	preproc_conditional_xmlport	holes-mid+not	admitted		B7b-1	empty-interior	TPL=0,TPL2=0,X=0:A;TPL=0,TPL2=0,X=1:A;TPL=0,TPL2=1,X=0:A;TPL=0,TPL2=1,X=1:A;TPL=1,TPL2=0,X=0:A;TPL=1,TPL2=0,X=1:A;TPL=1,TPL2=1,X=0:R;TPL=1,TPL2=1,X=1:A	MIXED:TPL=0,TPL2=0,X=0:CONSISTENT;TPL=0,TPL2=0,X=1:CONSISTENT;TPL=0,TPL2=1,X=0:CONSISTENT;TPL=0,TPL2=1,X=1:CONSISTENT;TPL=1,TPL2=0,X=0:CONSISTENT;TPL=1,TPL2=0,X=1:CONSISTENT;TPL=1,TPL2=1,X=0:REJECTED/syntax/over-accepts;TPL=1,TPL2=1,X=1:CONSISTENT
occ:sorting_value:0.0.3.0.0@preproc_conditional_xmlport#holes-trail	sorting	preproc_conditional_xmlport	holes-trail	admitted		B7b-1	empty-interior	TPL=0,TPL2=0,X=0:A;TPL=0,TPL2=0,X=1:A;TPL=0,TPL2=1,X=0:A;TPL=0,TPL2=1,X=1:A;TPL=1,TPL2=0,X=0:A;TPL=1,TPL2=0,X=1:A;TPL=1,TPL2=1,X=0:A;TPL=1,TPL2=1,X=1:R	MIXED:TPL=0,TPL2=0,X=0:CONSISTENT;TPL=0,TPL2=0,X=1:CONSISTENT;TPL=0,TPL2=1,X=0:CONSISTENT;TPL=0,TPL2=1,X=1:CONSISTENT;TPL=1,TPL2=0,X=0:CONSISTENT;TPL=1,TPL2=0,X=1:CONSISTENT;TPL=1,TPL2=1,X=0:CONSISTENT;TPL=1,TPL2=1,X=1:REJECTED/semantic/over-accepts
occ:sorting_value:0.0.3.0.0@preproc_conditional_xmlport#holes-trail+comments	sorting	preproc_conditional_xmlport	holes-trail+comments	admitted		B7b-1	empty-interior	TPL=0,TPL2=0,X=0:A;TPL=0,TPL2=0,X=1:A;TPL=0,TPL2=1,X=0:A;TPL=0,TPL2=1,X=1:A;TPL=1,TPL2=0,X=0:A;TPL=1,TPL2=0,X=1:A;TPL=1,TPL2=1,X=0:A;TPL=1,TPL2=1,X=1:R	MIXED:TPL=0,TPL2=0,X=0:CONSISTENT;TPL=0,TPL2=0,X=1:CONSISTENT;TPL=0,TPL2=1,X=0:CONSISTENT;TPL=0,TPL2=1,X=1:CONSISTENT;TPL=1,TPL2=0,X=0:CONSISTENT;TPL=1,TPL2=0,X=1:CONSISTENT;TPL=1,TPL2=1,X=0:CONSISTENT;TPL=1,TPL2=1,X=1:REJECTED/semantic/over-accepts
occ:sorting_value:0.0.3.0.0@preproc_conditional_xmlport#holes-trail+not	sorting	preproc_conditional_xmlport	holes-trail+not	admitted		B7b-1	empty-interior	TPL=0,TPL2=0,X=0:A;TPL=0,TPL2=0,X=1:A;TPL=0,TPL2=1,X=0:A;TPL=0,TPL2=1,X=1:A;TPL=1,TPL2=0,X=0:A;TPL=1,TPL2=0,X=1:A;TPL=1,TPL2=1,X=0:R;TPL=1,TPL2=1,X=1:A	MIXED:TPL=0,TPL2=0,X=0:CONSISTENT;TPL=0,TPL2=0,X=1:CONSISTENT;TPL=0,TPL2=1,X=0:CONSISTENT;TPL=0,TPL2=1,X=1:CONSISTENT;TPL=1,TPL2=0,X=0:CONSISTENT;TPL=1,TPL2=0,X=1:CONSISTENT;TPL=1,TPL2=1,X=0:REJECTED/semantic/over-accepts;TPL=1,TPL2=1,X=1:CONSISTENT
occ:sorting_value:0.0.3.0.0@preproc_conditional_xmlport#lead-optional	sorting	preproc_conditional_xmlport	lead-optional	admitted		B7b-1	empty-interior	TPL=0,TPL2=0,X=0:A;TPL=0,TPL2=0,X=1:A;TPL=0,TPL2=1,X=0:A;TPL=0,TPL2=1,X=1:A;TPL=1,TPL2=0,X=0:A;TPL=1,TPL2=0,X=1:A;TPL=1,TPL2=1,X=0:A;TPL=1,TPL2=1,X=1:A	CONSISTENT
occ:sorting_value:0.0.3.0.0@preproc_conditional_xmlport#lead-optional+comments	sorting	preproc_conditional_xmlport	lead-optional+comments	admitted		B7b-1	empty-interior	TPL=0,TPL2=0,X=0:A;TPL=0,TPL2=0,X=1:A;TPL=0,TPL2=1,X=0:A;TPL=0,TPL2=1,X=1:A;TPL=1,TPL2=0,X=0:A;TPL=1,TPL2=0,X=1:A;TPL=1,TPL2=1,X=0:A;TPL=1,TPL2=1,X=1:A	CONSISTENT
occ:sorting_value:0.0.3.0.0@preproc_conditional_xmlport#lead-optional+not	sorting	preproc_conditional_xmlport	lead-optional+not	admitted		B7b-1	empty-interior	TPL=0,TPL2=0,X=0:A;TPL=0,TPL2=0,X=1:A;TPL=0,TPL2=1,X=0:A;TPL=0,TPL2=1,X=1:A;TPL=1,TPL2=0,X=0:A;TPL=1,TPL2=0,X=1:A;TPL=1,TPL2=1,X=0:A;TPL=1,TPL2=1,X=1:A	CONSISTENT
occ:sorting_value:0.0.3.0.0@preproc_conditional_xmlport#nested	sorting	preproc_conditional_xmlport	nested	admitted		B7b-1	empty-interior	TPL=0,TPL2=0,X=0,Y=0:A;TPL=0,TPL2=0,X=0,Y=1:A;TPL=0,TPL2=0,X=1,Y=0:A;TPL=0,TPL2=0,X=1,Y=1:A;TPL=0,TPL2=1,X=0,Y=0:A;TPL=0,TPL2=1,X=0,Y=1:A;TPL=0,TPL2=1,X=1,Y=0:A;TPL=0,TPL2=1,X=1,Y=1:A;TPL=1,TPL2=0,X=0,Y=0:A;TPL=1,TPL2=0,X=0,Y=1:A;TPL=1,TPL2=0,X=1,Y=0:A;TPL=1,TPL2=0,X=1,Y=1:A;TPL=1,TPL2=1,X=0,Y=0:A;TPL=1,TPL2=1,X=0,Y=1:A;TPL=1,TPL2=1,X=1,Y=0:A;TPL=1,TPL2=1,X=1,Y=1:A	CONSISTENT
occ:sorting_value:0.0.3.0.0@preproc_conditional_xmlport#nested+comments	sorting	preproc_conditional_xmlport	nested+comments	admitted		B7b-1	empty-interior	TPL=0,TPL2=0,X=0,Y=0:A;TPL=0,TPL2=0,X=0,Y=1:A;TPL=0,TPL2=0,X=1,Y=0:A;TPL=0,TPL2=0,X=1,Y=1:A;TPL=0,TPL2=1,X=0,Y=0:A;TPL=0,TPL2=1,X=0,Y=1:A;TPL=0,TPL2=1,X=1,Y=0:A;TPL=0,TPL2=1,X=1,Y=1:A;TPL=1,TPL2=0,X=0,Y=0:A;TPL=1,TPL2=0,X=0,Y=1:A;TPL=1,TPL2=0,X=1,Y=0:A;TPL=1,TPL2=0,X=1,Y=1:A;TPL=1,TPL2=1,X=0,Y=0:A;TPL=1,TPL2=1,X=0,Y=1:A;TPL=1,TPL2=1,X=1,Y=0:A;TPL=1,TPL2=1,X=1,Y=1:A	CONSISTENT
occ:sorting_value:0.0.3.0.0@preproc_conditional_xmlport#nested+not	sorting	preproc_conditional_xmlport	nested+not	admitted		B7b-1	empty-interior	TPL=0,TPL2=0,X=0,Y=0:A;TPL=0,TPL2=0,X=0,Y=1:A;TPL=0,TPL2=0,X=1,Y=0:A;TPL=0,TPL2=0,X=1,Y=1:A;TPL=0,TPL2=1,X=0,Y=0:A;TPL=0,TPL2=1,X=0,Y=1:A;TPL=0,TPL2=1,X=1,Y=0:A;TPL=0,TPL2=1,X=1,Y=1:A;TPL=1,TPL2=0,X=0,Y=0:A;TPL=1,TPL2=0,X=0,Y=1:A;TPL=1,TPL2=0,X=1,Y=0:A;TPL=1,TPL2=0,X=1,Y=1:A;TPL=1,TPL2=1,X=0,Y=0:A;TPL=1,TPL2=1,X=0,Y=1:A;TPL=1,TPL2=1,X=1,Y=0:A;TPL=1,TPL2=1,X=1,Y=1:A	CONSISTENT
occ:sorting_value:0.0.3.0.0@preproc_conditional_xmlport#one-elem	sorting	preproc_conditional_xmlport	one-elem	admitted		B7b-1	empty-interior	TPL=0,TPL2=0,X=0:A;TPL=0,TPL2=0,X=1:A;TPL=0,TPL2=1,X=0:A;TPL=0,TPL2=1,X=1:A;TPL=1,TPL2=0,X=0:A;TPL=1,TPL2=0,X=1:A;TPL=1,TPL2=1,X=0:A;TPL=1,TPL2=1,X=1:A	CONSISTENT
occ:sorting_value:0.0.3.0.0@preproc_conditional_xmlport#one-elem+comments	sorting	preproc_conditional_xmlport	one-elem+comments	admitted		B7b-1	empty-interior	TPL=0,TPL2=0,X=0:A;TPL=0,TPL2=0,X=1:A;TPL=0,TPL2=1,X=0:A;TPL=0,TPL2=1,X=1:A;TPL=1,TPL2=0,X=0:A;TPL=1,TPL2=0,X=1:A;TPL=1,TPL2=1,X=0:A;TPL=1,TPL2=1,X=1:A	CONSISTENT
occ:sorting_value:0.0.3.0.0@preproc_conditional_xmlport#one-elem+not	sorting	preproc_conditional_xmlport	one-elem+not	admitted		B7b-1	empty-interior	TPL=0,TPL2=0,X=0:A;TPL=0,TPL2=0,X=1:A;TPL=0,TPL2=1,X=0:A;TPL=0,TPL2=1,X=1:A;TPL=1,TPL2=0,X=0:A;TPL=1,TPL2=0,X=1:A;TPL=1,TPL2=1,X=0:A;TPL=1,TPL2=1,X=1:A	CONSISTENT
occ:sorting_value:0.0.3.0.0@preproc_conditional_xmlport#sep-after	sorting	preproc_conditional_xmlport	sep-after	admitted		B7b-1	empty-interior	TPL=0,TPL2=0,X=0:A;TPL=0,TPL2=0,X=1:A;TPL=0,TPL2=1,X=0:A;TPL=0,TPL2=1,X=1:A;TPL=1,TPL2=0,X=0:A;TPL=1,TPL2=0,X=1:A;TPL=1,TPL2=1,X=0:A;TPL=1,TPL2=1,X=1:A	CONSISTENT
occ:sorting_value:0.0.3.0.0@preproc_conditional_xmlport#sep-after+comments	sorting	preproc_conditional_xmlport	sep-after+comments	admitted		B7b-1	empty-interior	TPL=0,TPL2=0,X=0:A;TPL=0,TPL2=0,X=1:A;TPL=0,TPL2=1,X=0:A;TPL=0,TPL2=1,X=1:A;TPL=1,TPL2=0,X=0:A;TPL=1,TPL2=0,X=1:A;TPL=1,TPL2=1,X=0:A;TPL=1,TPL2=1,X=1:A	CONSISTENT
occ:sorting_value:0.0.3.0.0@preproc_conditional_xmlport#sep-after+not	sorting	preproc_conditional_xmlport	sep-after+not	admitted		B7b-1	empty-interior	TPL=0,TPL2=0,X=0:A;TPL=0,TPL2=0,X=1:A;TPL=0,TPL2=1,X=0:A;TPL=0,TPL2=1,X=1:A;TPL=1,TPL2=0,X=0:A;TPL=1,TPL2=0,X=1:A;TPL=1,TPL2=1,X=0:A;TPL=1,TPL2=1,X=1:A	CONSISTENT
occ:sorting_value:0.0.3.0.0@preproc_conditional_xmlport#sep-before	sorting	preproc_conditional_xmlport	sep-before	admitted		B7b-1	empty-interior	TPL=0,TPL2=0,X=0:A;TPL=0,TPL2=0,X=1:A;TPL=0,TPL2=1,X=0:A;TPL=0,TPL2=1,X=1:A;TPL=1,TPL2=0,X=0:A;TPL=1,TPL2=0,X=1:A;TPL=1,TPL2=1,X=0:A;TPL=1,TPL2=1,X=1:A	CONSISTENT
occ:sorting_value:0.0.3.0.0@preproc_conditional_xmlport#sep-before+comments	sorting	preproc_conditional_xmlport	sep-before+comments	admitted		B7b-1	empty-interior	TPL=0,TPL2=0,X=0:A;TPL=0,TPL2=0,X=1:A;TPL=0,TPL2=1,X=0:A;TPL=0,TPL2=1,X=1:A;TPL=1,TPL2=0,X=0:A;TPL=1,TPL2=0,X=1:A;TPL=1,TPL2=1,X=0:A;TPL=1,TPL2=1,X=1:A	CONSISTENT
occ:sorting_value:0.0.3.0.0@preproc_conditional_xmlport#sep-before+not	sorting	preproc_conditional_xmlport	sep-before+not	admitted		B7b-1	empty-interior	TPL=0,TPL2=0,X=0:A;TPL=0,TPL2=0,X=1:A;TPL=0,TPL2=1,X=0:A;TPL=0,TPL2=1,X=1:A;TPL=1,TPL2=0,X=0:A;TPL=1,TPL2=0,X=1:A;TPL=1,TPL2=1,X=0:A;TPL=1,TPL2=1,X=1:A	CONSISTENT
occ:sorting_value:0.0.3.0.0@preproc_conditional_xmlport#sep-before-end	sorting	preproc_conditional_xmlport	sep-before-end	admitted		B7b-1	empty-interior	TPL=0,TPL2=0,X=0:A;TPL=0,TPL2=0,X=1:A;TPL=0,TPL2=1,X=0:A;TPL=0,TPL2=1,X=1:A;TPL=1,TPL2=0,X=0:A;TPL=1,TPL2=0,X=1:A;TPL=1,TPL2=1,X=0:A;TPL=1,TPL2=1,X=1:A	CONSISTENT
occ:sorting_value:0.0.3.0.0@preproc_conditional_xmlport#sep-before-end+comments	sorting	preproc_conditional_xmlport	sep-before-end+comments	admitted		B7b-1	empty-interior	TPL=0,TPL2=0,X=0:A;TPL=0,TPL2=0,X=1:A;TPL=0,TPL2=1,X=0:A;TPL=0,TPL2=1,X=1:A;TPL=1,TPL2=0,X=0:A;TPL=1,TPL2=0,X=1:A;TPL=1,TPL2=1,X=0:A;TPL=1,TPL2=1,X=1:A	CONSISTENT
occ:sorting_value:0.0.3.0.0@preproc_conditional_xmlport#sep-before-end+not	sorting	preproc_conditional_xmlport	sep-before-end+not	admitted		B7b-1	empty-interior	TPL=0,TPL2=0,X=0:A;TPL=0,TPL2=0,X=1:A;TPL=0,TPL2=1,X=0:A;TPL=0,TPL2=1,X=1:A;TPL=1,TPL2=0,X=0:A;TPL=1,TPL2=0,X=1:A;TPL=1,TPL2=1,X=0:A;TPL=1,TPL2=1,X=1:A	CONSISTENT
occ:sorting_value:0.0.3.0.0@preproc_conditional_xmlport#sep-only	sorting	preproc_conditional_xmlport	sep-only	admitted		B7b-1	empty-interior	TPL=0,TPL2=0,X=0:A;TPL=0,TPL2=0,X=1:A;TPL=0,TPL2=1,X=0:A;TPL=0,TPL2=1,X=1:A;TPL=1,TPL2=0,X=0:A;TPL=1,TPL2=0,X=1:A;TPL=1,TPL2=1,X=0:A;TPL=1,TPL2=1,X=1:A	CONSISTENT
occ:sorting_value:0.0.3.0.0@preproc_conditional_xmlport#sep-only+comments	sorting	preproc_conditional_xmlport	sep-only+comments	admitted		B7b-1	empty-interior	TPL=0,TPL2=0,X=0:A;TPL=0,TPL2=0,X=1:A;TPL=0,TPL2=1,X=0:A;TPL=0,TPL2=1,X=1:A;TPL=1,TPL2=0,X=0:A;TPL=1,TPL2=0,X=1:A;TPL=1,TPL2=1,X=0:A;TPL=1,TPL2=1,X=1:A	CONSISTENT
occ:sorting_value:0.0.3.0.0@preproc_conditional_xmlport#sep-only+not	sorting	preproc_conditional_xmlport	sep-only+not	admitted		B7b-1	empty-interior	TPL=0,TPL2=0,X=0:A;TPL=0,TPL2=0,X=1:A;TPL=0,TPL2=1,X=0:A;TPL=0,TPL2=1,X=1:A;TPL=1,TPL2=0,X=0:A;TPL=1,TPL2=0,X=1:A;TPL=1,TPL2=1,X=0:A;TPL=1,TPL2=1,X=1:A	CONSISTENT
occ:sorting_value:0.0.3.0.0@preproc_conditional_xmlport#trail	sorting	preproc_conditional_xmlport	trail	admitted		B7b-1	empty-interior	TPL=0,TPL2=0,X=0:A;TPL=0,TPL2=0,X=1:A;TPL=0,TPL2=1,X=0:A;TPL=0,TPL2=1,X=1:A;TPL=1,TPL2=0,X=0:A;TPL=1,TPL2=0,X=1:A;TPL=1,TPL2=1,X=0:R;TPL=1,TPL2=1,X=1:A	MIXED:TPL=0,TPL2=0,X=0:CONSISTENT;TPL=0,TPL2=0,X=1:CONSISTENT;TPL=0,TPL2=1,X=0:CONSISTENT;TPL=0,TPL2=1,X=1:CONSISTENT;TPL=1,TPL2=0,X=0:CONSISTENT;TPL=1,TPL2=0,X=1:CONSISTENT;TPL=1,TPL2=1,X=0:REJECTED/semantic/over-accepts;TPL=1,TPL2=1,X=1:CONSISTENT
occ:sorting_value:0.0.3.0.0@preproc_conditional_xmlport#trail+comments	sorting	preproc_conditional_xmlport	trail+comments	admitted		B7b-1	empty-interior	TPL=0,TPL2=0,X=0:A;TPL=0,TPL2=0,X=1:A;TPL=0,TPL2=1,X=0:A;TPL=0,TPL2=1,X=1:A;TPL=1,TPL2=0,X=0:A;TPL=1,TPL2=0,X=1:A;TPL=1,TPL2=1,X=0:R;TPL=1,TPL2=1,X=1:A	MIXED:TPL=0,TPL2=0,X=0:CONSISTENT;TPL=0,TPL2=0,X=1:CONSISTENT;TPL=0,TPL2=1,X=0:CONSISTENT;TPL=0,TPL2=1,X=1:CONSISTENT;TPL=1,TPL2=0,X=0:CONSISTENT;TPL=1,TPL2=0,X=1:CONSISTENT;TPL=1,TPL2=1,X=0:REJECTED/semantic/over-accepts;TPL=1,TPL2=1,X=1:CONSISTENT
occ:sorting_value:0.0.3.0.0@preproc_conditional_xmlport#trail+not	sorting	preproc_conditional_xmlport	trail+not	admitted		B7b-1	empty-interior	TPL=0,TPL2=0,X=0:A;TPL=0,TPL2=0,X=1:A;TPL=0,TPL2=1,X=0:A;TPL=0,TPL2=1,X=1:A;TPL=1,TPL2=0,X=0:A;TPL=1,TPL2=0,X=1:A;TPL=1,TPL2=1,X=0:A;TPL=1,TPL2=1,X=1:R	MIXED:TPL=0,TPL2=0,X=0:CONSISTENT;TPL=0,TPL2=0,X=1:CONSISTENT;TPL=0,TPL2=1,X=0:CONSISTENT;TPL=0,TPL2=1,X=1:CONSISTENT;TPL=1,TPL2=0,X=0:CONSISTENT;TPL=1,TPL2=0,X=1:CONSISTENT;TPL=1,TPL2=1,X=0:CONSISTENT;TPL=1,TPL2=1,X=1:REJECTED/semantic/over-accepts
occ:sorting_value:0.0.3.0.0@property#adjacent-compl	sorting	property	adjacent-compl	admitted		B7b-1	empty-interior	X=0:A;X=1:A	CONSISTENT
occ:sorting_value:0.0.3.0.0@property#adjacent-compl+comments	sorting	property	adjacent-compl+comments	admitted		B7b-1	empty-interior	X=0:A;X=1:A	CONSISTENT
occ:sorting_value:0.0.3.0.0@property#adjacent-compl+not	sorting	property	adjacent-compl+not	admitted		B7b-1	empty-interior	X=0:A;X=1:A	CONSISTENT
occ:sorting_value:0.0.3.0.0@property#adjacent-indep	sorting	property	adjacent-indep	admitted		B7b-1	empty-interior	X=0,Y=0:A;X=0,Y=1:A;X=1,Y=0:A;X=1,Y=1:A	CONSISTENT
occ:sorting_value:0.0.3.0.0@property#adjacent-indep+comments	sorting	property	adjacent-indep+comments	admitted		B7b-1	empty-interior	X=0,Y=0:A;X=0,Y=1:A;X=1,Y=0:A;X=1,Y=1:A	CONSISTENT
occ:sorting_value:0.0.3.0.0@property#adjacent-indep+not	sorting	property	adjacent-indep+not	admitted		B7b-1	empty-interior	X=0,Y=0:A;X=0,Y=1:A;X=1,Y=0:A;X=1,Y=1:A	CONSISTENT
occ:sorting_value:0.0.3.0.0@property#both-in-arm	sorting	property	both-in-arm	admitted		B7b-1	empty-interior	X=0:A;X=1:A	CONSISTENT
occ:sorting_value:0.0.3.0.0@property#both-in-arm+comments	sorting	property	both-in-arm+comments	admitted		B7b-1	empty-interior	X=0:A;X=1:A	CONSISTENT
occ:sorting_value:0.0.3.0.0@property#both-in-arm+not	sorting	property	both-in-arm+not	admitted		B7b-1	empty-interior	X=0:A;X=1:A	CONSISTENT
occ:sorting_value:0.0.3.0.0@property#count-differs	sorting	property	count-differs	admitted		B7b-1	empty-interior	X=0:A;X=1:A	CONSISTENT
occ:sorting_value:0.0.3.0.0@property#count-differs+comments	sorting	property	count-differs+comments	admitted		B7b-1	empty-interior	X=0:A;X=1:A	CONSISTENT
occ:sorting_value:0.0.3.0.0@property#count-differs+not	sorting	property	count-differs+not	admitted		B7b-1	empty-interior	X=0:A;X=1:A	CONSISTENT
occ:sorting_value:0.0.3.0.0@property#elif	sorting	property	elif	admitted		B7b-1	empty-interior	X=0,Y=0:A;X=0,Y=1:A;X=1,Y=0:A;X=1,Y=1:A	CONSISTENT
occ:sorting_value:0.0.3.0.0@property#elif+comments	sorting	property	elif+comments	admitted		B7b-1	empty-interior	X=0,Y=0:A;X=0,Y=1:A;X=1,Y=0:A;X=1,Y=1:A	CONSISTENT
occ:sorting_value:0.0.3.0.0@property#elif+not	sorting	property	elif+not	admitted		B7b-1	empty-interior	X=0,Y=0:A;X=0,Y=1:A;X=1,Y=0:A;X=1,Y=1:A	CONSISTENT
occ:sorting_value:0.0.3.0.0@property#empty	sorting	property	empty	admitted		B7b-1	empty-interior	X=0:A;X=1:A	CONSISTENT
occ:sorting_value:0.0.3.0.0@property#empty+comments	sorting	property	empty+comments	admitted		B7b-1	empty-interior	X=0:A;X=1:A	CONSISTENT
occ:sorting_value:0.0.3.0.0@property#empty+not	sorting	property	empty+not	admitted		B7b-1	empty-interior	X=0:A;X=1:A	CONSISTENT
occ:sorting_value:0.0.3.0.0@property#empty-list	sorting	property	empty-list	admitted		B7b-1	empty-interior	X=0:A;X=1:A	CONSISTENT
occ:sorting_value:0.0.3.0.0@property#empty-list+comments	sorting	property	empty-list+comments	admitted		B7b-1	empty-interior	X=0:A;X=1:A	CONSISTENT
occ:sorting_value:0.0.3.0.0@property#empty-list+not	sorting	property	empty-list+not	admitted		B7b-1	empty-interior	X=0:A;X=1:A	CONSISTENT
occ:sorting_value:0.0.3.0.0@property#first-replace	sorting	property	first-replace	admitted		B7b-1	empty-interior	X=0:A;X=1:A	CONSISTENT
occ:sorting_value:0.0.3.0.0@property#first-replace+comments	sorting	property	first-replace+comments	admitted		B7b-1	empty-interior	X=0:A;X=1:A	CONSISTENT
occ:sorting_value:0.0.3.0.0@property#first-replace+not	sorting	property	first-replace+not	admitted		B7b-1	empty-interior	X=0:A;X=1:A	CONSISTENT
occ:sorting_value:0.0.3.0.0@property#holes-lead	sorting	property	holes-lead	admitted		B7b-1	empty-interior	X=0:A;X=1:R	MIXED:X=0:CONSISTENT;X=1:REJECTED/syntax/over-accepts
occ:sorting_value:0.0.3.0.0@property#holes-lead+comments	sorting	property	holes-lead+comments	admitted		B7b-1	empty-interior	X=0:A;X=1:R	MIXED:X=0:CONSISTENT;X=1:REJECTED/syntax/over-accepts
occ:sorting_value:0.0.3.0.0@property#holes-lead+not	sorting	property	holes-lead+not	admitted		B7b-1	empty-interior	X=0:R;X=1:A	MIXED:X=0:REJECTED/syntax/over-accepts;X=1:CONSISTENT
occ:sorting_value:0.0.3.0.0@property#holes-mid	sorting	property	holes-mid	admitted		B7b-1	empty-interior	X=0:A;X=1:R	MIXED:X=0:CONSISTENT;X=1:REJECTED/syntax/over-accepts
occ:sorting_value:0.0.3.0.0@property#holes-mid+comments	sorting	property	holes-mid+comments	admitted		B7b-1	empty-interior	X=0:A;X=1:R	MIXED:X=0:CONSISTENT;X=1:REJECTED/syntax/over-accepts
occ:sorting_value:0.0.3.0.0@property#holes-mid+not	sorting	property	holes-mid+not	admitted		B7b-1	empty-interior	X=0:R;X=1:A	MIXED:X=0:REJECTED/syntax/over-accepts;X=1:CONSISTENT
occ:sorting_value:0.0.3.0.0@property#holes-trail	sorting	property	holes-trail	admitted		B7b-1	empty-interior	X=0:A;X=1:R	MIXED:X=0:CONSISTENT;X=1:REJECTED/semantic/over-accepts
occ:sorting_value:0.0.3.0.0@property#holes-trail+comments	sorting	property	holes-trail+comments	admitted		B7b-1	empty-interior	X=0:A;X=1:R	MIXED:X=0:CONSISTENT;X=1:REJECTED/semantic/over-accepts
occ:sorting_value:0.0.3.0.0@property#holes-trail+not	sorting	property	holes-trail+not	admitted		B7b-1	empty-interior	X=0:R;X=1:A	MIXED:X=0:REJECTED/semantic/over-accepts;X=1:CONSISTENT
occ:sorting_value:0.0.3.0.0@property#lead-optional	sorting	property	lead-optional	admitted		B7b-1	empty-interior	X=0:A;X=1:A	CONSISTENT
occ:sorting_value:0.0.3.0.0@property#lead-optional+comments	sorting	property	lead-optional+comments	admitted		B7b-1	empty-interior	X=0:A;X=1:A	CONSISTENT
occ:sorting_value:0.0.3.0.0@property#lead-optional+not	sorting	property	lead-optional+not	admitted		B7b-1	empty-interior	X=0:A;X=1:A	CONSISTENT
occ:sorting_value:0.0.3.0.0@property#nested	sorting	property	nested	admitted		B7b-1	empty-interior	X=0,Y=0:A;X=0,Y=1:A;X=1,Y=0:A;X=1,Y=1:A	CONSISTENT
occ:sorting_value:0.0.3.0.0@property#nested+comments	sorting	property	nested+comments	admitted		B7b-1	empty-interior	X=0,Y=0:A;X=0,Y=1:A;X=1,Y=0:A;X=1,Y=1:A	CONSISTENT
occ:sorting_value:0.0.3.0.0@property#nested+not	sorting	property	nested+not	admitted		B7b-1	empty-interior	X=0,Y=0:A;X=0,Y=1:A;X=1,Y=0:A;X=1,Y=1:A	CONSISTENT
occ:sorting_value:0.0.3.0.0@property#one-elem	sorting	property	one-elem	admitted		B7b-1	empty-interior	X=0:A;X=1:A	CONSISTENT
occ:sorting_value:0.0.3.0.0@property#one-elem+comments	sorting	property	one-elem+comments	admitted		B7b-1	empty-interior	X=0:A;X=1:A	CONSISTENT
occ:sorting_value:0.0.3.0.0@property#one-elem+not	sorting	property	one-elem+not	admitted		B7b-1	empty-interior	X=0:A;X=1:A	CONSISTENT
occ:sorting_value:0.0.3.0.0@property#sep-after	sorting	property	sep-after	admitted		B7b-1	empty-interior	X=0:A;X=1:A	CONSISTENT
occ:sorting_value:0.0.3.0.0@property#sep-after+comments	sorting	property	sep-after+comments	admitted		B7b-1	empty-interior	X=0:A;X=1:A	CONSISTENT
occ:sorting_value:0.0.3.0.0@property#sep-after+not	sorting	property	sep-after+not	admitted		B7b-1	empty-interior	X=0:A;X=1:A	CONSISTENT
occ:sorting_value:0.0.3.0.0@property#sep-before	sorting	property	sep-before	admitted		B7b-1	empty-interior	X=0:A;X=1:A	CONSISTENT
occ:sorting_value:0.0.3.0.0@property#sep-before+comments	sorting	property	sep-before+comments	admitted		B7b-1	empty-interior	X=0:A;X=1:A	CONSISTENT
occ:sorting_value:0.0.3.0.0@property#sep-before+not	sorting	property	sep-before+not	admitted		B7b-1	empty-interior	X=0:A;X=1:A	CONSISTENT
occ:sorting_value:0.0.3.0.0@property#sep-before-end	sorting	property	sep-before-end	admitted		B7b-1	empty-interior	X=0:A;X=1:A	CONSISTENT
occ:sorting_value:0.0.3.0.0@property#sep-before-end+comments	sorting	property	sep-before-end+comments	admitted		B7b-1	empty-interior	X=0:A;X=1:A	CONSISTENT
occ:sorting_value:0.0.3.0.0@property#sep-before-end+not	sorting	property	sep-before-end+not	admitted		B7b-1	empty-interior	X=0:A;X=1:A	CONSISTENT
occ:sorting_value:0.0.3.0.0@property#sep-only	sorting	property	sep-only	admitted		B7b-1	empty-interior	X=0:A;X=1:A	CONSISTENT
occ:sorting_value:0.0.3.0.0@property#sep-only+comments	sorting	property	sep-only+comments	admitted		B7b-1	empty-interior	X=0:A;X=1:A	CONSISTENT
occ:sorting_value:0.0.3.0.0@property#sep-only+not	sorting	property	sep-only+not	admitted		B7b-1	empty-interior	X=0:A;X=1:A	CONSISTENT
occ:sorting_value:0.0.3.0.0@property#trail	sorting	property	trail	admitted		B7b-1	empty-interior	X=0:R;X=1:A	MIXED:X=0:REJECTED/semantic/over-accepts;X=1:CONSISTENT
occ:sorting_value:0.0.3.0.0@property#trail+comments	sorting	property	trail+comments	admitted		B7b-1	empty-interior	X=0:R;X=1:A	MIXED:X=0:REJECTED/semantic/over-accepts;X=1:CONSISTENT
occ:sorting_value:0.0.3.0.0@property#trail+not	sorting	property	trail+not	admitted		B7b-1	empty-interior	X=0:A;X=1:R	MIXED:X=0:CONSISTENT;X=1:REJECTED/semantic/over-accepts
occ:variable_declaration:2.0.1.0.0@preproc_conditional_var#adjacent-compl	var-names	preproc_conditional_var	adjacent-compl	admitted		B7b-1	empty-syntax-rejected	TPL2=0,X=0:A;TPL2=0,X=1:A;TPL2=1,X=0:A;TPL2=1,X=1:A	CONSISTENT
occ:variable_declaration:2.0.1.0.0@preproc_conditional_var#adjacent-compl+comments	var-names	preproc_conditional_var	adjacent-compl+comments	admitted		B7b-1	empty-syntax-rejected	TPL2=0,X=0:A;TPL2=0,X=1:A;TPL2=1,X=0:A;TPL2=1,X=1:A	CONSISTENT
occ:variable_declaration:2.0.1.0.0@preproc_conditional_var#adjacent-compl+not	var-names	preproc_conditional_var	adjacent-compl+not	admitted		B7b-1	empty-syntax-rejected	TPL2=0,X=0:A;TPL2=0,X=1:A;TPL2=1,X=0:A;TPL2=1,X=1:A	CONSISTENT
occ:variable_declaration:2.0.1.0.0@preproc_conditional_var#adjacent-indep	var-names	preproc_conditional_var	adjacent-indep	admitted		B7b-1	empty-syntax-rejected	TPL2=0,X=0,Y=0:A;TPL2=0,X=0,Y=1:A;TPL2=0,X=1,Y=0:A;TPL2=0,X=1,Y=1:A;TPL2=1,X=0,Y=0:A;TPL2=1,X=0,Y=1:A;TPL2=1,X=1,Y=0:A;TPL2=1,X=1,Y=1:A	CONSISTENT
occ:variable_declaration:2.0.1.0.0@preproc_conditional_var#adjacent-indep+comments	var-names	preproc_conditional_var	adjacent-indep+comments	admitted		B7b-1	empty-syntax-rejected	TPL2=0,X=0,Y=0:A;TPL2=0,X=0,Y=1:A;TPL2=0,X=1,Y=0:A;TPL2=0,X=1,Y=1:A;TPL2=1,X=0,Y=0:A;TPL2=1,X=0,Y=1:A;TPL2=1,X=1,Y=0:A;TPL2=1,X=1,Y=1:A	CONSISTENT
occ:variable_declaration:2.0.1.0.0@preproc_conditional_var#adjacent-indep+not	var-names	preproc_conditional_var	adjacent-indep+not	admitted		B7b-1	empty-syntax-rejected	TPL2=0,X=0,Y=0:A;TPL2=0,X=0,Y=1:A;TPL2=0,X=1,Y=0:A;TPL2=0,X=1,Y=1:A;TPL2=1,X=0,Y=0:A;TPL2=1,X=0,Y=1:A;TPL2=1,X=1,Y=0:A;TPL2=1,X=1,Y=1:A	CONSISTENT
occ:variable_declaration:2.0.1.0.0@preproc_conditional_var#both-in-arm	var-names	preproc_conditional_var	both-in-arm	admitted		B7b-1	empty-syntax-rejected	TPL2=0,X=0:A;TPL2=0,X=1:A;TPL2=1,X=0:A;TPL2=1,X=1:A	CONSISTENT
occ:variable_declaration:2.0.1.0.0@preproc_conditional_var#both-in-arm+comments	var-names	preproc_conditional_var	both-in-arm+comments	admitted		B7b-1	empty-syntax-rejected	TPL2=0,X=0:A;TPL2=0,X=1:A;TPL2=1,X=0:A;TPL2=1,X=1:A	CONSISTENT
occ:variable_declaration:2.0.1.0.0@preproc_conditional_var#both-in-arm+not	var-names	preproc_conditional_var	both-in-arm+not	admitted		B7b-1	empty-syntax-rejected	TPL2=0,X=0:A;TPL2=0,X=1:A;TPL2=1,X=0:A;TPL2=1,X=1:A	CONSISTENT
occ:variable_declaration:2.0.1.0.0@preproc_conditional_var#count-differs	var-names	preproc_conditional_var	count-differs	admitted		B7b-1	empty-syntax-rejected	TPL2=0,X=0:A;TPL2=0,X=1:A;TPL2=1,X=0:A;TPL2=1,X=1:A	CONSISTENT
occ:variable_declaration:2.0.1.0.0@preproc_conditional_var#count-differs+comments	var-names	preproc_conditional_var	count-differs+comments	admitted		B7b-1	empty-syntax-rejected	TPL2=0,X=0:A;TPL2=0,X=1:A;TPL2=1,X=0:A;TPL2=1,X=1:A	CONSISTENT
occ:variable_declaration:2.0.1.0.0@preproc_conditional_var#count-differs+not	var-names	preproc_conditional_var	count-differs+not	admitted		B7b-1	empty-syntax-rejected	TPL2=0,X=0:A;TPL2=0,X=1:A;TPL2=1,X=0:A;TPL2=1,X=1:A	CONSISTENT
occ:variable_declaration:2.0.1.0.0@preproc_conditional_var#elif	var-names	preproc_conditional_var	elif	admitted		B7b-1	empty-syntax-rejected	TPL2=0,X=0,Y=0:A;TPL2=0,X=0,Y=1:A;TPL2=0,X=1,Y=0:A;TPL2=0,X=1,Y=1:A;TPL2=1,X=0,Y=0:A;TPL2=1,X=0,Y=1:A;TPL2=1,X=1,Y=0:A;TPL2=1,X=1,Y=1:A	CONSISTENT
occ:variable_declaration:2.0.1.0.0@preproc_conditional_var#elif+comments	var-names	preproc_conditional_var	elif+comments	admitted		B7b-1	empty-syntax-rejected	TPL2=0,X=0,Y=0:A;TPL2=0,X=0,Y=1:A;TPL2=0,X=1,Y=0:A;TPL2=0,X=1,Y=1:A;TPL2=1,X=0,Y=0:A;TPL2=1,X=0,Y=1:A;TPL2=1,X=1,Y=0:A;TPL2=1,X=1,Y=1:A	CONSISTENT
occ:variable_declaration:2.0.1.0.0@preproc_conditional_var#elif+not	var-names	preproc_conditional_var	elif+not	admitted		B7b-1	empty-syntax-rejected	TPL2=0,X=0,Y=0:A;TPL2=0,X=0,Y=1:A;TPL2=0,X=1,Y=0:A;TPL2=0,X=1,Y=1:A;TPL2=1,X=0,Y=0:A;TPL2=1,X=0,Y=1:A;TPL2=1,X=1,Y=0:A;TPL2=1,X=1,Y=1:A	CONSISTENT
occ:variable_declaration:2.0.1.0.0@preproc_conditional_var#empty	var-names	preproc_conditional_var	empty	admitted		B7b-1	empty-syntax-rejected	TPL2=0,X=0:A;TPL2=0,X=1:A;TPL2=1,X=0:A;TPL2=1,X=1:A	CONSISTENT
occ:variable_declaration:2.0.1.0.0@preproc_conditional_var#empty+comments	var-names	preproc_conditional_var	empty+comments	admitted		B7b-1	empty-syntax-rejected	TPL2=0,X=0:A;TPL2=0,X=1:A;TPL2=1,X=0:A;TPL2=1,X=1:A	CONSISTENT
occ:variable_declaration:2.0.1.0.0@preproc_conditional_var#empty+not	var-names	preproc_conditional_var	empty+not	admitted		B7b-1	empty-syntax-rejected	TPL2=0,X=0:A;TPL2=0,X=1:A;TPL2=1,X=0:A;TPL2=1,X=1:A	CONSISTENT
occ:variable_declaration:2.0.1.0.0@preproc_conditional_var#empty-list	var-names	preproc_conditional_var	empty-list	admitted		B7b-1	empty-syntax-rejected	TPL2=0,X=0:A;TPL2=0,X=1:A;TPL2=1,X=0:R;TPL2=1,X=1:A	MIXED:TPL2=0,X=0:CONSISTENT;TPL2=0,X=1:CONSISTENT;TPL2=1,X=0:REJECTED/syntax/over-accepts;TPL2=1,X=1:CONSISTENT
occ:variable_declaration:2.0.1.0.0@preproc_conditional_var#empty-list+comments	var-names	preproc_conditional_var	empty-list+comments	admitted		B7b-1	empty-syntax-rejected	TPL2=0,X=0:A;TPL2=0,X=1:A;TPL2=1,X=0:R;TPL2=1,X=1:A	MIXED:TPL2=0,X=0:CONSISTENT;TPL2=0,X=1:CONSISTENT;TPL2=1,X=0:REJECTED/syntax/over-accepts;TPL2=1,X=1:CONSISTENT
occ:variable_declaration:2.0.1.0.0@preproc_conditional_var#empty-list+not	var-names	preproc_conditional_var	empty-list+not	admitted		B7b-1	empty-syntax-rejected	TPL2=0,X=0:A;TPL2=0,X=1:A;TPL2=1,X=0:A;TPL2=1,X=1:R	MIXED:TPL2=0,X=0:CONSISTENT;TPL2=0,X=1:CONSISTENT;TPL2=1,X=0:CONSISTENT;TPL2=1,X=1:REJECTED/syntax/over-accepts
occ:variable_declaration:2.0.1.0.0@preproc_conditional_var#first-replace	var-names	preproc_conditional_var	first-replace	admitted		B7b-1	empty-syntax-rejected	TPL2=0,X=0:A;TPL2=0,X=1:A;TPL2=1,X=0:A;TPL2=1,X=1:A	CONSISTENT
occ:variable_declaration:2.0.1.0.0@preproc_conditional_var#first-replace+comments	var-names	preproc_conditional_var	first-replace+comments	admitted		B7b-1	empty-syntax-rejected	TPL2=0,X=0:A;TPL2=0,X=1:A;TPL2=1,X=0:A;TPL2=1,X=1:A	CONSISTENT
occ:variable_declaration:2.0.1.0.0@preproc_conditional_var#first-replace+not	var-names	preproc_conditional_var	first-replace+not	admitted		B7b-1	empty-syntax-rejected	TPL2=0,X=0:A;TPL2=0,X=1:A;TPL2=1,X=0:A;TPL2=1,X=1:A	CONSISTENT
occ:variable_declaration:2.0.1.0.0@preproc_conditional_var#holes-lead	var-names	preproc_conditional_var	holes-lead	admitted		B7b-1	empty-syntax-rejected	TPL2=0,X=0:A;TPL2=0,X=1:A;TPL2=1,X=0:A;TPL2=1,X=1:R	MIXED:TPL2=0,X=0:CONSISTENT;TPL2=0,X=1:CONSISTENT;TPL2=1,X=0:CONSISTENT;TPL2=1,X=1:REJECTED/syntax/over-accepts
occ:variable_declaration:2.0.1.0.0@preproc_conditional_var#holes-lead+comments	var-names	preproc_conditional_var	holes-lead+comments	admitted		B7b-1	empty-syntax-rejected	TPL2=0,X=0:A;TPL2=0,X=1:A;TPL2=1,X=0:A;TPL2=1,X=1:R	MIXED:TPL2=0,X=0:CONSISTENT;TPL2=0,X=1:CONSISTENT;TPL2=1,X=0:CONSISTENT;TPL2=1,X=1:REJECTED/syntax/over-accepts
occ:variable_declaration:2.0.1.0.0@preproc_conditional_var#holes-lead+not	var-names	preproc_conditional_var	holes-lead+not	admitted		B7b-1	empty-syntax-rejected	TPL2=0,X=0:A;TPL2=0,X=1:A;TPL2=1,X=0:R;TPL2=1,X=1:A	MIXED:TPL2=0,X=0:CONSISTENT;TPL2=0,X=1:CONSISTENT;TPL2=1,X=0:REJECTED/syntax/over-accepts;TPL2=1,X=1:CONSISTENT
occ:variable_declaration:2.0.1.0.0@preproc_conditional_var#holes-mid	var-names	preproc_conditional_var	holes-mid	admitted		B7b-1	empty-syntax-rejected	TPL2=0,X=0:A;TPL2=0,X=1:A;TPL2=1,X=0:A;TPL2=1,X=1:R	MIXED:TPL2=0,X=0:CONSISTENT;TPL2=0,X=1:CONSISTENT;TPL2=1,X=0:CONSISTENT;TPL2=1,X=1:REJECTED/syntax/over-accepts
occ:variable_declaration:2.0.1.0.0@preproc_conditional_var#holes-mid+comments	var-names	preproc_conditional_var	holes-mid+comments	admitted		B7b-1	empty-syntax-rejected	TPL2=0,X=0:A;TPL2=0,X=1:A;TPL2=1,X=0:A;TPL2=1,X=1:R	MIXED:TPL2=0,X=0:CONSISTENT;TPL2=0,X=1:CONSISTENT;TPL2=1,X=0:CONSISTENT;TPL2=1,X=1:REJECTED/syntax/over-accepts
occ:variable_declaration:2.0.1.0.0@preproc_conditional_var#holes-mid+not	var-names	preproc_conditional_var	holes-mid+not	admitted		B7b-1	empty-syntax-rejected	TPL2=0,X=0:A;TPL2=0,X=1:A;TPL2=1,X=0:R;TPL2=1,X=1:A	MIXED:TPL2=0,X=0:CONSISTENT;TPL2=0,X=1:CONSISTENT;TPL2=1,X=0:REJECTED/syntax/over-accepts;TPL2=1,X=1:CONSISTENT
occ:variable_declaration:2.0.1.0.0@preproc_conditional_var#holes-trail	var-names	preproc_conditional_var	holes-trail	admitted		B7b-1	empty-syntax-rejected	TPL2=0,X=0:A;TPL2=0,X=1:A;TPL2=1,X=0:A;TPL2=1,X=1:R	MIXED:TPL2=0,X=0:CONSISTENT;TPL2=0,X=1:CONSISTENT;TPL2=1,X=0:CONSISTENT;TPL2=1,X=1:REJECTED/syntax/over-accepts
occ:variable_declaration:2.0.1.0.0@preproc_conditional_var#holes-trail+comments	var-names	preproc_conditional_var	holes-trail+comments	admitted		B7b-1	empty-syntax-rejected	TPL2=0,X=0:A;TPL2=0,X=1:A;TPL2=1,X=0:A;TPL2=1,X=1:R	MIXED:TPL2=0,X=0:CONSISTENT;TPL2=0,X=1:CONSISTENT;TPL2=1,X=0:CONSISTENT;TPL2=1,X=1:REJECTED/syntax/over-accepts
occ:variable_declaration:2.0.1.0.0@preproc_conditional_var#holes-trail+not	var-names	preproc_conditional_var	holes-trail+not	admitted		B7b-1	empty-syntax-rejected	TPL2=0,X=0:A;TPL2=0,X=1:A;TPL2=1,X=0:R;TPL2=1,X=1:A	MIXED:TPL2=0,X=0:CONSISTENT;TPL2=0,X=1:CONSISTENT;TPL2=1,X=0:REJECTED/syntax/over-accepts;TPL2=1,X=1:CONSISTENT
occ:variable_declaration:2.0.1.0.0@preproc_conditional_var#lead-optional	var-names	preproc_conditional_var	lead-optional	admitted		B7b-1	empty-syntax-rejected	TPL2=0,X=0:A;TPL2=0,X=1:A;TPL2=1,X=0:A;TPL2=1,X=1:A	CONSISTENT
occ:variable_declaration:2.0.1.0.0@preproc_conditional_var#lead-optional+comments	var-names	preproc_conditional_var	lead-optional+comments	admitted		B7b-1	empty-syntax-rejected	TPL2=0,X=0:A;TPL2=0,X=1:A;TPL2=1,X=0:A;TPL2=1,X=1:A	CONSISTENT
occ:variable_declaration:2.0.1.0.0@preproc_conditional_var#lead-optional+not	var-names	preproc_conditional_var	lead-optional+not	admitted		B7b-1	empty-syntax-rejected	TPL2=0,X=0:A;TPL2=0,X=1:A;TPL2=1,X=0:A;TPL2=1,X=1:A	CONSISTENT
occ:variable_declaration:2.0.1.0.0@preproc_conditional_var#nested	var-names	preproc_conditional_var	nested	admitted		B7b-1	empty-syntax-rejected	TPL2=0,X=0,Y=0:A;TPL2=0,X=0,Y=1:A;TPL2=0,X=1,Y=0:A;TPL2=0,X=1,Y=1:A;TPL2=1,X=0,Y=0:A;TPL2=1,X=0,Y=1:A;TPL2=1,X=1,Y=0:A;TPL2=1,X=1,Y=1:A	CONSISTENT
occ:variable_declaration:2.0.1.0.0@preproc_conditional_var#nested+comments	var-names	preproc_conditional_var	nested+comments	admitted		B7b-1	empty-syntax-rejected	TPL2=0,X=0,Y=0:A;TPL2=0,X=0,Y=1:A;TPL2=0,X=1,Y=0:A;TPL2=0,X=1,Y=1:A;TPL2=1,X=0,Y=0:A;TPL2=1,X=0,Y=1:A;TPL2=1,X=1,Y=0:A;TPL2=1,X=1,Y=1:A	CONSISTENT
occ:variable_declaration:2.0.1.0.0@preproc_conditional_var#nested+not	var-names	preproc_conditional_var	nested+not	admitted		B7b-1	empty-syntax-rejected	TPL2=0,X=0,Y=0:A;TPL2=0,X=0,Y=1:A;TPL2=0,X=1,Y=0:A;TPL2=0,X=1,Y=1:A;TPL2=1,X=0,Y=0:A;TPL2=1,X=0,Y=1:A;TPL2=1,X=1,Y=0:A;TPL2=1,X=1,Y=1:A	CONSISTENT
occ:variable_declaration:2.0.1.0.0@preproc_conditional_var#one-elem	var-names	preproc_conditional_var	one-elem	admitted		B7b-1	empty-syntax-rejected	TPL2=0,X=0:A;TPL2=0,X=1:A;TPL2=1,X=0:A;TPL2=1,X=1:A	CONSISTENT
occ:variable_declaration:2.0.1.0.0@preproc_conditional_var#one-elem+comments	var-names	preproc_conditional_var	one-elem+comments	admitted		B7b-1	empty-syntax-rejected	TPL2=0,X=0:A;TPL2=0,X=1:A;TPL2=1,X=0:A;TPL2=1,X=1:A	CONSISTENT
occ:variable_declaration:2.0.1.0.0@preproc_conditional_var#one-elem+not	var-names	preproc_conditional_var	one-elem+not	admitted		B7b-1	empty-syntax-rejected	TPL2=0,X=0:A;TPL2=0,X=1:A;TPL2=1,X=0:A;TPL2=1,X=1:A	CONSISTENT
occ:variable_declaration:2.0.1.0.0@preproc_conditional_var#sep-after	var-names	preproc_conditional_var	sep-after	admitted		B7b-1	empty-syntax-rejected	TPL2=0,X=0:A;TPL2=0,X=1:A;TPL2=1,X=0:A;TPL2=1,X=1:A	CONSISTENT
occ:variable_declaration:2.0.1.0.0@preproc_conditional_var#sep-after+comments	var-names	preproc_conditional_var	sep-after+comments	admitted		B7b-1	empty-syntax-rejected	TPL2=0,X=0:A;TPL2=0,X=1:A;TPL2=1,X=0:A;TPL2=1,X=1:A	CONSISTENT
occ:variable_declaration:2.0.1.0.0@preproc_conditional_var#sep-after+not	var-names	preproc_conditional_var	sep-after+not	admitted		B7b-1	empty-syntax-rejected	TPL2=0,X=0:A;TPL2=0,X=1:A;TPL2=1,X=0:A;TPL2=1,X=1:A	CONSISTENT
occ:variable_declaration:2.0.1.0.0@preproc_conditional_var#sep-before	var-names	preproc_conditional_var	sep-before	admitted		B7b-1	empty-syntax-rejected	TPL2=0,X=0:A;TPL2=0,X=1:A;TPL2=1,X=0:A;TPL2=1,X=1:A	CONSISTENT
occ:variable_declaration:2.0.1.0.0@preproc_conditional_var#sep-before+comments	var-names	preproc_conditional_var	sep-before+comments	admitted		B7b-1	empty-syntax-rejected	TPL2=0,X=0:A;TPL2=0,X=1:A;TPL2=1,X=0:A;TPL2=1,X=1:A	CONSISTENT
occ:variable_declaration:2.0.1.0.0@preproc_conditional_var#sep-before+not	var-names	preproc_conditional_var	sep-before+not	admitted		B7b-1	empty-syntax-rejected	TPL2=0,X=0:A;TPL2=0,X=1:A;TPL2=1,X=0:A;TPL2=1,X=1:A	CONSISTENT
occ:variable_declaration:2.0.1.0.0@preproc_conditional_var#sep-before-end	var-names	preproc_conditional_var	sep-before-end	admitted		B7b-1	empty-syntax-rejected	TPL2=0,X=0:A;TPL2=0,X=1:A;TPL2=1,X=0:A;TPL2=1,X=1:A	CONSISTENT
occ:variable_declaration:2.0.1.0.0@preproc_conditional_var#sep-before-end+comments	var-names	preproc_conditional_var	sep-before-end+comments	admitted		B7b-1	empty-syntax-rejected	TPL2=0,X=0:A;TPL2=0,X=1:A;TPL2=1,X=0:A;TPL2=1,X=1:A	CONSISTENT
occ:variable_declaration:2.0.1.0.0@preproc_conditional_var#sep-before-end+not	var-names	preproc_conditional_var	sep-before-end+not	admitted		B7b-1	empty-syntax-rejected	TPL2=0,X=0:A;TPL2=0,X=1:A;TPL2=1,X=0:A;TPL2=1,X=1:A	CONSISTENT
occ:variable_declaration:2.0.1.0.0@preproc_conditional_var#sep-only	var-names	preproc_conditional_var	sep-only	admitted		B7b-1	empty-syntax-rejected	TPL2=0,X=0:A;TPL2=0,X=1:A;TPL2=1,X=0:A;TPL2=1,X=1:A	CONSISTENT
occ:variable_declaration:2.0.1.0.0@preproc_conditional_var#sep-only+comments	var-names	preproc_conditional_var	sep-only+comments	admitted		B7b-1	empty-syntax-rejected	TPL2=0,X=0:A;TPL2=0,X=1:A;TPL2=1,X=0:A;TPL2=1,X=1:A	CONSISTENT
occ:variable_declaration:2.0.1.0.0@preproc_conditional_var#sep-only+not	var-names	preproc_conditional_var	sep-only+not	admitted		B7b-1	empty-syntax-rejected	TPL2=0,X=0:A;TPL2=0,X=1:A;TPL2=1,X=0:A;TPL2=1,X=1:A	CONSISTENT
occ:variable_declaration:2.0.1.0.0@preproc_conditional_var#trail	var-names	preproc_conditional_var	trail	admitted		B7b-1	empty-syntax-rejected	TPL2=0,X=0:A;TPL2=0,X=1:A;TPL2=1,X=0:R;TPL2=1,X=1:A	MIXED:TPL2=0,X=0:CONSISTENT;TPL2=0,X=1:CONSISTENT;TPL2=1,X=0:REJECTED/syntax/over-accepts;TPL2=1,X=1:CONSISTENT
occ:variable_declaration:2.0.1.0.0@preproc_conditional_var#trail+comments	var-names	preproc_conditional_var	trail+comments	admitted		B7b-1	empty-syntax-rejected	TPL2=0,X=0:A;TPL2=0,X=1:A;TPL2=1,X=0:R;TPL2=1,X=1:A	MIXED:TPL2=0,X=0:CONSISTENT;TPL2=0,X=1:CONSISTENT;TPL2=1,X=0:REJECTED/syntax/over-accepts;TPL2=1,X=1:CONSISTENT
occ:variable_declaration:2.0.1.0.0@preproc_conditional_var#trail+not	var-names	preproc_conditional_var	trail+not	admitted		B7b-1	empty-syntax-rejected	TPL2=0,X=0:A;TPL2=0,X=1:A;TPL2=1,X=0:A;TPL2=1,X=1:R	MIXED:TPL2=0,X=0:CONSISTENT;TPL2=0,X=1:CONSISTENT;TPL2=1,X=0:CONSISTENT;TPL2=1,X=1:REJECTED/syntax/over-accepts
occ:variable_declaration:2.0.1.0.0@preproc_split_var_section_tail#adjacent-compl	var-names	preproc_split_var_section_tail	adjacent-compl	admitted		B7b-1	empty-syntax-rejected	TPL2=0,X=0:A;TPL2=0,X=1:A;TPL2=1,X=0:A;TPL2=1,X=1:A	CONSISTENT
occ:variable_declaration:2.0.1.0.0@preproc_split_var_section_tail#adjacent-compl+comments	var-names	preproc_split_var_section_tail	adjacent-compl+comments	admitted		B7b-1	empty-syntax-rejected	TPL2=0,X=0:A;TPL2=0,X=1:A;TPL2=1,X=0:A;TPL2=1,X=1:A	CONSISTENT
occ:variable_declaration:2.0.1.0.0@preproc_split_var_section_tail#adjacent-compl+not	var-names	preproc_split_var_section_tail	adjacent-compl+not	admitted		B7b-1	empty-syntax-rejected	TPL2=0,X=0:A;TPL2=0,X=1:A;TPL2=1,X=0:A;TPL2=1,X=1:A	CONSISTENT
occ:variable_declaration:2.0.1.0.0@preproc_split_var_section_tail#adjacent-indep	var-names	preproc_split_var_section_tail	adjacent-indep	admitted		B7b-1	empty-syntax-rejected	TPL2=0,X=0,Y=0:A;TPL2=0,X=0,Y=1:A;TPL2=0,X=1,Y=0:A;TPL2=0,X=1,Y=1:A;TPL2=1,X=0,Y=0:A;TPL2=1,X=0,Y=1:A;TPL2=1,X=1,Y=0:A;TPL2=1,X=1,Y=1:A	CONSISTENT
occ:variable_declaration:2.0.1.0.0@preproc_split_var_section_tail#adjacent-indep+comments	var-names	preproc_split_var_section_tail	adjacent-indep+comments	admitted		B7b-1	empty-syntax-rejected	TPL2=0,X=0,Y=0:A;TPL2=0,X=0,Y=1:A;TPL2=0,X=1,Y=0:A;TPL2=0,X=1,Y=1:A;TPL2=1,X=0,Y=0:A;TPL2=1,X=0,Y=1:A;TPL2=1,X=1,Y=0:A;TPL2=1,X=1,Y=1:A	CONSISTENT
occ:variable_declaration:2.0.1.0.0@preproc_split_var_section_tail#adjacent-indep+not	var-names	preproc_split_var_section_tail	adjacent-indep+not	admitted		B7b-1	empty-syntax-rejected	TPL2=0,X=0,Y=0:A;TPL2=0,X=0,Y=1:A;TPL2=0,X=1,Y=0:A;TPL2=0,X=1,Y=1:A;TPL2=1,X=0,Y=0:A;TPL2=1,X=0,Y=1:A;TPL2=1,X=1,Y=0:A;TPL2=1,X=1,Y=1:A	CONSISTENT
occ:variable_declaration:2.0.1.0.0@preproc_split_var_section_tail#both-in-arm	var-names	preproc_split_var_section_tail	both-in-arm	admitted		B7b-1	empty-syntax-rejected	TPL2=0,X=0:A;TPL2=0,X=1:A;TPL2=1,X=0:A;TPL2=1,X=1:A	CONSISTENT
occ:variable_declaration:2.0.1.0.0@preproc_split_var_section_tail#both-in-arm+comments	var-names	preproc_split_var_section_tail	both-in-arm+comments	admitted		B7b-1	empty-syntax-rejected	TPL2=0,X=0:A;TPL2=0,X=1:A;TPL2=1,X=0:A;TPL2=1,X=1:A	CONSISTENT
occ:variable_declaration:2.0.1.0.0@preproc_split_var_section_tail#both-in-arm+not	var-names	preproc_split_var_section_tail	both-in-arm+not	admitted		B7b-1	empty-syntax-rejected	TPL2=0,X=0:A;TPL2=0,X=1:A;TPL2=1,X=0:A;TPL2=1,X=1:A	CONSISTENT
occ:variable_declaration:2.0.1.0.0@preproc_split_var_section_tail#count-differs	var-names	preproc_split_var_section_tail	count-differs	admitted		B7b-1	empty-syntax-rejected	TPL2=0,X=0:A;TPL2=0,X=1:A;TPL2=1,X=0:A;TPL2=1,X=1:A	CONSISTENT
occ:variable_declaration:2.0.1.0.0@preproc_split_var_section_tail#count-differs+comments	var-names	preproc_split_var_section_tail	count-differs+comments	admitted		B7b-1	empty-syntax-rejected	TPL2=0,X=0:A;TPL2=0,X=1:A;TPL2=1,X=0:A;TPL2=1,X=1:A	CONSISTENT
occ:variable_declaration:2.0.1.0.0@preproc_split_var_section_tail#count-differs+not	var-names	preproc_split_var_section_tail	count-differs+not	admitted		B7b-1	empty-syntax-rejected	TPL2=0,X=0:A;TPL2=0,X=1:A;TPL2=1,X=0:A;TPL2=1,X=1:A	CONSISTENT
occ:variable_declaration:2.0.1.0.0@preproc_split_var_section_tail#elif	var-names	preproc_split_var_section_tail	elif	admitted		B7b-1	empty-syntax-rejected	TPL2=0,X=0,Y=0:A;TPL2=0,X=0,Y=1:A;TPL2=0,X=1,Y=0:A;TPL2=0,X=1,Y=1:A;TPL2=1,X=0,Y=0:A;TPL2=1,X=0,Y=1:A;TPL2=1,X=1,Y=0:A;TPL2=1,X=1,Y=1:A	CONSISTENT
occ:variable_declaration:2.0.1.0.0@preproc_split_var_section_tail#elif+comments	var-names	preproc_split_var_section_tail	elif+comments	admitted		B7b-1	empty-syntax-rejected	TPL2=0,X=0,Y=0:A;TPL2=0,X=0,Y=1:A;TPL2=0,X=1,Y=0:A;TPL2=0,X=1,Y=1:A;TPL2=1,X=0,Y=0:A;TPL2=1,X=0,Y=1:A;TPL2=1,X=1,Y=0:A;TPL2=1,X=1,Y=1:A	CONSISTENT
occ:variable_declaration:2.0.1.0.0@preproc_split_var_section_tail#elif+not	var-names	preproc_split_var_section_tail	elif+not	admitted		B7b-1	empty-syntax-rejected	TPL2=0,X=0,Y=0:A;TPL2=0,X=0,Y=1:A;TPL2=0,X=1,Y=0:A;TPL2=0,X=1,Y=1:A;TPL2=1,X=0,Y=0:A;TPL2=1,X=0,Y=1:A;TPL2=1,X=1,Y=0:A;TPL2=1,X=1,Y=1:A	CONSISTENT
occ:variable_declaration:2.0.1.0.0@preproc_split_var_section_tail#empty	var-names	preproc_split_var_section_tail	empty	admitted		B7b-1	empty-syntax-rejected	TPL2=0,X=0:A;TPL2=0,X=1:A;TPL2=1,X=0:A;TPL2=1,X=1:A	CONSISTENT
occ:variable_declaration:2.0.1.0.0@preproc_split_var_section_tail#empty+comments	var-names	preproc_split_var_section_tail	empty+comments	admitted		B7b-1	empty-syntax-rejected	TPL2=0,X=0:A;TPL2=0,X=1:A;TPL2=1,X=0:A;TPL2=1,X=1:A	CONSISTENT
occ:variable_declaration:2.0.1.0.0@preproc_split_var_section_tail#empty+not	var-names	preproc_split_var_section_tail	empty+not	admitted		B7b-1	empty-syntax-rejected	TPL2=0,X=0:A;TPL2=0,X=1:A;TPL2=1,X=0:A;TPL2=1,X=1:A	CONSISTENT
occ:variable_declaration:2.0.1.0.0@preproc_split_var_section_tail#empty-list	var-names	preproc_split_var_section_tail	empty-list	admitted		B7b-1	empty-syntax-rejected	TPL2=0,X=0:A;TPL2=0,X=1:A;TPL2=1,X=0:R;TPL2=1,X=1:A	MIXED:TPL2=0,X=0:CONSISTENT;TPL2=0,X=1:CONSISTENT;TPL2=1,X=0:REJECTED/syntax/over-accepts;TPL2=1,X=1:CONSISTENT
occ:variable_declaration:2.0.1.0.0@preproc_split_var_section_tail#empty-list+comments	var-names	preproc_split_var_section_tail	empty-list+comments	admitted		B7b-1	empty-syntax-rejected	TPL2=0,X=0:A;TPL2=0,X=1:A;TPL2=1,X=0:R;TPL2=1,X=1:A	MIXED:TPL2=0,X=0:CONSISTENT;TPL2=0,X=1:CONSISTENT;TPL2=1,X=0:REJECTED/syntax/over-accepts;TPL2=1,X=1:CONSISTENT
occ:variable_declaration:2.0.1.0.0@preproc_split_var_section_tail#empty-list+not	var-names	preproc_split_var_section_tail	empty-list+not	admitted		B7b-1	empty-syntax-rejected	TPL2=0,X=0:A;TPL2=0,X=1:A;TPL2=1,X=0:A;TPL2=1,X=1:R	MIXED:TPL2=0,X=0:CONSISTENT;TPL2=0,X=1:CONSISTENT;TPL2=1,X=0:CONSISTENT;TPL2=1,X=1:REJECTED/syntax/over-accepts
occ:variable_declaration:2.0.1.0.0@preproc_split_var_section_tail#first-replace	var-names	preproc_split_var_section_tail	first-replace	admitted		B7b-1	empty-syntax-rejected	TPL2=0,X=0:A;TPL2=0,X=1:A;TPL2=1,X=0:A;TPL2=1,X=1:A	CONSISTENT
occ:variable_declaration:2.0.1.0.0@preproc_split_var_section_tail#first-replace+comments	var-names	preproc_split_var_section_tail	first-replace+comments	admitted		B7b-1	empty-syntax-rejected	TPL2=0,X=0:A;TPL2=0,X=1:A;TPL2=1,X=0:A;TPL2=1,X=1:A	CONSISTENT
occ:variable_declaration:2.0.1.0.0@preproc_split_var_section_tail#first-replace+not	var-names	preproc_split_var_section_tail	first-replace+not	admitted		B7b-1	empty-syntax-rejected	TPL2=0,X=0:A;TPL2=0,X=1:A;TPL2=1,X=0:A;TPL2=1,X=1:A	CONSISTENT
occ:variable_declaration:2.0.1.0.0@preproc_split_var_section_tail#holes-lead	var-names	preproc_split_var_section_tail	holes-lead	admitted		B7b-1	empty-syntax-rejected	TPL2=0,X=0:A;TPL2=0,X=1:A;TPL2=1,X=0:A;TPL2=1,X=1:R	MIXED:TPL2=0,X=0:CONSISTENT;TPL2=0,X=1:CONSISTENT;TPL2=1,X=0:CONSISTENT;TPL2=1,X=1:REJECTED/semantic/over-accepts
occ:variable_declaration:2.0.1.0.0@preproc_split_var_section_tail#holes-lead+comments	var-names	preproc_split_var_section_tail	holes-lead+comments	admitted		B7b-1	empty-syntax-rejected	TPL2=0,X=0:A;TPL2=0,X=1:A;TPL2=1,X=0:A;TPL2=1,X=1:R	MIXED:TPL2=0,X=0:CONSISTENT;TPL2=0,X=1:CONSISTENT;TPL2=1,X=0:CONSISTENT;TPL2=1,X=1:REJECTED/semantic/over-accepts
occ:variable_declaration:2.0.1.0.0@preproc_split_var_section_tail#holes-lead+not	var-names	preproc_split_var_section_tail	holes-lead+not	admitted		B7b-1	empty-syntax-rejected	TPL2=0,X=0:A;TPL2=0,X=1:A;TPL2=1,X=0:R;TPL2=1,X=1:A	MIXED:TPL2=0,X=0:CONSISTENT;TPL2=0,X=1:CONSISTENT;TPL2=1,X=0:REJECTED/semantic/over-accepts;TPL2=1,X=1:CONSISTENT
occ:variable_declaration:2.0.1.0.0@preproc_split_var_section_tail#holes-mid	var-names	preproc_split_var_section_tail	holes-mid	admitted		B7b-1	empty-syntax-rejected	TPL2=0,X=0:A;TPL2=0,X=1:A;TPL2=1,X=0:A;TPL2=1,X=1:R	MIXED:TPL2=0,X=0:CONSISTENT;TPL2=0,X=1:CONSISTENT;TPL2=1,X=0:CONSISTENT;TPL2=1,X=1:REJECTED/syntax/over-accepts
occ:variable_declaration:2.0.1.0.0@preproc_split_var_section_tail#holes-mid+comments	var-names	preproc_split_var_section_tail	holes-mid+comments	admitted		B7b-1	empty-syntax-rejected	TPL2=0,X=0:A;TPL2=0,X=1:A;TPL2=1,X=0:A;TPL2=1,X=1:R	MIXED:TPL2=0,X=0:CONSISTENT;TPL2=0,X=1:CONSISTENT;TPL2=1,X=0:CONSISTENT;TPL2=1,X=1:REJECTED/syntax/over-accepts
occ:variable_declaration:2.0.1.0.0@preproc_split_var_section_tail#holes-mid+not	var-names	preproc_split_var_section_tail	holes-mid+not	admitted		B7b-1	empty-syntax-rejected	TPL2=0,X=0:A;TPL2=0,X=1:A;TPL2=1,X=0:R;TPL2=1,X=1:A	MIXED:TPL2=0,X=0:CONSISTENT;TPL2=0,X=1:CONSISTENT;TPL2=1,X=0:REJECTED/syntax/over-accepts;TPL2=1,X=1:CONSISTENT
occ:variable_declaration:2.0.1.0.0@preproc_split_var_section_tail#holes-trail	var-names	preproc_split_var_section_tail	holes-trail	admitted		B7b-1	empty-syntax-rejected	TPL2=0,X=0:A;TPL2=0,X=1:A;TPL2=1,X=0:A;TPL2=1,X=1:R	MIXED:TPL2=0,X=0:CONSISTENT;TPL2=0,X=1:CONSISTENT;TPL2=1,X=0:CONSISTENT;TPL2=1,X=1:REJECTED/syntax/over-accepts
occ:variable_declaration:2.0.1.0.0@preproc_split_var_section_tail#holes-trail+comments	var-names	preproc_split_var_section_tail	holes-trail+comments	admitted		B7b-1	empty-syntax-rejected	TPL2=0,X=0:A;TPL2=0,X=1:A;TPL2=1,X=0:A;TPL2=1,X=1:R	MIXED:TPL2=0,X=0:CONSISTENT;TPL2=0,X=1:CONSISTENT;TPL2=1,X=0:CONSISTENT;TPL2=1,X=1:REJECTED/syntax/over-accepts
occ:variable_declaration:2.0.1.0.0@preproc_split_var_section_tail#holes-trail+not	var-names	preproc_split_var_section_tail	holes-trail+not	admitted		B7b-1	empty-syntax-rejected	TPL2=0,X=0:A;TPL2=0,X=1:A;TPL2=1,X=0:R;TPL2=1,X=1:A	MIXED:TPL2=0,X=0:CONSISTENT;TPL2=0,X=1:CONSISTENT;TPL2=1,X=0:REJECTED/syntax/over-accepts;TPL2=1,X=1:CONSISTENT
occ:variable_declaration:2.0.1.0.0@preproc_split_var_section_tail#lead-optional	var-names	preproc_split_var_section_tail	lead-optional	admitted		B7b-1	empty-syntax-rejected	TPL2=0,X=0:A;TPL2=0,X=1:A;TPL2=1,X=0:A;TPL2=1,X=1:A	CONSISTENT
occ:variable_declaration:2.0.1.0.0@preproc_split_var_section_tail#lead-optional+comments	var-names	preproc_split_var_section_tail	lead-optional+comments	admitted		B7b-1	empty-syntax-rejected	TPL2=0,X=0:A;TPL2=0,X=1:A;TPL2=1,X=0:A;TPL2=1,X=1:A	CONSISTENT
occ:variable_declaration:2.0.1.0.0@preproc_split_var_section_tail#lead-optional+not	var-names	preproc_split_var_section_tail	lead-optional+not	admitted		B7b-1	empty-syntax-rejected	TPL2=0,X=0:A;TPL2=0,X=1:A;TPL2=1,X=0:A;TPL2=1,X=1:A	CONSISTENT
occ:variable_declaration:2.0.1.0.0@preproc_split_var_section_tail#nested	var-names	preproc_split_var_section_tail	nested	admitted		B7b-1	empty-syntax-rejected	TPL2=0,X=0,Y=0:A;TPL2=0,X=0,Y=1:A;TPL2=0,X=1,Y=0:A;TPL2=0,X=1,Y=1:A;TPL2=1,X=0,Y=0:A;TPL2=1,X=0,Y=1:A;TPL2=1,X=1,Y=0:A;TPL2=1,X=1,Y=1:A	CONSISTENT
occ:variable_declaration:2.0.1.0.0@preproc_split_var_section_tail#nested+comments	var-names	preproc_split_var_section_tail	nested+comments	admitted		B7b-1	empty-syntax-rejected	TPL2=0,X=0,Y=0:A;TPL2=0,X=0,Y=1:A;TPL2=0,X=1,Y=0:A;TPL2=0,X=1,Y=1:A;TPL2=1,X=0,Y=0:A;TPL2=1,X=0,Y=1:A;TPL2=1,X=1,Y=0:A;TPL2=1,X=1,Y=1:A	CONSISTENT
occ:variable_declaration:2.0.1.0.0@preproc_split_var_section_tail#nested+not	var-names	preproc_split_var_section_tail	nested+not	admitted		B7b-1	empty-syntax-rejected	TPL2=0,X=0,Y=0:A;TPL2=0,X=0,Y=1:A;TPL2=0,X=1,Y=0:A;TPL2=0,X=1,Y=1:A;TPL2=1,X=0,Y=0:A;TPL2=1,X=0,Y=1:A;TPL2=1,X=1,Y=0:A;TPL2=1,X=1,Y=1:A	CONSISTENT
occ:variable_declaration:2.0.1.0.0@preproc_split_var_section_tail#one-elem	var-names	preproc_split_var_section_tail	one-elem	admitted		B7b-1	empty-syntax-rejected	TPL2=0,X=0:A;TPL2=0,X=1:A;TPL2=1,X=0:A;TPL2=1,X=1:A	CONSISTENT
occ:variable_declaration:2.0.1.0.0@preproc_split_var_section_tail#one-elem+comments	var-names	preproc_split_var_section_tail	one-elem+comments	admitted		B7b-1	empty-syntax-rejected	TPL2=0,X=0:A;TPL2=0,X=1:A;TPL2=1,X=0:A;TPL2=1,X=1:A	CONSISTENT
occ:variable_declaration:2.0.1.0.0@preproc_split_var_section_tail#one-elem+not	var-names	preproc_split_var_section_tail	one-elem+not	admitted		B7b-1	empty-syntax-rejected	TPL2=0,X=0:A;TPL2=0,X=1:A;TPL2=1,X=0:A;TPL2=1,X=1:A	CONSISTENT
occ:variable_declaration:2.0.1.0.0@preproc_split_var_section_tail#sep-after	var-names	preproc_split_var_section_tail	sep-after	admitted		B7b-1	empty-syntax-rejected	TPL2=0,X=0:A;TPL2=0,X=1:A;TPL2=1,X=0:A;TPL2=1,X=1:A	CONSISTENT
occ:variable_declaration:2.0.1.0.0@preproc_split_var_section_tail#sep-after+comments	var-names	preproc_split_var_section_tail	sep-after+comments	admitted		B7b-1	empty-syntax-rejected	TPL2=0,X=0:A;TPL2=0,X=1:A;TPL2=1,X=0:A;TPL2=1,X=1:A	CONSISTENT
occ:variable_declaration:2.0.1.0.0@preproc_split_var_section_tail#sep-after+not	var-names	preproc_split_var_section_tail	sep-after+not	admitted		B7b-1	empty-syntax-rejected	TPL2=0,X=0:A;TPL2=0,X=1:A;TPL2=1,X=0:A;TPL2=1,X=1:A	CONSISTENT
occ:variable_declaration:2.0.1.0.0@preproc_split_var_section_tail#sep-before	var-names	preproc_split_var_section_tail	sep-before	admitted		B7b-1	empty-syntax-rejected	TPL2=0,X=0:A;TPL2=0,X=1:A;TPL2=1,X=0:A;TPL2=1,X=1:A	CONSISTENT
occ:variable_declaration:2.0.1.0.0@preproc_split_var_section_tail#sep-before+comments	var-names	preproc_split_var_section_tail	sep-before+comments	admitted		B7b-1	empty-syntax-rejected	TPL2=0,X=0:A;TPL2=0,X=1:A;TPL2=1,X=0:A;TPL2=1,X=1:A	CONSISTENT
occ:variable_declaration:2.0.1.0.0@preproc_split_var_section_tail#sep-before+not	var-names	preproc_split_var_section_tail	sep-before+not	admitted		B7b-1	empty-syntax-rejected	TPL2=0,X=0:A;TPL2=0,X=1:A;TPL2=1,X=0:A;TPL2=1,X=1:A	CONSISTENT
occ:variable_declaration:2.0.1.0.0@preproc_split_var_section_tail#sep-before-end	var-names	preproc_split_var_section_tail	sep-before-end	admitted		B7b-1	empty-syntax-rejected	TPL2=0,X=0:A;TPL2=0,X=1:A;TPL2=1,X=0:A;TPL2=1,X=1:A	CONSISTENT
occ:variable_declaration:2.0.1.0.0@preproc_split_var_section_tail#sep-before-end+comments	var-names	preproc_split_var_section_tail	sep-before-end+comments	admitted		B7b-1	empty-syntax-rejected	TPL2=0,X=0:A;TPL2=0,X=1:A;TPL2=1,X=0:A;TPL2=1,X=1:A	CONSISTENT
occ:variable_declaration:2.0.1.0.0@preproc_split_var_section_tail#sep-before-end+not	var-names	preproc_split_var_section_tail	sep-before-end+not	admitted		B7b-1	empty-syntax-rejected	TPL2=0,X=0:A;TPL2=0,X=1:A;TPL2=1,X=0:A;TPL2=1,X=1:A	CONSISTENT
occ:variable_declaration:2.0.1.0.0@preproc_split_var_section_tail#sep-only	var-names	preproc_split_var_section_tail	sep-only	admitted		B7b-1	empty-syntax-rejected	TPL2=0,X=0:A;TPL2=0,X=1:A;TPL2=1,X=0:A;TPL2=1,X=1:A	CONSISTENT
occ:variable_declaration:2.0.1.0.0@preproc_split_var_section_tail#sep-only+comments	var-names	preproc_split_var_section_tail	sep-only+comments	admitted		B7b-1	empty-syntax-rejected	TPL2=0,X=0:A;TPL2=0,X=1:A;TPL2=1,X=0:A;TPL2=1,X=1:A	CONSISTENT
occ:variable_declaration:2.0.1.0.0@preproc_split_var_section_tail#sep-only+not	var-names	preproc_split_var_section_tail	sep-only+not	admitted		B7b-1	empty-syntax-rejected	TPL2=0,X=0:A;TPL2=0,X=1:A;TPL2=1,X=0:A;TPL2=1,X=1:A	CONSISTENT
occ:variable_declaration:2.0.1.0.0@preproc_split_var_section_tail#trail	var-names	preproc_split_var_section_tail	trail	admitted		B7b-1	empty-syntax-rejected	TPL2=0,X=0:A;TPL2=0,X=1:A;TPL2=1,X=0:R;TPL2=1,X=1:A	MIXED:TPL2=0,X=0:CONSISTENT;TPL2=0,X=1:CONSISTENT;TPL2=1,X=0:REJECTED/syntax/over-accepts;TPL2=1,X=1:CONSISTENT
occ:variable_declaration:2.0.1.0.0@preproc_split_var_section_tail#trail+comments	var-names	preproc_split_var_section_tail	trail+comments	admitted		B7b-1	empty-syntax-rejected	TPL2=0,X=0:A;TPL2=0,X=1:A;TPL2=1,X=0:R;TPL2=1,X=1:A	MIXED:TPL2=0,X=0:CONSISTENT;TPL2=0,X=1:CONSISTENT;TPL2=1,X=0:REJECTED/syntax/over-accepts;TPL2=1,X=1:CONSISTENT
occ:variable_declaration:2.0.1.0.0@preproc_split_var_section_tail#trail+not	var-names	preproc_split_var_section_tail	trail+not	admitted		B7b-1	empty-syntax-rejected	TPL2=0,X=0:A;TPL2=0,X=1:A;TPL2=1,X=0:A;TPL2=1,X=1:R	MIXED:TPL2=0,X=0:CONSISTENT;TPL2=0,X=1:CONSISTENT;TPL2=1,X=0:CONSISTENT;TPL2=1,X=1:REJECTED/syntax/over-accepts
occ:variable_declaration:2.0.1.0.0@var_body#adjacent-compl	var-names	var_body	adjacent-compl	admitted		B7b-1	empty-syntax-rejected	X=0:A;X=1:A	CONSISTENT
occ:variable_declaration:2.0.1.0.0@var_body#adjacent-compl+comments	var-names	var_body	adjacent-compl+comments	admitted		B7b-1	empty-syntax-rejected	X=0:A;X=1:A	CONSISTENT
occ:variable_declaration:2.0.1.0.0@var_body#adjacent-compl+not	var-names	var_body	adjacent-compl+not	admitted		B7b-1	empty-syntax-rejected	X=0:A;X=1:A	CONSISTENT
occ:variable_declaration:2.0.1.0.0@var_body#adjacent-indep	var-names	var_body	adjacent-indep	admitted		B7b-1	empty-syntax-rejected	X=0,Y=0:A;X=0,Y=1:A;X=1,Y=0:A;X=1,Y=1:A	CONSISTENT
occ:variable_declaration:2.0.1.0.0@var_body#adjacent-indep+comments	var-names	var_body	adjacent-indep+comments	admitted		B7b-1	empty-syntax-rejected	X=0,Y=0:A;X=0,Y=1:A;X=1,Y=0:A;X=1,Y=1:A	CONSISTENT
occ:variable_declaration:2.0.1.0.0@var_body#adjacent-indep+not	var-names	var_body	adjacent-indep+not	admitted		B7b-1	empty-syntax-rejected	X=0,Y=0:A;X=0,Y=1:A;X=1,Y=0:A;X=1,Y=1:A	CONSISTENT
occ:variable_declaration:2.0.1.0.0@var_body#both-in-arm	var-names	var_body	both-in-arm	admitted		B7b-1	empty-syntax-rejected	X=0:A;X=1:A	CONSISTENT
occ:variable_declaration:2.0.1.0.0@var_body#both-in-arm+comments	var-names	var_body	both-in-arm+comments	admitted		B7b-1	empty-syntax-rejected	X=0:A;X=1:A	CONSISTENT
occ:variable_declaration:2.0.1.0.0@var_body#both-in-arm+not	var-names	var_body	both-in-arm+not	admitted		B7b-1	empty-syntax-rejected	X=0:A;X=1:A	CONSISTENT
occ:variable_declaration:2.0.1.0.0@var_body#count-differs	var-names	var_body	count-differs	admitted		B7b-1	empty-syntax-rejected	X=0:A;X=1:A	CONSISTENT
occ:variable_declaration:2.0.1.0.0@var_body#count-differs+comments	var-names	var_body	count-differs+comments	admitted		B7b-1	empty-syntax-rejected	X=0:A;X=1:A	CONSISTENT
occ:variable_declaration:2.0.1.0.0@var_body#count-differs+not	var-names	var_body	count-differs+not	admitted		B7b-1	empty-syntax-rejected	X=0:A;X=1:A	CONSISTENT
occ:variable_declaration:2.0.1.0.0@var_body#elif	var-names	var_body	elif	admitted		B7b-1	empty-syntax-rejected	X=0,Y=0:A;X=0,Y=1:A;X=1,Y=0:A;X=1,Y=1:A	CONSISTENT
occ:variable_declaration:2.0.1.0.0@var_body#elif+comments	var-names	var_body	elif+comments	admitted		B7b-1	empty-syntax-rejected	X=0,Y=0:A;X=0,Y=1:A;X=1,Y=0:A;X=1,Y=1:A	CONSISTENT
occ:variable_declaration:2.0.1.0.0@var_body#elif+not	var-names	var_body	elif+not	admitted		B7b-1	empty-syntax-rejected	X=0,Y=0:A;X=0,Y=1:A;X=1,Y=0:A;X=1,Y=1:A	CONSISTENT
occ:variable_declaration:2.0.1.0.0@var_body#empty	var-names	var_body	empty	admitted		B7b-1	empty-syntax-rejected	X=0:A;X=1:A	CONSISTENT
occ:variable_declaration:2.0.1.0.0@var_body#empty+comments	var-names	var_body	empty+comments	admitted		B7b-1	empty-syntax-rejected	X=0:A;X=1:A	CONSISTENT
occ:variable_declaration:2.0.1.0.0@var_body#empty+not	var-names	var_body	empty+not	admitted		B7b-1	empty-syntax-rejected	X=0:A;X=1:A	CONSISTENT
occ:variable_declaration:2.0.1.0.0@var_body#empty-list	var-names	var_body	empty-list	admitted		B7b-1	empty-syntax-rejected	X=0:R;X=1:A	MIXED:X=0:REJECTED/syntax/over-accepts;X=1:CONSISTENT
occ:variable_declaration:2.0.1.0.0@var_body#empty-list+comments	var-names	var_body	empty-list+comments	admitted		B7b-1	empty-syntax-rejected	X=0:R;X=1:A	MIXED:X=0:REJECTED/syntax/over-accepts;X=1:CONSISTENT
occ:variable_declaration:2.0.1.0.0@var_body#empty-list+not	var-names	var_body	empty-list+not	admitted		B7b-1	empty-syntax-rejected	X=0:A;X=1:R	MIXED:X=0:CONSISTENT;X=1:REJECTED/syntax/over-accepts
occ:variable_declaration:2.0.1.0.0@var_body#first-replace	var-names	var_body	first-replace	admitted		B7b-1	empty-syntax-rejected	X=0:A;X=1:A	CONSISTENT
occ:variable_declaration:2.0.1.0.0@var_body#first-replace+comments	var-names	var_body	first-replace+comments	admitted		B7b-1	empty-syntax-rejected	X=0:A;X=1:A	CONSISTENT
occ:variable_declaration:2.0.1.0.0@var_body#first-replace+not	var-names	var_body	first-replace+not	admitted		B7b-1	empty-syntax-rejected	X=0:A;X=1:A	CONSISTENT
occ:variable_declaration:2.0.1.0.0@var_body#holes-lead	var-names	var_body	holes-lead	admitted		B7b-1	empty-syntax-rejected	X=0:A;X=1:R	MIXED:X=0:CONSISTENT;X=1:REJECTED/syntax/over-accepts
occ:variable_declaration:2.0.1.0.0@var_body#holes-lead+comments	var-names	var_body	holes-lead+comments	admitted		B7b-1	empty-syntax-rejected	X=0:A;X=1:R	MIXED:X=0:CONSISTENT;X=1:REJECTED/syntax/over-accepts
occ:variable_declaration:2.0.1.0.0@var_body#holes-lead+not	var-names	var_body	holes-lead+not	admitted		B7b-1	empty-syntax-rejected	X=0:R;X=1:A	MIXED:X=0:REJECTED/syntax/over-accepts;X=1:CONSISTENT
occ:variable_declaration:2.0.1.0.0@var_body#holes-mid	var-names	var_body	holes-mid	admitted		B7b-1	empty-syntax-rejected	X=0:A;X=1:R	MIXED:X=0:CONSISTENT;X=1:REJECTED/syntax/over-accepts
occ:variable_declaration:2.0.1.0.0@var_body#holes-mid+comments	var-names	var_body	holes-mid+comments	admitted		B7b-1	empty-syntax-rejected	X=0:A;X=1:R	MIXED:X=0:CONSISTENT;X=1:REJECTED/syntax/over-accepts
occ:variable_declaration:2.0.1.0.0@var_body#holes-mid+not	var-names	var_body	holes-mid+not	admitted		B7b-1	empty-syntax-rejected	X=0:R;X=1:A	MIXED:X=0:REJECTED/syntax/over-accepts;X=1:CONSISTENT
occ:variable_declaration:2.0.1.0.0@var_body#holes-trail	var-names	var_body	holes-trail	admitted		B7b-1	empty-syntax-rejected	X=0:A;X=1:R	MIXED:X=0:CONSISTENT;X=1:REJECTED/syntax/over-accepts
occ:variable_declaration:2.0.1.0.0@var_body#holes-trail+comments	var-names	var_body	holes-trail+comments	admitted		B7b-1	empty-syntax-rejected	X=0:A;X=1:R	MIXED:X=0:CONSISTENT;X=1:REJECTED/syntax/over-accepts
occ:variable_declaration:2.0.1.0.0@var_body#holes-trail+not	var-names	var_body	holes-trail+not	admitted		B7b-1	empty-syntax-rejected	X=0:R;X=1:A	MIXED:X=0:REJECTED/syntax/over-accepts;X=1:CONSISTENT
occ:variable_declaration:2.0.1.0.0@var_body#lead-optional	var-names	var_body	lead-optional	admitted		B7b-1	empty-syntax-rejected	X=0:A;X=1:A	CONSISTENT
occ:variable_declaration:2.0.1.0.0@var_body#lead-optional+comments	var-names	var_body	lead-optional+comments	admitted		B7b-1	empty-syntax-rejected	X=0:A;X=1:A	CONSISTENT
occ:variable_declaration:2.0.1.0.0@var_body#lead-optional+not	var-names	var_body	lead-optional+not	admitted		B7b-1	empty-syntax-rejected	X=0:A;X=1:A	CONSISTENT
occ:variable_declaration:2.0.1.0.0@var_body#nested	var-names	var_body	nested	admitted		B7b-1	empty-syntax-rejected	X=0,Y=0:A;X=0,Y=1:A;X=1,Y=0:A;X=1,Y=1:A	CONSISTENT
occ:variable_declaration:2.0.1.0.0@var_body#nested+comments	var-names	var_body	nested+comments	admitted		B7b-1	empty-syntax-rejected	X=0,Y=0:A;X=0,Y=1:A;X=1,Y=0:A;X=1,Y=1:A	CONSISTENT
occ:variable_declaration:2.0.1.0.0@var_body#nested+not	var-names	var_body	nested+not	admitted		B7b-1	empty-syntax-rejected	X=0,Y=0:A;X=0,Y=1:A;X=1,Y=0:A;X=1,Y=1:A	CONSISTENT
occ:variable_declaration:2.0.1.0.0@var_body#one-elem	var-names	var_body	one-elem	admitted		B7b-1	empty-syntax-rejected	X=0:A;X=1:A	CONSISTENT
occ:variable_declaration:2.0.1.0.0@var_body#one-elem+comments	var-names	var_body	one-elem+comments	admitted		B7b-1	empty-syntax-rejected	X=0:A;X=1:A	CONSISTENT
occ:variable_declaration:2.0.1.0.0@var_body#one-elem+not	var-names	var_body	one-elem+not	admitted		B7b-1	empty-syntax-rejected	X=0:A;X=1:A	CONSISTENT
occ:variable_declaration:2.0.1.0.0@var_body#sep-after	var-names	var_body	sep-after	admitted		B7b-1	empty-syntax-rejected	X=0:A;X=1:A	CONSISTENT
occ:variable_declaration:2.0.1.0.0@var_body#sep-after+comments	var-names	var_body	sep-after+comments	admitted		B7b-1	empty-syntax-rejected	X=0:A;X=1:A	CONSISTENT
occ:variable_declaration:2.0.1.0.0@var_body#sep-after+not	var-names	var_body	sep-after+not	admitted		B7b-1	empty-syntax-rejected	X=0:A;X=1:A	CONSISTENT
occ:variable_declaration:2.0.1.0.0@var_body#sep-before	var-names	var_body	sep-before	admitted		B7b-1	empty-syntax-rejected	X=0:A;X=1:A	CONSISTENT
occ:variable_declaration:2.0.1.0.0@var_body#sep-before+comments	var-names	var_body	sep-before+comments	admitted		B7b-1	empty-syntax-rejected	X=0:A;X=1:A	CONSISTENT
occ:variable_declaration:2.0.1.0.0@var_body#sep-before+not	var-names	var_body	sep-before+not	admitted		B7b-1	empty-syntax-rejected	X=0:A;X=1:A	CONSISTENT
occ:variable_declaration:2.0.1.0.0@var_body#sep-before-end	var-names	var_body	sep-before-end	admitted		B7b-1	empty-syntax-rejected	X=0:A;X=1:A	CONSISTENT
occ:variable_declaration:2.0.1.0.0@var_body#sep-before-end+comments	var-names	var_body	sep-before-end+comments	admitted		B7b-1	empty-syntax-rejected	X=0:A;X=1:A	CONSISTENT
occ:variable_declaration:2.0.1.0.0@var_body#sep-before-end+not	var-names	var_body	sep-before-end+not	admitted		B7b-1	empty-syntax-rejected	X=0:A;X=1:A	CONSISTENT
occ:variable_declaration:2.0.1.0.0@var_body#sep-only	var-names	var_body	sep-only	admitted		B7b-1	empty-syntax-rejected	X=0:A;X=1:A	CONSISTENT
occ:variable_declaration:2.0.1.0.0@var_body#sep-only+comments	var-names	var_body	sep-only+comments	admitted		B7b-1	empty-syntax-rejected	X=0:A;X=1:A	CONSISTENT
occ:variable_declaration:2.0.1.0.0@var_body#sep-only+not	var-names	var_body	sep-only+not	admitted		B7b-1	empty-syntax-rejected	X=0:A;X=1:A	CONSISTENT
occ:variable_declaration:2.0.1.0.0@var_body#trail	var-names	var_body	trail	admitted		B7b-1	empty-syntax-rejected	X=0:R;X=1:A	MIXED:X=0:REJECTED/syntax/over-accepts;X=1:CONSISTENT
occ:variable_declaration:2.0.1.0.0@var_body#trail+comments	var-names	var_body	trail+comments	admitted		B7b-1	empty-syntax-rejected	X=0:R;X=1:A	MIXED:X=0:REJECTED/syntax/over-accepts;X=1:CONSISTENT
occ:variable_declaration:2.0.1.0.0@var_body#trail+not	var-names	var_body	trail+not	admitted		B7b-1	empty-syntax-rejected	X=0:A;X=1:R	MIXED:X=0:CONSISTENT;X=1:REJECTED/syntax/over-accepts
seed:value-runs__b13-sorting-where	property-value	property	seed:value-runs__b13-sorting-where	excluded	the B13 sorting/where seed (a whole-value fragment run) stays B13 (spec 2)	B13	unknown	X=0:A;X=1:A	GAP
route:occ:field_list:1.0.0@addfirst_fieldgroup_modification	key-fields	addfirst_fieldgroup_modification	*	excluded	alc rejects `addfirst` in a tableextension fieldgroups section (AL0104, syntax; matrix "Not probed", no cells); the shared field_list rule may widen the existing over-acceptance: classify that effect, never count it as a fix. Task 6 measured: it does; addfirst now parses a #if group in its field list clean (test/corpus/strict_conditional_field_list_items_test.txt, "over-acceptance: addfirst with a group"), classified OVER-ACCEPTANCE (syntax; alc rejects every addfirst in fieldgroups), not a fix; its field list stays required	B7b-1	unknown		n/a
